"n_inc_costs_TOTAL_1yr","n_inc_costs_TOTAL_5yr","n_inc_costs_TOTAL_10yr","n_inc_costs_HEALTH_SECTOR_1yr","n_inc_costs_HEALTH_SECTOR_5yr","n_inc_costs_HEALTH_SECTOR_10yr","n_inc_qalys_TOTAL_1yr","n_inc_qalys_TOTAL_5yr","n_inc_qalys_TOTAL_10yr"
-15438.8399525853,NA,NA,-2695.52266630907,NA,NA,-0.248013010697808,NA,NA
-25665.3932620775,NA,NA,-3381.80502267376,NA,NA,-0.25726211549004,NA,NA
-18669.7848103228,NA,NA,-3096.10931615603,NA,NA,-0.242396187623591,NA,NA
-26036.3065085533,NA,NA,-3712.72194670337,NA,NA,-0.25746688180835,NA,NA
-22637.2668800532,NA,NA,-3084.6845736318,NA,NA,-0.288568323613808,NA,NA
-23688.6315269447,NA,NA,-2826.13164236072,NA,NA,-0.267427259101848,NA,NA
-21791.2850744501,NA,NA,-2606.18472571868,NA,NA,-0.238556627627931,NA,NA
-21473.8294530935,NA,NA,-3386.31340616789,NA,NA,-0.276253196407256,NA,NA
-10787.792183243,NA,NA,-2726.40704737259,NA,NA,-0.275361724143823,NA,NA
-9962.90217864458,NA,NA,-2955.59480877557,NA,NA,-0.272617576254172,NA,NA
-17477.1819436416,NA,NA,-3610.12864426049,NA,NA,-0.207475710778933,NA,NA
-33466.7803424749,NA,NA,-2898.10637096619,NA,NA,-0.288885688551212,NA,NA
-18971.5079848499,NA,NA,-3245.29717433549,NA,NA,-0.241371901344072,NA,NA
-27674.2570672809,NA,NA,-2834.3367580233,NA,NA,-0.265660123524556,NA,NA
-16766.3571005769,NA,NA,-3244.97836644121,NA,NA,-0.280113223267911,NA,NA
-18178.2542046106,NA,NA,-3844.76540201432,NA,NA,-0.251608008061176,NA,NA
-28636.8218082013,NA,NA,-2986.43353182046,NA,NA,-0.319166732797651,NA,NA
-18187.7065662697,NA,NA,-2570.10453637046,NA,NA,-0.22855911795164,NA,NA
-24102.0314331218,NA,NA,-2640.02836439129,NA,NA,-0.26379425580818,NA,NA
-19814.6206839831,NA,NA,-3860.25632727701,NA,NA,-0.219198421529961,NA,NA
-18436.0878715102,NA,NA,-2415.24616180272,NA,NA,-0.240602922836039,NA,NA
-26475.5306966272,NA,NA,-3139.42113028664,NA,NA,-0.275742074339962,NA,NA
-30094.9710281395,NA,NA,-3006.92517561725,NA,NA,-0.25981846261435,NA,NA
-20959.4958381694,NA,NA,-3685.67211674681,NA,NA,-0.290030876944096,NA,NA
-20328.9010957605,NA,NA,-3530.76421004263,NA,NA,-0.300998516899831,NA,NA
-17569.7607205126,NA,NA,-3190.45261319447,NA,NA,-0.194770122988448,NA,NA
-20001.4963355434,NA,NA,-3401.21796965192,NA,NA,-0.290264583764266,NA,NA
-24879.6524067596,NA,NA,-3679.83392342859,NA,NA,-0.247017705562119,NA,NA
-23330.6435703989,NA,NA,-3261.69274333101,NA,NA,-0.293423285740764,NA,NA
-26570.0662128317,NA,NA,-3026.8357630761,NA,NA,-0.27033770457163,NA,NA
-23487.451970325,NA,NA,-2824.13439495867,NA,NA,-0.254442533427982,NA,NA
-26252.2945695359,NA,NA,-3266.31711869591,NA,NA,-0.272109283024731,NA,NA
-25440.95955583,NA,NA,-3292.51803646281,NA,NA,-0.263160852179686,NA,NA
-28102.5121709101,NA,NA,-3058.37959430149,NA,NA,-0.186621297280204,NA,NA
-32369.1958627032,NA,NA,-3522.94339253329,NA,NA,-0.267334738646165,NA,NA
-24681.7531709162,NA,NA,-3846.50417863288,NA,NA,-0.274302614008977,NA,NA
-16417.2215478537,NA,NA,-2776.43741128315,NA,NA,-0.223214057203163,NA,NA
-15919.7569837808,NA,NA,-2733.6934246801,NA,NA,-0.270588106625624,NA,NA
-18112.1778936045,NA,NA,-3573.70245028952,NA,NA,-0.276268472843617,NA,NA
-24104.0111466228,NA,NA,-3543.64608168255,NA,NA,-0.221139205443004,NA,NA
-13099.4771122103,NA,NA,-3229.80758898836,NA,NA,-0.287973456997439,NA,NA
-17013.8123829979,NA,NA,-2947.40207669551,NA,NA,-0.27382853982786,NA,NA
-16979.8938609475,NA,NA,-2957.88198744298,NA,NA,-0.256984934450163,NA,NA
-21130.0758148591,NA,NA,-3132.61124683526,NA,NA,-0.245352960616598,NA,NA
-24079.7753651212,NA,NA,-3410.08861012513,NA,NA,-0.267227769033597,NA,NA
-15216.6664870537,NA,NA,-3365.30665920728,NA,NA,-0.28300728795941,NA,NA
-22442.2772440644,NA,NA,-3957.43951919748,NA,NA,-0.24817285567445,NA,NA
-34042.5919354023,NA,NA,-3398.97512060045,NA,NA,-0.26920502985593,NA,NA
-13643.7743902767,NA,NA,-2864.27700092495,NA,NA,-0.25194181402939,NA,NA
-19252.6076323078,NA,NA,-3784.87918175351,NA,NA,-0.280828466013175,NA,NA
-21270.2813716577,NA,NA,-3071.60539633581,NA,NA,-0.273923601593767,NA,NA
-33900.8308475394,NA,NA,-3046.51974091286,NA,NA,-0.235060620068854,NA,NA
-15925.47402661,NA,NA,-3088.52806599021,NA,NA,-0.23011384129925,NA,NA
-19081.4656318323,NA,NA,-3403.27495758046,NA,NA,-0.282043333361087,NA,NA
-26324.0016781186,NA,NA,-3489.07345033642,NA,NA,-0.214671009254207,NA,NA
-11350.5347438097,NA,NA,-3266.37566946594,NA,NA,-0.20424394165267,NA,NA
-18314.8954586031,NA,NA,-3473.34030181408,NA,NA,-0.277602842029205,NA,NA
-16265.9688517949,NA,NA,-3661.33511278462,NA,NA,-0.259265113165025,NA,NA
-19432.8461544973,NA,NA,-3110.50683964355,NA,NA,-0.263221437224006,NA,NA
-28231.6776667078,NA,NA,-3308.13998915412,NA,NA,-0.276172040593184,NA,NA
-20085.9557387778,NA,NA,-2691.03922061905,NA,NA,-0.241018565603718,NA,NA
-22066.159039438,NA,NA,-2814.18448199434,NA,NA,-0.257620577330725,NA,NA
-18547.5495200751,NA,NA,-3282.79799212131,NA,NA,-0.267060566473245,NA,NA
-23484.9221155738,NA,NA,-2532.43959884654,NA,NA,-0.217367330738603,NA,NA
-21256.7724431317,NA,NA,-2627.4925984143,NA,NA,-0.272479510202095,NA,NA
-22938.5939997176,NA,NA,-3703.02305010204,NA,NA,-0.228321325533286,NA,NA
-15068.1832610432,NA,NA,-3017.81747087582,NA,NA,-0.226746007154308,NA,NA
-17008.4885359897,NA,NA,-3010.7958009297,NA,NA,-0.267600309429596,NA,NA
-22541.5939927908,NA,NA,-3402.26623043449,NA,NA,-0.265200917777529,NA,NA
-19918.3299929934,NA,NA,-3132.3788842968,NA,NA,-0.296113575161224,NA,NA
-27071.773071947,NA,NA,-3785.68394945416,NA,NA,-0.291216617848739,NA,NA
-21037.9923939882,NA,NA,-3161.89418600022,NA,NA,-0.25674721565219,NA,NA
-17370.3221302876,NA,NA,-2985.09518400427,NA,NA,-0.234417646955182,NA,NA
-19757.9217619898,NA,NA,-3508.78433352388,NA,NA,-0.212003834909486,NA,NA
-17644.0241982512,NA,NA,-3547.03201771676,NA,NA,-0.274387001303916,NA,NA
-23444.5036441715,NA,NA,-3103.47512875349,NA,NA,-0.27030061154277,NA,NA
-16661.9006430029,NA,NA,-3456.83580735208,NA,NA,-0.300564409457353,NA,NA
-18302.490008336,NA,NA,-3252.02576059186,NA,NA,-0.246089291170695,NA,NA
-26295.2608496149,NA,NA,-3311.45301286923,NA,NA,-0.276158884207444,NA,NA
-27135.088389881,NA,NA,-2808.95470184593,NA,NA,-0.267501902320311,NA,NA
-19113.3385352,NA,NA,-3769.30479913255,NA,NA,-0.278638618986724,NA,NA
-21476.0774107868,NA,NA,-4242.01333341447,NA,NA,-0.297957891402993,NA,NA
-13861.1815747138,NA,NA,-2123.7726789727,NA,NA,-0.264287808173232,NA,NA
-19497.5375563798,NA,NA,-2849.01717380215,NA,NA,-0.26031867512643,NA,NA
-20993.2724981233,NA,NA,-3355.52296011804,NA,NA,-0.228689805478782,NA,NA
-19248.6094841544,NA,NA,-3825.80592618842,NA,NA,-0.288279664080449,NA,NA
-20934.6585570955,NA,NA,-3456.87046903499,NA,NA,-0.300495325712644,NA,NA
-22228.46865702,NA,NA,-2909.49942623977,NA,NA,-0.28723362280582,NA,NA
-22494.275847211,NA,NA,-3068.85575083917,NA,NA,-0.301529153149938,NA,NA
-14187.7352539501,NA,NA,-3089.68199522614,NA,NA,-0.228201371858935,NA,NA
-17458.5748017939,NA,NA,-2773.99882716165,NA,NA,-0.277952370644895,NA,NA
-22147.5200838821,NA,NA,-3507.19238218553,NA,NA,-0.285597721458697,NA,NA
-29107.9000280003,NA,NA,-2765.2911430317,NA,NA,-0.307750018838276,NA,NA
-13458.6364268971,NA,NA,-3055.87650861967,NA,NA,-0.303828741410618,NA,NA
-31067.8650315782,NA,NA,-2939.62272930689,NA,NA,-0.274847165921085,NA,NA
-14764.7747841919,NA,NA,-3557.08383836984,NA,NA,-0.238092532436461,NA,NA
-18094.74568246,NA,NA,-2974.75536317544,NA,NA,-0.276367828758232,NA,NA
-12780.880539549,NA,NA,-4038.53387084718,NA,NA,-0.200057216713428,NA,NA
-25730.0337831837,NA,NA,-2386.48747828266,NA,NA,-0.248699726387402,NA,NA
-20895.923276535,NA,NA,-3297.52523317385,NA,NA,-0.272217108877494,NA,NA
-19753.561958895,NA,NA,-2905.45785383198,NA,NA,-0.285930411014264,NA,NA
-16195.09824567,NA,NA,-2947.9639317861,NA,NA,-0.277253749765469,NA,NA
-12370.4446156172,NA,NA,-2970.51280810559,NA,NA,-0.226663402998063,NA,NA
-25429.0904935367,NA,NA,-3924.47199392421,NA,NA,-0.277313472449592,NA,NA
-17550.0196456109,NA,NA,-2907.28710825552,NA,NA,-0.30781991497105,NA,NA
-31364.4995280809,NA,NA,-3417.36912696254,NA,NA,-0.27319632394182,NA,NA
-38989.5306606136,NA,NA,-2956.76418282855,NA,NA,-0.292517777889621,NA,NA
-20266.0906629495,NA,NA,-3997.75309238765,NA,NA,-0.215120808228179,NA,NA
-16089.0548922399,NA,NA,-3133.6741159102,NA,NA,-0.275195533272631,NA,NA
-28627.75988631,NA,NA,-3051.87642412075,NA,NA,-0.281251157617358,NA,NA
-18941.4296701861,NA,NA,-3625.88102569887,NA,NA,-0.27300667397648,NA,NA
-25153.7871890973,NA,NA,-3437.89615357119,NA,NA,-0.255437094269598,NA,NA
-17462.2026304656,NA,NA,-2439.95179191046,NA,NA,-0.222481081162283,NA,NA
-28010.250476656,NA,NA,-3747.4451889134,NA,NA,-0.304152607346526,NA,NA
-20420.3323477767,NA,NA,-3234.08261600647,NA,NA,-0.319194898926037,NA,NA
-26777.0733614739,NA,NA,-2801.11914574117,NA,NA,-0.289630712861923,NA,NA
-16386.2121257409,NA,NA,-2737.92662113992,NA,NA,-0.280887132689174,NA,NA
-29928.8261880459,NA,NA,-3326.76826159378,NA,NA,-0.270096866376202,NA,NA
-20446.2779483229,NA,NA,-3283.93168570813,NA,NA,-0.249308012340048,NA,NA
-23904.5042040296,NA,NA,-3512.05027487059,NA,NA,-0.258152802000798,NA,NA
-29701.6250489145,NA,NA,-3187.21147625029,NA,NA,-0.267932961116638,NA,NA
-27170.9703559266,NA,NA,-3221.12243564889,NA,NA,-0.235497376399025,NA,NA
-19553.5777786073,NA,NA,-2772.66760061959,NA,NA,-0.251517469286422,NA,NA
-12605.1560924483,NA,NA,-2769.04985494052,NA,NA,-0.246294302533872,NA,NA
-15330.9307204563,NA,NA,-3338.67518006765,NA,NA,-0.254464668070798,NA,NA
-25504.9239657819,NA,NA,-3221.69108018083,NA,NA,-0.264504870150163,NA,NA
-16052.8099731268,NA,NA,-3296.34577061924,NA,NA,-0.238303554216377,NA,NA
-16985.7868462356,NA,NA,-2503.08000855802,NA,NA,-0.237784267574491,NA,NA
-14638.7117077235,NA,NA,-2804.3340225042,NA,NA,-0.260853556231206,NA,NA
-22361.0203214746,NA,NA,-3569.9090664195,NA,NA,-0.270617905092388,NA,NA
-18078.8183026074,NA,NA,-3337.2752274061,NA,NA,-0.223804850125654,NA,NA
-21146.2040541646,NA,NA,-3383.82868690241,NA,NA,-0.226811471017279,NA,NA
-25835.9273875466,NA,NA,-2954.53617948358,NA,NA,-0.26703073241053,NA,NA
-19411.4418393396,NA,NA,-3329.94463244093,NA,NA,-0.212389333541841,NA,NA
-13171.0091780337,NA,NA,-2761.82917423683,NA,NA,-0.242038813665526,NA,NA
-20410.4941268688,NA,NA,-2851.69045074614,NA,NA,-0.218443037549252,NA,NA
-29892.4253241934,NA,NA,-2874.9929294035,NA,NA,-0.23994549990142,NA,NA
-23270.2698891828,NA,NA,-3560.16592905979,NA,NA,-0.315030435541887,NA,NA
-25852.3159088515,NA,NA,-3657.82330609654,NA,NA,-0.239856491065529,NA,NA
-13507.6472416319,NA,NA,-3203.21844520609,NA,NA,-0.30137564155978,NA,NA
-28188.3030113065,NA,NA,-3055.24633629004,NA,NA,-0.267630419993701,NA,NA
-26623.1112100135,NA,NA,-3358.42163365497,NA,NA,-0.295424391545633,NA,NA
-18741.1371003698,NA,NA,-3281.02946164715,NA,NA,-0.264329049127542,NA,NA
-25844.6634930635,NA,NA,-2782.72108070487,NA,NA,-0.279454782073113,NA,NA
-14049.9718015226,NA,NA,-3447.9965957914,NA,NA,-0.243070678479327,NA,NA
-18222.6237061439,NA,NA,-3382.20363752528,NA,NA,-0.261591901823489,NA,NA
-15870.826099245,NA,NA,-2989.7890096453,NA,NA,-0.210261166346132,NA,NA
-17801.2069545251,NA,NA,-3081.4493115175,NA,NA,-0.258515568011637,NA,NA
-9276.7303032224,NA,NA,-3100.00253160575,NA,NA,-0.261519286936117,NA,NA
-29550.907946613,NA,NA,-3199.84472831351,NA,NA,-0.315947646375411,NA,NA
-18864.8938273887,NA,NA,-2839.38695413807,NA,NA,-0.23968488345253,NA,NA
-29491.1496200375,NA,NA,-3242.55943240702,NA,NA,-0.250386151654118,NA,NA
-31913.5800867189,NA,NA,-3467.62553700315,NA,NA,-0.275040410921423,NA,NA
-26333.629117886,NA,NA,-3195.32892492703,NA,NA,-0.299677033476843,NA,NA
-19295.6675930374,NA,NA,-3244.75836834124,NA,NA,-0.289342758172252,NA,NA
-36178.1852577841,NA,NA,-3728.47846109371,NA,NA,-0.270470710206894,NA,NA
-21940.1580943006,NA,NA,-3222.65811227633,NA,NA,-0.259143516893333,NA,NA
-16719.4694592093,NA,NA,-2819.09492173106,NA,NA,-0.287569196413271,NA,NA
-41011.6020243267,NA,NA,-2994.57487773898,NA,NA,-0.269804935451504,NA,NA
-19711.7916058196,NA,NA,-2680.15866835554,NA,NA,-0.268680835233303,NA,NA
-23343.7909921959,NA,NA,-3501.81980649255,NA,NA,-0.309531518489735,NA,NA
-24711.3147754853,NA,NA,-3263.8143760621,NA,NA,-0.298187128456214,NA,NA
-36193.2702307546,NA,NA,-2942.70311087242,NA,NA,-0.296304870155329,NA,NA
-16331.8639921549,NA,NA,-3157.73923986969,NA,NA,-0.270171105480858,NA,NA
-18611.0150257763,NA,NA,-3038.34278795453,NA,NA,-0.222902122582331,NA,NA
-19013.2028093735,NA,NA,-3072.64698772552,NA,NA,-0.302271824282738,NA,NA
-22375.674182263,NA,NA,-3161.05885193022,NA,NA,-0.275234595536714,NA,NA
-20699.533235475,NA,NA,-4100.85989429695,NA,NA,-0.241889204011407,NA,NA
-18963.2968625405,NA,NA,-3494.93642603277,NA,NA,-0.334991088116085,NA,NA
-19280.1357310538,NA,NA,-3493.05842950633,NA,NA,-0.275999003326945,NA,NA
-26037.0705607731,NA,NA,-2753.79812650457,NA,NA,-0.257641906422301,NA,NA
-27817.2860946594,NA,NA,-2875.45760382998,NA,NA,-0.284526015829816,NA,NA
-17665.5748149155,NA,NA,-2955.828318439,NA,NA,-0.25320512179301,NA,NA
-19061.0153334231,NA,NA,-3487.14236170156,NA,NA,-0.246459662722042,NA,NA
-28840.2240736178,NA,NA,-3091.28873355299,NA,NA,-0.279637144844605,NA,NA
-17233.0542409633,NA,NA,-3287.96976668586,NA,NA,-0.218956688524323,NA,NA
-17627.6551540087,NA,NA,-2233.74152416171,NA,NA,-0.216034917613651,NA,NA
-30666.4973735915,NA,NA,-3039.26029143084,NA,NA,-0.313353206562684,NA,NA
-14949.7135549939,NA,NA,-3032.43267481997,NA,NA,-0.273941986648833,NA,NA
-19478.7421545052,NA,NA,-3181.01931219552,NA,NA,-0.292174677891138,NA,NA
-17570.9760924047,NA,NA,-2758.91457240301,NA,NA,-0.276556765764442,NA,NA
-27364.7853955671,NA,NA,-3208.92502185973,NA,NA,-0.247009632514632,NA,NA
-28497.9520472805,NA,NA,-3397.94785849011,NA,NA,-0.297303154239197,NA,NA
-18335.0248431535,NA,NA,-3681.27586377705,NA,NA,-0.309367964413631,NA,NA
-18554.0390596238,NA,NA,-2638.69065231454,NA,NA,-0.279742558997649,NA,NA
-21997.6322180587,NA,NA,-3136.83489522074,NA,NA,-0.27178452600247,NA,NA
-16172.1864449696,NA,NA,-3400.5654112971,NA,NA,-0.31707822771826,NA,NA
-27925.9031212645,NA,NA,-3033.54427895884,NA,NA,-0.23677158831727,NA,NA
-27900.0520123868,NA,NA,-3465.72140018558,NA,NA,-0.266184854431475,NA,NA
-26625.4879935584,NA,NA,-3329.37242873451,NA,NA,-0.281312134035198,NA,NA
-23888.30238924,NA,NA,-3346.52879835819,NA,NA,-0.246844203012381,NA,NA
-25601.347437903,NA,NA,-2855.598700571,NA,NA,-0.302556709558808,NA,NA
-17173.4282637062,NA,NA,-2986.14125836941,NA,NA,-0.272466396577138,NA,NA
-18834.1824168493,NA,NA,-2749.74523704767,NA,NA,-0.228056328818588,NA,NA
-20157.6623076704,NA,NA,-2514.1047043301,NA,NA,-0.24365482605513,NA,NA
-18542.8736317305,NA,NA,-3025.43970488662,NA,NA,-0.25894330156655,NA,NA
-16015.266446533,NA,NA,-3401.07322269334,NA,NA,-0.241481125872925,NA,NA
-17497.7560554608,NA,NA,-2992.43795940594,NA,NA,-0.27085991686559,NA,NA
-32126.8351224742,NA,NA,-3589.14495778175,NA,NA,-0.309476157010911,NA,NA
-23932.3579133084,NA,NA,-2729.71089074509,NA,NA,-0.306794210738765,NA,NA
-17670.9453627351,NA,NA,-3166.83878885822,NA,NA,-0.294125633458118,NA,NA
-23858.4704001115,NA,NA,-2907.93335289879,NA,NA,-0.279843648439688,NA,NA
-26184.7824152653,NA,NA,-3443.22343225052,NA,NA,-0.252203508410998,NA,NA
-22913.6864732532,NA,NA,-2813.64110452806,NA,NA,-0.279390924988216,NA,NA
-27066.6434740297,NA,NA,-2980.24587468874,NA,NA,-0.284813045445295,NA,NA
-24590.1272719842,NA,NA,-3132.20974614164,NA,NA,-0.236882403343738,NA,NA
-24536.7689545708,NA,NA,-2744.24285161015,NA,NA,-0.233392403224318,NA,NA
-27980.0378603537,NA,NA,-4100.72666935485,NA,NA,-0.335170135342091,NA,NA
-25021.0066201505,NA,NA,-2323.88881947818,NA,NA,-0.286262194115434,NA,NA
-17002.9033226428,NA,NA,-3575.24411095133,NA,NA,-0.305584946989297,NA,NA
-23053.1984686308,NA,NA,-2855.54912098763,NA,NA,-0.233848277734389,NA,NA
-16780.7832096674,NA,NA,-2497.7363540567,NA,NA,-0.269761896069802,NA,NA
-21012.4649887816,NA,NA,-3361.11196226655,NA,NA,-0.270486027175742,NA,NA
-13543.8244162038,NA,NA,-3189.05858954281,NA,NA,-0.280815724549688,NA,NA
-21986.4442512607,NA,NA,-3137.99412669337,NA,NA,-0.245728053891467,NA,NA
-22602.1776276546,NA,NA,-3137.56195029069,NA,NA,-0.275842037191073,NA,NA
-26583.166066302,NA,NA,-2755.42501868792,NA,NA,-0.237325284773024,NA,NA
-17354.2809524571,NA,NA,-2906.40054839394,NA,NA,-0.291273163300355,NA,NA
-28711.365536122,NA,NA,-3233.18561087618,NA,NA,-0.255092295939615,NA,NA
-24373.7534258835,NA,NA,-2935.68816943762,NA,NA,-0.276261998175453,NA,NA
-18762.8063128776,NA,NA,-3553.27002747554,NA,NA,-0.260735839362415,NA,NA
-27313.7255654403,NA,NA,-2952.75295234536,NA,NA,-0.318808863948198,NA,NA
-22588.5961744037,NA,NA,-3132.59914867531,NA,NA,-0.203082608620182,NA,NA
-22500.8479682832,NA,NA,-3298.07940316731,NA,NA,-0.25495523387232,NA,NA
-21114.6660749597,NA,NA,-3229.96305760471,NA,NA,-0.27538705166618,NA,NA
-24818.2260010419,NA,NA,-3450.91847603643,NA,NA,-0.291223110193854,NA,NA
-18145.660831094,NA,NA,-3600.96723545641,NA,NA,-0.270909972347132,NA,NA
-12083.7137476195,NA,NA,-2615.04271387427,NA,NA,-0.247464267600033,NA,NA
-11450.6733491393,NA,NA,-2350.18843497715,NA,NA,-0.221757019956278,NA,NA
-24271.1043948827,NA,NA,-3262.63711592183,NA,NA,-0.25556689987864,NA,NA
-14941.0302762484,NA,NA,-3104.03660152695,NA,NA,-0.215901612900181,NA,NA
-45412.2555444626,NA,NA,-2701.29589138227,NA,NA,-0.259416706780431,NA,NA
-33765.83673935,NA,NA,-3048.83228794584,NA,NA,-0.261764448301324,NA,NA
-22307.4568478946,NA,NA,-3369.58398447761,NA,NA,-0.270012033873273,NA,NA
-25546.3658961648,NA,NA,-3737.67193394263,NA,NA,-0.272598447096508,NA,NA
-24736.3074853653,NA,NA,-3161.10937863934,NA,NA,-0.250430055587867,NA,NA
-19404.5097174921,NA,NA,-3831.97678361713,NA,NA,-0.302873130097945,NA,NA
-24254.9664376924,NA,NA,-3450.67282660683,NA,NA,-0.28790997782667,NA,NA
-13809.3703212671,NA,NA,-3028.71407036903,NA,NA,-0.174357623261565,NA,NA
-20191.4242518664,NA,NA,-3321.28333677469,NA,NA,-0.269237646095199,NA,NA
-24326.518762793,NA,NA,-2782.16376953818,NA,NA,-0.254372067489932,NA,NA
-14001.1155110499,NA,NA,-3349.61561880762,NA,NA,-0.266845836582099,NA,NA
-26961.3272198924,NA,NA,-3179.5369665567,NA,NA,-0.232242996166208,NA,NA
-17487.5088370057,NA,NA,-2977.41085203745,NA,NA,-0.276102464233412,NA,NA
-15459.2556348619,NA,NA,-3622.43853483503,NA,NA,-0.204193456045374,NA,NA
-21156.864000684,NA,NA,-3072.87125080734,NA,NA,-0.267790925586729,NA,NA
-24985.9426222133,NA,NA,-2892.81687311901,NA,NA,-0.24308593124593,NA,NA
-16301.9614133029,NA,NA,-3441.56571992491,NA,NA,-0.217957898132873,NA,NA
-17393.9443908208,NA,NA,-3386.1266279515,NA,NA,-0.273125378428545,NA,NA
-28409.0178004016,NA,NA,-2953.77756768782,NA,NA,-0.256141809488518,NA,NA
-30619.7077224596,NA,NA,-3003.68304935916,NA,NA,-0.279083552947531,NA,NA
-15733.6843778613,NA,NA,-2422.19627271444,NA,NA,-0.27727143951882,NA,NA
-10425.7606379055,NA,NA,-3091.21117249432,NA,NA,-0.228813611554676,NA,NA
-26290.8744482557,NA,NA,-3183.51855650335,NA,NA,-0.259510996084888,NA,NA
-25485.3941270879,NA,NA,-3054.21493280146,NA,NA,-0.267534342375122,NA,NA
-17922.6458415538,NA,NA,-3246.0787409723,NA,NA,-0.250310021061579,NA,NA
-31274.8581895703,NA,NA,-2685.51681116402,NA,NA,-0.287622807452118,NA,NA
-16282.2402739039,NA,NA,-3273.68283433425,NA,NA,-0.305692395000829,NA,NA
-28422.4549568416,NA,NA,-3359.540153081,NA,NA,-0.300819375264912,NA,NA
-19545.8951742287,NA,NA,-3293.84215529927,NA,NA,-0.206339017485756,NA,NA
-9168.27364170834,NA,NA,-2720.72100893556,NA,NA,-0.217289449714687,NA,NA
-16973.8001784512,NA,NA,-2735.33561039596,NA,NA,-0.270869331616552,NA,NA
-18148.6738580007,NA,NA,-2403.2588685157,NA,NA,-0.272163560327221,NA,NA
-19969.4072965313,NA,NA,-3374.41269227585,NA,NA,-0.201536766355864,NA,NA
-18532.829488284,NA,NA,-2747.56524477994,NA,NA,-0.257855540431864,NA,NA
-19129.9718692275,NA,NA,-3498.15311427634,NA,NA,-0.272637190067926,NA,NA
-19687.0426369516,NA,NA,-4001.65412381839,NA,NA,-0.320418601544165,NA,NA
-15843.9185260623,NA,NA,-2838.49276013209,NA,NA,-0.23114626555745,NA,NA
-25746.9312400204,NA,NA,-3065.43403974871,NA,NA,-0.28017456855346,NA,NA
-18776.5117526123,NA,NA,-3411.53734441214,NA,NA,-0.29999116786047,NA,NA
-21176.6085485358,NA,NA,-2667.95277983098,NA,NA,-0.289145200828119,NA,NA
-23893.0934479052,NA,NA,-2910.52723204832,NA,NA,-0.305155370400006,NA,NA
-19020.3913420869,NA,NA,-3205.34752316535,NA,NA,-0.285003708484444,NA,NA
-16172.9684897473,NA,NA,-2760.65215069936,NA,NA,-0.23629038418244,NA,NA
-18737.3520957723,NA,NA,-3499.8341022525,NA,NA,-0.244342105076846,NA,NA
-21755.7644345478,NA,NA,-3462.53501127988,NA,NA,-0.251333669194795,NA,NA
-15696.287286485,NA,NA,-3716.88233793324,NA,NA,-0.240440980561323,NA,NA
-23851.0873038714,NA,NA,-2922.01970714732,NA,NA,-0.310860075056324,NA,NA
-18871.0510061602,NA,NA,-3054.209062869,NA,NA,-0.249209660266047,NA,NA
-16954.768213344,NA,NA,-3803.17963143655,NA,NA,-0.293706107297509,NA,NA
-17399.6218966314,NA,NA,-3134.0030132442,NA,NA,-0.256603368042623,NA,NA
-22114.6240362671,NA,NA,-3985.06703822667,NA,NA,-0.238598441927697,NA,NA
-21241.6749079526,NA,NA,-3529.85451864713,NA,NA,-0.266989440963065,NA,NA
-16491.6728804414,NA,NA,-3338.23743124792,NA,NA,-0.267115881448357,NA,NA
-36089.4152387166,NA,NA,-3303.84859601581,NA,NA,-0.282492986092974,NA,NA
-20328.8232607095,NA,NA,-3233.88877815459,NA,NA,-0.222973977771937,NA,NA
-23426.3968487245,NA,NA,-3554.35647490509,NA,NA,-0.268336115389767,NA,NA
-19892.9904442569,NA,NA,-2696.08053319396,NA,NA,-0.241482067149138,NA,NA
-21417.0187032928,NA,NA,-2916.76792113558,NA,NA,-0.314873990030149,NA,NA
-10355.4725206189,NA,NA,-2456.21221677881,NA,NA,-0.218937005594459,NA,NA
-13477.808808769,NA,NA,-3832.62594520875,NA,NA,-0.228106516063377,NA,NA
-18652.9539055897,NA,NA,-3277.95395309611,NA,NA,-0.287560087552147,NA,NA
-22509.7844830165,NA,NA,-3095.55542812665,NA,NA,-0.277694853183622,NA,NA
-18587.8397083855,NA,NA,-2756.95075494821,NA,NA,-0.260591520287369,NA,NA
-14699.081420891,NA,NA,-3131.02135011596,NA,NA,-0.212671539482486,NA,NA
-34599.4843839164,NA,NA,-3550.49746687832,NA,NA,-0.299252566969796,NA,NA
-24232.8458117519,NA,NA,-3975.54231308446,NA,NA,-0.30465315322886,NA,NA
-17395.8379669014,NA,NA,-3244.9196124817,NA,NA,-0.272169144083584,NA,NA
-12667.089383761,NA,NA,-2599.627211587,NA,NA,-0.24821542256232,NA,NA
-20306.3559837478,NA,NA,-2984.30026937302,NA,NA,-0.297742314314269,NA,NA
-18546.7019837204,NA,NA,-2964.97078694288,NA,NA,-0.249717233383504,NA,NA
-29239.1195507316,NA,NA,-3153.13704903695,NA,NA,-0.302464206222538,NA,NA
-20144.4693786097,NA,NA,-2582.51728995769,NA,NA,-0.283050738536961,NA,NA
-7204.66265036455,NA,NA,-2949.88096070984,NA,NA,-0.230036187464414,NA,NA
-19907.1554933052,NA,NA,-3886.06288085564,NA,NA,-0.312392313930687,NA,NA
-17472.1691736203,NA,NA,-3090.21002620773,NA,NA,-0.322660306836655,NA,NA
-21696.6431695914,NA,NA,-2695.06262288284,NA,NA,-0.25027730339192,NA,NA
-25417.6546538126,NA,NA,-4002.57602047442,NA,NA,-0.277496160317815,NA,NA
-21316.5938167105,NA,NA,-2913.33696616014,NA,NA,-0.268835442283132,NA,NA
-22457.8295204504,NA,NA,-2597.83697662998,NA,NA,-0.27420589748441,NA,NA
-16650.3132856907,NA,NA,-3168.71400962818,NA,NA,-0.234434889129655,NA,NA
-32591.1048171856,NA,NA,-2943.77727947682,NA,NA,-0.301775826086339,NA,NA
-25289.6326442835,NA,NA,-3179.06953046699,NA,NA,-0.250947842578752,NA,NA
-25961.3044524014,NA,NA,-3199.38995049337,NA,NA,-0.290395949994221,NA,NA
-10958.9421531663,NA,NA,-2364.5141564975,NA,NA,-0.205556726546086,NA,NA
-34717.6463166909,NA,NA,-3603.03688925873,NA,NA,-0.262317529346179,NA,NA
-21188.3182782808,NA,NA,-3113.4923921621,NA,NA,-0.227564799685695,NA,NA
-26005.1258200349,NA,NA,-3679.59549429845,NA,NA,-0.304290000602745,NA,NA
-16388.7544588547,NA,NA,-3044.74484446295,NA,NA,-0.28577360359027,NA,NA
-18025.7091919693,NA,NA,-2727.34395286381,NA,NA,-0.209671782923954,NA,NA
-11186.3752662769,NA,NA,-3144.99064666303,NA,NA,-0.236830027210175,NA,NA
-23626.134687462,NA,NA,-3346.68551302892,NA,NA,-0.264028789978901,NA,NA
-18593.0338458591,NA,NA,-3007.99491707733,NA,NA,-0.263559429445918,NA,NA
-27780.6749370914,NA,NA,-3202.13475025319,NA,NA,-0.224431942305409,NA,NA
-18398.8788845846,NA,NA,-2645.86697272326,NA,NA,-0.230144884671894,NA,NA
-18968.664363867,NA,NA,-2796.5074987565,NA,NA,-0.205748324202846,NA,NA
-21790.4095611359,NA,NA,-2574.24029876725,NA,NA,-0.291781752520981,NA,NA
-16398.8948586983,NA,NA,-3123.49609535238,NA,NA,-0.199280878287527,NA,NA
-17241.9831231511,NA,NA,-2370.11372536322,NA,NA,-0.289824177735455,NA,NA
-21195.6587159658,NA,NA,-2235.89297511275,NA,NA,-0.248112733593456,NA,NA
-18998.764269225,NA,NA,-3177.28898864124,NA,NA,-0.191048572409649,NA,NA
-18017.822142688,NA,NA,-2477.02165435092,NA,NA,-0.279036259719661,NA,NA
-25774.4446669299,NA,NA,-2849.07043857383,NA,NA,-0.279375659341065,NA,NA
-19666.1748181548,NA,NA,-3490.71837885269,NA,NA,-0.254116914527843,NA,NA
-22591.7898049612,NA,NA,-3460.39384718097,NA,NA,-0.229383836613361,NA,NA
-38398.2079685961,NA,NA,-3010.07498852896,NA,NA,-0.272694314729002,NA,NA
-21375.2535612783,NA,NA,-2886.11561426184,NA,NA,-0.2410906394022,NA,NA
-19598.1781438355,NA,NA,-3582.08807340386,NA,NA,-0.228426990287128,NA,NA
-18653.4460700049,NA,NA,-3003.07860523375,NA,NA,-0.251751650913756,NA,NA
-26833.5680236445,NA,NA,-2803.67721435859,NA,NA,-0.313121401542793,NA,NA
-23564.5226248036,NA,NA,-3381.04283681949,NA,NA,-0.282450635911408,NA,NA
-19336.1284067544,NA,NA,-3695.2717228595,NA,NA,-0.33600861424358,NA,NA
-22504.725229094,NA,NA,-2696.76366329971,NA,NA,-0.274157322011018,NA,NA
-20349.2080122333,NA,NA,-2882.22994853799,NA,NA,-0.299954666649721,NA,NA
-16391.0609539363,NA,NA,-3370.45470578955,NA,NA,-0.232861912356411,NA,NA
-19294.4370872877,NA,NA,-2944.31798194858,NA,NA,-0.30846694148028,NA,NA
-29752.9773330666,NA,NA,-2631.26270030686,NA,NA,-0.288128137131108,NA,NA
-37218.1991042736,NA,NA,-3078.91529414685,NA,NA,-0.311674722429443,NA,NA
-9041.78011841663,NA,NA,-2737.31265581466,NA,NA,-0.214069454768237,NA,NA
-18878.4602132026,NA,NA,-3140.70706026103,NA,NA,-0.266510680063971,NA,NA
-23012.5423871613,NA,NA,-3052.71919187231,NA,NA,-0.259564898156549,NA,NA
-27169.7594996928,NA,NA,-3047.92112572879,NA,NA,-0.300124689909603,NA,NA
-33472.4934073882,NA,NA,-3620.58357483499,NA,NA,-0.267025284319901,NA,NA
-14876.2310830025,NA,NA,-3133.66556794068,NA,NA,-0.285257532467019,NA,NA
-27746.6751728191,NA,NA,-3244.39373065497,NA,NA,-0.264797412589447,NA,NA
-19447.9147693492,NA,NA,-3284.8042088449,NA,NA,-0.246431912211559,NA,NA
-10413.1961878535,NA,NA,-3241.70321322137,NA,NA,-0.252248709210807,NA,NA
-16908.6784931199,NA,NA,-3007.81159963078,NA,NA,-0.248440702740256,NA,NA
-14109.0511934967,NA,NA,-2591.63905324984,NA,NA,-0.25143325377366,NA,NA
-24480.8332247443,NA,NA,-3235.80025080004,NA,NA,-0.294300985984063,NA,NA
-18758.9313063663,NA,NA,-2884.21721533066,NA,NA,-0.278705756689796,NA,NA
-14322.3830466523,NA,NA,-2639.17518220879,NA,NA,-0.250355043394957,NA,NA
-21844.4455261179,NA,NA,-3338.3253113317,NA,NA,-0.273962739678924,NA,NA
-21978.4581691074,NA,NA,-2577.7035675586,NA,NA,-0.227877065040014,NA,NA
-35559.68001268,NA,NA,-3635.71440767097,NA,NA,-0.284288789594661,NA,NA
-24100.1657114832,NA,NA,-3575.10041732214,NA,NA,-0.260451838676384,NA,NA
-20496.007582199,NA,NA,-3564.18496882532,NA,NA,-0.26749700030038,NA,NA
-24234.0463470315,NA,NA,-2567.4844783388,NA,NA,-0.228861648417208,NA,NA
-26474.8066890533,NA,NA,-2499.22007175813,NA,NA,-0.256508526707968,NA,NA
-20509.9114766983,NA,NA,-2807.09120309256,NA,NA,-0.247639476765135,NA,NA
-15139.4367971828,NA,NA,-3559.99172597251,NA,NA,-0.251483820981031,NA,NA
-17060.1647439599,NA,NA,-3094.01190558428,NA,NA,-0.229679659943979,NA,NA
-16486.9797475205,NA,NA,-3674.53214638264,NA,NA,-0.25997702567572,NA,NA
-29053.1678648565,NA,NA,-3691.04843425357,NA,NA,-0.246879607581064,NA,NA
-23420.1997933794,NA,NA,-3188.66612625631,NA,NA,-0.250228615027853,NA,NA
-19622.4885876307,NA,NA,-3047.63278442529,NA,NA,-0.285521264633125,NA,NA
-15552.1702406994,NA,NA,-2949.02264511343,NA,NA,-0.241443232006433,NA,NA
-25889.1138165258,NA,NA,-3856.67244784093,NA,NA,-0.261116408733723,NA,NA
-14316.1435959628,NA,NA,-3818.64284882229,NA,NA,-0.321621809797743,NA,NA
-25429.653647044,NA,NA,-2268.59889894751,NA,NA,-0.259488700297627,NA,NA
-27433.2588819311,NA,NA,-2830.34151707729,NA,NA,-0.283097785098613,NA,NA
-12348.4974981657,NA,NA,-3580.8488450108,NA,NA,-0.209190711123966,NA,NA
-21435.8850260769,NA,NA,-3480.35971554716,NA,NA,-0.211539601818014,NA,NA
-16792.1059922002,NA,NA,-2649.91379872728,NA,NA,-0.221052076496153,NA,NA
-28361.1054602771,NA,NA,-3810.16840468168,NA,NA,-0.295470699698534,NA,NA
-17867.1259518051,NA,NA,-3043.79645461454,NA,NA,-0.273461304739042,NA,NA
-13693.2271380188,NA,NA,-3737.38940206196,NA,NA,-0.234576038190957,NA,NA
-17885.1569564832,NA,NA,-2663.34132646661,NA,NA,-0.23163771042813,NA,NA
-14865.6674078294,NA,NA,-3292.78154587757,NA,NA,-0.272410393109624,NA,NA
-14787.6373329756,NA,NA,-3081.16653682523,NA,NA,-0.303663171620641,NA,NA
-25884.0056444564,NA,NA,-3053.87775569091,NA,NA,-0.263564507045652,NA,NA
-25319.5807621842,NA,NA,-3369.44523141016,NA,NA,-0.258664125725102,NA,NA
-23049.5402745017,NA,NA,-3499.35580387272,NA,NA,-0.285085969684916,NA,NA
-19874.972193059,NA,NA,-3810.86728738053,NA,NA,-0.256380526173964,NA,NA
-23878.0668748078,NA,NA,-3160.89534887797,NA,NA,-0.315711808188519,NA,NA
-23848.7555623856,NA,NA,-3632.52071897382,NA,NA,-0.228542515018124,NA,NA
-26105.5252073809,NA,NA,-3453.64468450495,NA,NA,-0.300967918813954,NA,NA
-11520.9980831717,NA,NA,-3613.83532473903,NA,NA,-0.255039509342534,NA,NA
-19892.0314078183,NA,NA,-3611.25538543075,NA,NA,-0.345113560938725,NA,NA
-31353.2649966811,NA,NA,-2523.03521384513,NA,NA,-0.256763296045817,NA,NA
-15522.7410224998,NA,NA,-2677.47837461274,NA,NA,-0.239560521698545,NA,NA
-20127.3076787702,NA,NA,-3340.36153103444,NA,NA,-0.275071957431348,NA,NA
-17012.8684163169,NA,NA,-3011.09446046787,NA,NA,-0.238516738858861,NA,NA
-17406.4937701463,NA,NA,-3337.25721957422,NA,NA,-0.320016414812739,NA,NA
-16683.7220959258,NA,NA,-3626.80951426273,NA,NA,-0.289857188458975,NA,NA
-29082.3472750686,NA,NA,-3043.22035138758,NA,NA,-0.239058367816318,NA,NA
-23001.4843636811,NA,NA,-3517.95406920485,NA,NA,-0.238428196618948,NA,NA
-23189.553432609,NA,NA,-3915.47216036324,NA,NA,-0.221072679774208,NA,NA
-22912.3868792564,NA,NA,-3556.6090594289,NA,NA,-0.248593179631443,NA,NA
-31765.7760416007,NA,NA,-3140.24000035498,NA,NA,-0.312829764401236,NA,NA
-21020.7366122677,NA,NA,-2897.9436606582,NA,NA,-0.246835086433535,NA,NA
-18403.872687646,NA,NA,-2889.23646306886,NA,NA,-0.249734122872976,NA,NA
-13323.5243216869,NA,NA,-2387.14831365148,NA,NA,-0.210111685812917,NA,NA
-26577.5218566665,NA,NA,-2799.27989641458,NA,NA,-0.254890316864752,NA,NA
-10705.8285173982,NA,NA,-2966.84173878134,NA,NA,-0.244185458197198,NA,NA
-14485.1688598251,NA,NA,-3064.66151285245,NA,NA,-0.255961931950656,NA,NA
-13993.6120923454,NA,NA,-2969.93673369103,NA,NA,-0.251731482188161,NA,NA
-18124.0776036367,NA,NA,-2841.31111270226,NA,NA,-0.293740007752923,NA,NA
-29391.4981709792,NA,NA,-2424.12761964598,NA,NA,-0.257604174507052,NA,NA
-25429.9394796363,NA,NA,-2721.57883656227,NA,NA,-0.277864159553669,NA,NA
-21811.6510553861,NA,NA,-2295.11176278332,NA,NA,-0.230999021958286,NA,NA
-20709.9466319446,NA,NA,-2806.75438944896,NA,NA,-0.250588795320256,NA,NA
-28317.8320353286,NA,NA,-2965.07048533799,NA,NA,-0.253396699896642,NA,NA
-29560.1048408139,NA,NA,-2937.00490546368,NA,NA,-0.272170428401627,NA,NA
-28738.8628102224,NA,NA,-3472.91560768026,NA,NA,-0.262842076216743,NA,NA
-13173.3454348593,NA,NA,-2762.65292902774,NA,NA,-0.23710163468802,NA,NA
-25874.6349220957,NA,NA,-2966.21003173962,NA,NA,-0.257516301899795,NA,NA
-20552.1161738578,NA,NA,-3368.54313657096,NA,NA,-0.245132639110233,NA,NA
-21454.2005365439,NA,NA,-3036.75718243625,NA,NA,-0.289620030686781,NA,NA
-16205.9574172481,NA,NA,-3227.1168867237,NA,NA,-0.228985585795898,NA,NA
-27491.2043878952,NA,NA,-2730.45119944399,NA,NA,-0.266218744794672,NA,NA
-19823.7548989706,NA,NA,-2659.73168383263,NA,NA,-0.265352056614527,NA,NA
-21882.3086618065,NA,NA,-3503.54270327543,NA,NA,-0.265343396248602,NA,NA
-22252.0859035648,NA,NA,-3279.42588597097,NA,NA,-0.291415016378502,NA,NA
-23992.0659056362,NA,NA,-2718.15062184691,NA,NA,-0.247957446213793,NA,NA
-17007.9508496127,NA,NA,-3084.22475066123,NA,NA,-0.243907696052326,NA,NA
-27300.184305082,NA,NA,-2828.75035586351,NA,NA,-0.272775392770464,NA,NA
-12703.6300920824,NA,NA,-3078.56721329614,NA,NA,-0.266040477634061,NA,NA
-33642.699906024,NA,NA,-2600.99157481566,NA,NA,-0.261588654191284,NA,NA
-13571.5862792272,NA,NA,-2868.54027917456,NA,NA,-0.264013684072291,NA,NA
-19499.1653872415,NA,NA,-2921.67060424812,NA,NA,-0.249113318732574,NA,NA
-20405.5040786383,NA,NA,-3013.28536448232,NA,NA,-0.281275822916403,NA,NA
-18786.3137577908,NA,NA,-3682.25016538105,NA,NA,-0.301402315798731,NA,NA
-17360.5002685059,NA,NA,-2733.88183589799,NA,NA,-0.249441191280191,NA,NA
-29294.8781177488,NA,NA,-2951.81661701592,NA,NA,-0.286135366121703,NA,NA
-21084.5730264703,NA,NA,-3090.89135371333,NA,NA,-0.242659581252398,NA,NA
-21378.8926326336,NA,NA,-3328.20063182797,NA,NA,-0.210044198065861,NA,NA
-13650.5190103638,NA,NA,-2784.60110967598,NA,NA,-0.222575131239211,NA,NA
-17925.9496739936,NA,NA,-3207.27746235957,NA,NA,-0.229777226591246,NA,NA
-20676.523032387,NA,NA,-3024.15818758402,NA,NA,-0.286146929805004,NA,NA
-16951.0977757811,NA,NA,-2600.77165724744,NA,NA,-0.238146898975684,NA,NA
-32519.6599826651,NA,NA,-2365.65218079835,NA,NA,-0.284411418400675,NA,NA
-19974.9169590342,NA,NA,-2856.66866081036,NA,NA,-0.2494648554584,NA,NA
-17711.6002070495,NA,NA,-2553.24455953247,NA,NA,-0.217684938933962,NA,NA
-21266.6580680599,NA,NA,-3432.60664133965,NA,NA,-0.194976136956937,NA,NA
-17445.2179429237,NA,NA,-2656.26644870083,NA,NA,-0.255365110551428,NA,NA
-17976.9010771862,NA,NA,-3143.52758650219,NA,NA,-0.230758306054819,NA,NA
-17181.8968641426,NA,NA,-3059.04205966787,NA,NA,-0.228489574584101,NA,NA
-19147.3487302486,NA,NA,-2748.05939492192,NA,NA,-0.236552240349486,NA,NA
-23500.6410290845,NA,NA,-3556.71744324508,NA,NA,-0.258071619756678,NA,NA
-26324.124964274,NA,NA,-2220.79709783499,NA,NA,-0.233966285448682,NA,NA
-14360.1390710794,NA,NA,-3259.85139149354,NA,NA,-0.219424540268407,NA,NA
-14060.0384503699,NA,NA,-2858.58519262257,NA,NA,-0.269284627393219,NA,NA
-27676.9075842074,NA,NA,-3051.103547806,NA,NA,-0.190946186905742,NA,NA
-23542.9063707627,NA,NA,-3184.7112118647,NA,NA,-0.202740209061762,NA,NA
-19487.6752572447,NA,NA,-3681.09093334107,NA,NA,-0.302131454536032,NA,NA
-13624.984637081,NA,NA,-2900.0733449704,NA,NA,-0.230055457034816,NA,NA
-20107.8620468924,NA,NA,-2832.76155066846,NA,NA,-0.279301092480813,NA,NA
-24378.9357255182,NA,NA,-2917.00431534059,NA,NA,-0.261201228714389,NA,NA
-32438.8480936497,NA,NA,-3002.35062336681,NA,NA,-0.256495435753165,NA,NA
-30684.0581993376,NA,NA,-3618.95919341701,NA,NA,-0.286258197789891,NA,NA
-19563.9246081307,NA,NA,-3562.82419825009,NA,NA,-0.265690482252498,NA,NA
-19055.0523365299,NA,NA,-2505.1249258651,NA,NA,-0.259460096944042,NA,NA
-23550.1027722141,NA,NA,-2733.37850156405,NA,NA,-0.233328871901776,NA,NA
-19710.2758913898,NA,NA,-2903.82160188514,NA,NA,-0.230161670949011,NA,NA
-17088.3131133354,NA,NA,-3054.43396787617,NA,NA,-0.254952201340785,NA,NA
-20851.4840671397,NA,NA,-3291.36986349256,NA,NA,-0.233711102727932,NA,NA
-20999.0814865933,NA,NA,-2590.44388334974,NA,NA,-0.230738359169871,NA,NA
-13079.2248375807,NA,NA,-3189.23694197581,NA,NA,-0.268540463603967,NA,NA
-23263.4891202538,NA,NA,-3221.33681272131,NA,NA,-0.270800949706845,NA,NA
-19070.4757871377,NA,NA,-3547.9743054732,NA,NA,-0.285888435196478,NA,NA
-13685.8284023619,NA,NA,-3203.09862445244,NA,NA,-0.243800747597107,NA,NA
-22238.2827764068,NA,NA,-2522.29989602325,NA,NA,-0.286169345785628,NA,NA
-16682.2796390031,NA,NA,-3127.73380994983,NA,NA,-0.295913050179772,NA,NA
-15534.0975857603,NA,NA,-3111.15607890038,NA,NA,-0.277204313266468,NA,NA
-30105.0354802468,NA,NA,-2784.07025827751,NA,NA,-0.250022493389268,NA,NA
-22289.0330400435,NA,NA,-3652.04766320783,NA,NA,-0.245168565111492,NA,NA
-27472.2108169359,NA,NA,-2871.77009340985,NA,NA,-0.276100330234179,NA,NA
-18338.9499153043,NA,NA,-3357.50144392182,NA,NA,-0.306727407223458,NA,NA
-21752.4978348114,NA,NA,-3033.05604248145,NA,NA,-0.235502312887651,NA,NA
-14647.002726513,NA,NA,-3480.9394030715,NA,NA,-0.279834820575411,NA,NA
-12637.8164091,NA,NA,-2850.23703440473,NA,NA,-0.239591362783241,NA,NA
-31580.1862699252,NA,NA,-2680.71243733658,NA,NA,-0.241117447664592,NA,NA
-22213.3295306193,NA,NA,-3104.2725692715,NA,NA,-0.256461723354586,NA,NA
-24555.107888082,NA,NA,-2919.38456645125,NA,NA,-0.247509339025461,NA,NA
-15827.3283060972,NA,NA,-2412.60530211432,NA,NA,-0.22991890841475,NA,NA
-19897.9924698861,NA,NA,-3221.72475034962,NA,NA,-0.313389203657261,NA,NA
-18522.5864147753,NA,NA,-3413.62273799801,NA,NA,-0.248354005083234,NA,NA
-18799.6352454508,NA,NA,-3294.95689085355,NA,NA,-0.257484218090928,NA,NA
-23759.8597482162,NA,NA,-3291.30650381134,NA,NA,-0.307885972154281,NA,NA
-15163.007102086,NA,NA,-3343.40385681307,NA,NA,-0.215607352058466,NA,NA
-20421.1675271116,NA,NA,-3704.1654865985,NA,NA,-0.245940625399355,NA,NA
-22613.3474381462,NA,NA,-2912.8560650792,NA,NA,-0.237181987493523,NA,NA
-29989.874271754,NA,NA,-3424.14730907518,NA,NA,-0.262155544527581,NA,NA
-31887.9989529074,NA,NA,-3388.2755798068,NA,NA,-0.28097545932392,NA,NA
-20286.8518538571,NA,NA,-3455.36252699907,NA,NA,-0.296199815170166,NA,NA
-31308.2318093293,NA,NA,-2885.42864074446,NA,NA,-0.33113941444827,NA,NA
-18225.6638044072,NA,NA,-3505.86599823606,NA,NA,-0.26566753037838,NA,NA
-31290.3019271822,NA,NA,-3139.97652838211,NA,NA,-0.253241343728406,NA,NA
-22418.4071960361,NA,NA,-3325.26611257289,NA,NA,-0.269026073363594,NA,NA
-24205.6152212653,NA,NA,-2796.48246065032,NA,NA,-0.253740702209248,NA,NA
-31692.4855678837,NA,NA,-2630.62013268705,NA,NA,-0.258881362565882,NA,NA
-8075.62272510364,NA,NA,-3236.66749181508,NA,NA,-0.24308305148069,NA,NA
-18818.0268973579,NA,NA,-3207.90320769238,NA,NA,-0.271217731769385,NA,NA
-15340.99906865,NA,NA,-3311.29665051616,NA,NA,-0.273052993435831,NA,NA
-17063.0704081401,NA,NA,-2781.81275855755,NA,NA,-0.297532009627539,NA,NA
-15798.6962171431,NA,NA,-2799.84554156088,NA,NA,-0.247141192612497,NA,NA
-17530.6317092018,NA,NA,-3306.83606838407,NA,NA,-0.247692420572768,NA,NA
-20568.414366522,NA,NA,-2794.66645115932,NA,NA,-0.299585965895377,NA,NA
-22923.5993722446,NA,NA,-2451.85444314895,NA,NA,-0.212583603706043,NA,NA
-30466.0868788941,NA,NA,-3236.08945609342,NA,NA,-0.282237714142891,NA,NA
-24052.7946366311,NA,NA,-3570.45272217434,NA,NA,-0.251163959000661,NA,NA
-23963.7110878339,NA,NA,-2992.39219915385,NA,NA,-0.264339284595485,NA,NA
-26565.9453762684,NA,NA,-3300.04140039935,NA,NA,-0.306742797004907,NA,NA
-21541.7257953731,NA,NA,-3072.05143083029,NA,NA,-0.262697814760906,NA,NA
-23263.879906917,NA,NA,-3352.32096776651,NA,NA,-0.258895439949965,NA,NA
-23709.944890586,NA,NA,-3310.7052563823,NA,NA,-0.238655528460502,NA,NA
-13583.1448824332,NA,NA,-2714.02022485907,NA,NA,-0.252765821839916,NA,NA
-23033.588247124,NA,NA,-3417.55708379883,NA,NA,-0.280941968844989,NA,NA
-13394.4468085592,NA,NA,-2937.89272255707,NA,NA,-0.241499636666614,NA,NA
-28795.2036795494,NA,NA,-3042.51132786818,NA,NA,-0.210509825765758,NA,NA
-20855.6826110326,NA,NA,-3314.68080297784,NA,NA,-0.259757580256052,NA,NA
-18444.0881749448,NA,NA,-2891.79693752441,NA,NA,-0.281315072634447,NA,NA
-20294.6415988547,NA,NA,-3250.38757439494,NA,NA,-0.272971059169006,NA,NA
-21768.8214887443,NA,NA,-3006.75293812605,NA,NA,-0.280024214546162,NA,NA
-28224.7789474566,NA,NA,-3252.88854111068,NA,NA,-0.293189267198444,NA,NA
-18909.8898554022,NA,NA,-2979.12249480786,NA,NA,-0.254281773823041,NA,NA
-23977.0950853908,NA,NA,-2934.84911855281,NA,NA,-0.302380123726113,NA,NA
-24278.9070060517,NA,NA,-3066.35829481839,NA,NA,-0.282496345020457,NA,NA
-21421.6344642281,NA,NA,-2676.66709669129,NA,NA,-0.269507392174894,NA,NA
-18783.8802925661,NA,NA,-2774.36769899284,NA,NA,-0.219607183875593,NA,NA
-19306.981329033,NA,NA,-3493.1355080772,NA,NA,-0.239745410744789,NA,NA
-14958.5603578386,NA,NA,-3507.20626905587,NA,NA,-0.275084495782511,NA,NA
-20050.720019859,NA,NA,-3100.69582312278,NA,NA,-0.246624413337429,NA,NA
-27410.7171758355,NA,NA,-3186.96249971534,NA,NA,-0.246039424989824,NA,NA
-22013.7210902171,NA,NA,-4033.284072601,NA,NA,-0.192863265299031,NA,NA
-15804.6997623916,NA,NA,-3267.0551092112,NA,NA,-0.195851497279341,NA,NA
-17067.3908346479,NA,NA,-2744.48152948198,NA,NA,-0.257686960139721,NA,NA
-29966.0048084337,NA,NA,-3294.24841750297,NA,NA,-0.299879677343338,NA,NA
-18975.0561262911,NA,NA,-3244.45291573817,NA,NA,-0.251833339056299,NA,NA
-18583.6345241822,NA,NA,-4122.37549879802,NA,NA,-0.242656767252564,NA,NA
-29186.8345723878,NA,NA,-2724.0516626055,NA,NA,-0.271568983046251,NA,NA
-13315.6861856039,NA,NA,-3653.1057465125,NA,NA,-0.245458140547951,NA,NA
-36441.8930176215,NA,NA,-3346.84608864457,NA,NA,-0.291466674841909,NA,NA
-16411.0669931178,NA,NA,-2607.13413730128,NA,NA,-0.27561880437123,NA,NA
-14947.6015867001,NA,NA,-3095.03043653661,NA,NA,-0.273774145622913,NA,NA
-14369.8102487165,NA,NA,-2654.02919568597,NA,NA,-0.210417514142702,NA,NA
-23856.417904744,NA,NA,-2831.10518576448,NA,NA,-0.261051884482221,NA,NA
-9168.07111684812,NA,NA,-3147.46316055311,NA,NA,-0.246982616106853,NA,NA
-20905.2371033608,NA,NA,-3342.42200972211,NA,NA,-0.256434141540387,NA,NA
-15207.3367857201,NA,NA,-3557.44859819166,NA,NA,-0.234418178442269,NA,NA
-11699.3102762171,NA,NA,-3120.32555489998,NA,NA,-0.239954686049374,NA,NA
-22623.2926307898,NA,NA,-2758.84931980559,NA,NA,-0.281915958662717,NA,NA
-29396.0378469315,NA,NA,-2473.3968788617,NA,NA,-0.273590314012764,NA,NA
-14659.0415533985,NA,NA,-2689.73077484173,NA,NA,-0.25352618708189,NA,NA
-22923.1367338722,NA,NA,-2878.16815106454,NA,NA,-0.243560654680571,NA,NA
-19953.9179285646,NA,NA,-2919.7360026981,NA,NA,-0.267123660033045,NA,NA
-17164.0209374266,NA,NA,-3378.58361653104,NA,NA,-0.263773766528008,NA,NA
-16694.8364426085,NA,NA,-2875.91812564927,NA,NA,-0.233145244959412,NA,NA
-17713.7814973721,NA,NA,-2823.20950145168,NA,NA,-0.23018593260822,NA,NA
-25109.8556122729,NA,NA,-3356.00347721863,NA,NA,-0.191996936411877,NA,NA
-21912.7930875768,NA,NA,-2577.88877441314,NA,NA,-0.257876029835072,NA,NA
-20612.3253949597,NA,NA,-3559.35661132914,NA,NA,-0.292866013275496,NA,NA
-34216.7348684362,NA,NA,-3493.78519618923,NA,NA,-0.305141559355574,NA,NA
-17341.3590788016,NA,NA,-2825.79911332725,NA,NA,-0.269328372486924,NA,NA
-19666.0607038333,NA,NA,-3126.30665312492,NA,NA,-0.276181480378302,NA,NA
-21323.9910540294,NA,NA,-2726.28376478755,NA,NA,-0.260330064580006,NA,NA
-13909.0923164752,NA,NA,-2226.05616610793,NA,NA,-0.223039965159531,NA,NA
-25264.6244053621,NA,NA,-3805.80515637187,NA,NA,-0.305120916154096,NA,NA
-23281.0204124714,NA,NA,-2599.1548317949,NA,NA,-0.245927818351255,NA,NA
-15376.4462304808,NA,NA,-3059.71393325018,NA,NA,-0.26693735819982,NA,NA
-24763.2933871256,NA,NA,-2878.32545689481,NA,NA,-0.271691108042732,NA,NA
-16688.8561534018,NA,NA,-2876.58886052075,NA,NA,-0.229232605375779,NA,NA
-33988.5948109344,NA,NA,-3426.98839692906,NA,NA,-0.218035752697355,NA,NA
-28267.1267051105,NA,NA,-2808.0485277603,NA,NA,-0.312548327765174,NA,NA
-10632.5507853474,NA,NA,-3124.37282868821,NA,NA,-0.22793661994491,NA,NA
-21695.6303600499,NA,NA,-3476.24008977537,NA,NA,-0.35014037720634,NA,NA
-37220.9533307715,NA,NA,-3535.40606585401,NA,NA,-0.301968142590352,NA,NA
-19582.8790512579,NA,NA,-3619.59701716517,NA,NA,-0.263107302614883,NA,NA
-27409.5497333761,NA,NA,-3695.62320301855,NA,NA,-0.309507474441764,NA,NA
-22108.059165399,NA,NA,-2604.47521863808,NA,NA,-0.256090543887409,NA,NA
-31832.683325116,NA,NA,-2659.61794715571,NA,NA,-0.249440510285515,NA,NA
-24992.1040861518,NA,NA,-3481.58897338089,NA,NA,-0.269392443962714,NA,NA
-23246.7947120145,NA,NA,-3845.4091351488,NA,NA,-0.187001763863668,NA,NA
-11813.3432553633,NA,NA,-4062.2153012882,NA,NA,-0.272056112862167,NA,NA
-24167.2610351434,NA,NA,-2777.36236421468,NA,NA,-0.276415980394918,NA,NA
-25103.2766397725,NA,NA,-2605.58286472325,NA,NA,-0.284274317251092,NA,NA
-36481.0101811956,NA,NA,-3545.37572233211,NA,NA,-0.248582453352691,NA,NA
-13206.898144377,NA,NA,-2510.50755684103,NA,NA,-0.197444041292616,NA,NA
-30415.3030031731,NA,NA,-2823.46537157867,NA,NA,-0.289195297294519,NA,NA
-19950.3867037999,NA,NA,-3248.65342251935,NA,NA,-0.217540611028696,NA,NA
-18976.9180119874,NA,NA,-3663.57362098176,NA,NA,-0.251103664585589,NA,NA
-19084.2922813831,NA,NA,-3221.93249254831,NA,NA,-0.277498074412309,NA,NA
-17438.3634488429,NA,NA,-2906.0033257111,NA,NA,-0.288037598584888,NA,NA
-22670.8808749314,NA,NA,-2933.17604593983,NA,NA,-0.234148075650644,NA,NA
-11297.2142383923,NA,NA,-3275.59017484374,NA,NA,-0.271361960444954,NA,NA
-19474.8209384065,NA,NA,-2812.84549521087,NA,NA,-0.285711846980153,NA,NA
-18367.0937353911,NA,NA,-3044.82229641457,NA,NA,-0.309267564174714,NA,NA
-18257.933038329,NA,NA,-2967.86672751811,NA,NA,-0.279068744266118,NA,NA
-21981.2212288774,NA,NA,-3164.99897799166,NA,NA,-0.244105555665045,NA,NA
-22138.762327048,NA,NA,-3244.073715431,NA,NA,-0.250517254460742,NA,NA
-22162.3405588293,NA,NA,-3356.68306895461,NA,NA,-0.257050189939944,NA,NA
-14629.9429931053,NA,NA,-3235.27668221635,NA,NA,-0.253455906326448,NA,NA
-17646.1664302726,NA,NA,-3756.35066491413,NA,NA,-0.227289070301206,NA,NA
-29330.1667388051,NA,NA,-3595.67508957488,NA,NA,-0.271466158519742,NA,NA
-12940.3238727879,NA,NA,-3366.5546246032,NA,NA,-0.244703540579089,NA,NA
-21585.8399361863,NA,NA,-3376.01543967332,NA,NA,-0.250107364764268,NA,NA
-14525.793235691,NA,NA,-2266.41965601644,NA,NA,-0.258823077191368,NA,NA
-16637.0017112448,NA,NA,-3095.85831549119,NA,NA,-0.258312950426102,NA,NA
-23494.9286432316,NA,NA,-2916.39584367111,NA,NA,-0.220659658839607,NA,NA
-24368.1780173091,NA,NA,-3726.56830199365,NA,NA,-0.286398575768562,NA,NA
-20832.2696225128,NA,NA,-3216.48571660753,NA,NA,-0.206146739791246,NA,NA
-19942.8476539667,NA,NA,-3285.1171627229,NA,NA,-0.270949493399856,NA,NA
-20540.3990960288,NA,NA,-2317.40828954575,NA,NA,-0.283192781680474,NA,NA
-26748.8235028237,NA,NA,-2966.97071625688,NA,NA,-0.229526913001252,NA,NA
-18123.1649742305,NA,NA,-3307.64169768811,NA,NA,-0.246826410596005,NA,NA
-13397.2344701573,NA,NA,-2825.91219103488,NA,NA,-0.265610278753468,NA,NA
-13620.2398454621,NA,NA,-3412.3184533252,NA,NA,-0.230572758779816,NA,NA
-29184.4602388954,NA,NA,-3576.57799718678,NA,NA,-0.244639775458753,NA,NA
-12746.7931273946,NA,NA,-3153.73700952626,NA,NA,-0.287316055636243,NA,NA
-16037.438015619,NA,NA,-3333.89098653256,NA,NA,-0.260274840865716,NA,NA
-31814.5919105832,NA,NA,-3006.84068080277,NA,NA,-0.295640956464678,NA,NA
-27008.1513681994,NA,NA,-3267.47755615266,NA,NA,-0.26158831293683,NA,NA
-19870.1730219532,NA,NA,-3022.94601747911,NA,NA,-0.288491444760824,NA,NA
-16892.8901020449,NA,NA,-3026.4902271976,NA,NA,-0.163297778891477,NA,NA
-15986.1172387363,NA,NA,-3478.05005401439,NA,NA,-0.238749186575751,NA,NA
-24889.6195389574,NA,NA,-2926.86631225114,NA,NA,-0.241147668061953,NA,NA
-31061.5222885258,NA,NA,-3196.07807026349,NA,NA,-0.254330110203519,NA,NA
-7624.71003938828,NA,NA,-2909.30510162332,NA,NA,-0.271138171694562,NA,NA
-28395.1641708119,NA,NA,-3100.95881337214,NA,NA,-0.300074219376948,NA,NA
-23714.9897685469,NA,NA,-2680.86166797409,NA,NA,-0.23076812320888,NA,NA
-22189.6734954311,NA,NA,-3097.47271240481,NA,NA,-0.26726960201081,NA,NA
-10366.4087605096,NA,NA,-2801.27546877009,NA,NA,-0.26628880042456,NA,NA
-22818.5621268403,NA,NA,-3056.80691034251,NA,NA,-0.258348338887435,NA,NA
-12902.842414718,NA,NA,-3560.71466415095,NA,NA,-0.216927316003834,NA,NA
-29257.4359416452,NA,NA,-3045.56844332338,NA,NA,-0.255424320336745,NA,NA
-21706.7742315316,NA,NA,-2661.68394524808,NA,NA,-0.246041840221649,NA,NA
-14428.1817380837,NA,NA,-2789.15902711426,NA,NA,-0.214430917469044,NA,NA
-13406.3565421593,NA,NA,-3806.73359701945,NA,NA,-0.321599521232127,NA,NA
-30266.9908388007,NA,NA,-3429.88610659211,NA,NA,-0.233205069811339,NA,NA
-16697.8356888796,NA,NA,-3735.33109781224,NA,NA,-0.226077470055414,NA,NA
-21084.7771529441,NA,NA,-3184.76656946157,NA,NA,-0.233045123856603,NA,NA
-23149.4619964922,NA,NA,-2608.96071283317,NA,NA,-0.226819374663347,NA,NA
-21463.4805418065,NA,NA,-3091.20810220343,NA,NA,-0.236411878390991,NA,NA
-13496.7852934035,NA,NA,-2894.07185758536,NA,NA,-0.285413508588056,NA,NA
-11063.7192376921,NA,NA,-2590.41074162814,NA,NA,-0.219902919756088,NA,NA
-27835.2318943214,NA,NA,-3142.6078565649,NA,NA,-0.243118245702897,NA,NA
-16932.0776655561,NA,NA,-2936.71191200941,NA,NA,-0.275222837605089,NA,NA
-39200.339342345,NA,NA,-2699.84450145548,NA,NA,-0.276474892718188,NA,NA
-22609.3409152998,NA,NA,-3015.01182895599,NA,NA,-0.230565961909113,NA,NA
-25538.2066727429,NA,NA,-3347.12095325293,NA,NA,-0.244549304633811,NA,NA
-15555.1736332882,NA,NA,-2912.71114619086,NA,NA,-0.259370555046619,NA,NA
-26056.796248227,NA,NA,-2650.62212127337,NA,NA,-0.225324864667142,NA,NA
-23872.5014063535,NA,NA,-3399.49883504445,NA,NA,-0.27474227587895,NA,NA
-16658.9865330612,NA,NA,-3563.54365039445,NA,NA,-0.264370963985572,NA,NA
-23949.4049999803,NA,NA,-3039.51396609517,NA,NA,-0.302403005399124,NA,NA
-22268.0719462289,NA,NA,-3354.93710345707,NA,NA,-0.311166954368369,NA,NA
-27627.1560515802,NA,NA,-2813.44073368885,NA,NA,-0.288467557998091,NA,NA
-22030.1129897271,NA,NA,-3449.68792219299,NA,NA,-0.283996923836871,NA,NA
-16744.6234285525,NA,NA,-3784.26651126,NA,NA,-0.256719628496559,NA,NA
-35279.8184398354,NA,NA,-3932.53197928024,NA,NA,-0.295040476615663,NA,NA
-17727.2845640342,NA,NA,-2733.24059143067,NA,NA,-0.234247263886956,NA,NA
-14167.9185362417,NA,NA,-3285.47530606975,NA,NA,-0.243249729517223,NA,NA
-14684.4524953769,NA,NA,-3032.61792845865,NA,NA,-0.237084581391196,NA,NA
-24809.5580944686,NA,NA,-3082.99443911169,NA,NA,-0.29990905264294,NA,NA
-15747.9617956188,NA,NA,-3284.51513485184,NA,NA,-0.255343445904468,NA,NA
-23955.1532748218,NA,NA,-3784.60241685127,NA,NA,-0.269526159537601,NA,NA
-28195.2744350646,NA,NA,-4069.47535362219,NA,NA,-0.254640359993357,NA,NA
-15766.6932366193,NA,NA,-3240.50790687614,NA,NA,-0.260455912931269,NA,NA
-14161.4976195483,NA,NA,-2760.79940500776,NA,NA,-0.22389390269015,NA,NA
-21894.4175947636,NA,NA,-3226.31607898377,NA,NA,-0.268625497283961,NA,NA
-20670.8136384065,NA,NA,-2476.33530142299,NA,NA,-0.247690349954098,NA,NA
-19588.1398943575,NA,NA,-3593.06637423343,NA,NA,-0.248345677683397,NA,NA
-32435.4594570971,NA,NA,-3352.34706150309,NA,NA,-0.303441516330084,NA,NA
-19155.0830657925,NA,NA,-3506.60988341216,NA,NA,-0.277387688450618,NA,NA
-23995.8729103494,NA,NA,-2757.35512950954,NA,NA,-0.295560255469827,NA,NA
-21292.9319006742,NA,NA,-3539.83868030208,NA,NA,-0.213636286441413,NA,NA
-18406.820737933,NA,NA,-2910.47827399295,NA,NA,-0.281880510264212,NA,NA
-19558.3157036573,NA,NA,-4403.0534515015,NA,NA,-0.224826457787945,NA,NA
-15726.2138019713,NA,NA,-3037.53015374272,NA,NA,-0.268949994311314,NA,NA
-18728.1746719111,NA,NA,-2645.79720412003,NA,NA,-0.266602886533404,NA,NA
-28971.107811382,NA,NA,-2681.61101576658,NA,NA,-0.277966867077639,NA,NA
-32242.3514326039,NA,NA,-3460.17527123875,NA,NA,-0.253312523054958,NA,NA
-20944.7187916163,NA,NA,-3033.04155888208,NA,NA,-0.277617939152396,NA,NA
-24556.5798437238,NA,NA,-2994.09184932984,NA,NA,-0.226052606216344,NA,NA
-11507.6708972882,NA,NA,-2696.57653932789,NA,NA,-0.254891919347784,NA,NA
-27514.6025024394,NA,NA,-3366.17562344918,NA,NA,-0.215673229663314,NA,NA
-30900.520620068,NA,NA,-3529.3801663315,NA,NA,-0.237113790972439,NA,NA
-32894.7455856481,NA,NA,-3254.96178715386,NA,NA,-0.321438245870272,NA,NA
-29702.2985390759,NA,NA,-2848.91835162899,NA,NA,-0.302547508248427,NA,NA
-22141.1084597974,NA,NA,-2822.58079543237,NA,NA,-0.292452125750885,NA,NA
-13427.3636625234,NA,NA,-2517.18776895359,NA,NA,-0.240928505096024,NA,NA
-12929.104283702,NA,NA,-3356.80540220638,NA,NA,-0.253602315965348,NA,NA
-22684.6907700391,NA,NA,-3064.27963792694,NA,NA,-0.25952602201565,NA,NA
-24428.66605315,NA,NA,-3001.1219095907,NA,NA,-0.247863337202654,NA,NA
-14210.1611940983,NA,NA,-3448.55498056491,NA,NA,-0.295873235607384,NA,NA
-23929.9483483473,NA,NA,-3262.33156782284,NA,NA,-0.28182098718785,NA,NA
-25829.1378527691,NA,NA,-3779.02978655751,NA,NA,-0.264211747785048,NA,NA
-27561.7051359438,NA,NA,-2846.06030619572,NA,NA,-0.266976609200806,NA,NA
-11186.0404849191,NA,NA,-2953.29320954561,NA,NA,-0.192743772127589,NA,NA
-14410.279242598,NA,NA,-2710.02854823845,NA,NA,-0.247718613955882,NA,NA
-11826.2231144439,NA,NA,-2957.34312284735,NA,NA,-0.250279113811592,NA,NA
-16061.7593776323,NA,NA,-3375.45284480223,NA,NA,-0.25619560102859,NA,NA
-16084.8628894321,NA,NA,-3068.80969558705,NA,NA,-0.260396727144703,NA,NA
-28875.6848721484,NA,NA,-3516.58996664885,NA,NA,-0.284550958190008,NA,NA
-20360.4610003392,NA,NA,-3635.52630874246,NA,NA,-0.266764842444593,NA,NA
-24129.2842271049,NA,NA,-2665.60386236351,NA,NA,-0.263577042294419,NA,NA
-17251.5844269445,NA,NA,-2653.85805043723,NA,NA,-0.222125387664219,NA,NA
-21233.127748095,NA,NA,-3466.52140328728,NA,NA,-0.285137008364591,NA,NA
-20432.9016070752,NA,NA,-3403.17234606552,NA,NA,-0.256065470470764,NA,NA
-15279.2604096913,NA,NA,-2698.13648355773,NA,NA,-0.246807804397267,NA,NA
-15118.0757876467,NA,NA,-3045.89978362887,NA,NA,-0.264314415714214,NA,NA
-24223.0592116162,NA,NA,-3020.3420989421,NA,NA,-0.27057204721422,NA,NA
-12656.3113618607,NA,NA,-3332.86987236839,NA,NA,-0.203477177077273,NA,NA
-13578.860849889,NA,NA,-3283.5216715346,NA,NA,-0.243432295125938,NA,NA
-23519.6420697218,NA,NA,-2838.49371232307,NA,NA,-0.273603981545005,NA,NA
-24080.9042724035,NA,NA,-3159.40140173034,NA,NA,-0.273964988831906,NA,NA
-23002.383451948,NA,NA,-3446.37013917876,NA,NA,-0.335369504151758,NA,NA
-20378.3368976656,NA,NA,-3840.78385995366,NA,NA,-0.285169113686276,NA,NA
-23469.5329920477,NA,NA,-3021.63607607877,NA,NA,-0.300978012547852,NA,NA
-16817.7083975245,NA,NA,-3519.60008038879,NA,NA,-0.261308233231147,NA,NA
-26389.1709674929,NA,NA,-2437.08137487284,NA,NA,-0.244642460572944,NA,NA
-28229.7233757699,NA,NA,-2679.05759405497,NA,NA,-0.286243380448579,NA,NA
-14040.2283112183,NA,NA,-3529.35678806515,NA,NA,-0.279386954296347,NA,NA
-19862.9330105704,NA,NA,-3342.03297463765,NA,NA,-0.267258462244065,NA,NA
-11975.0056106289,NA,NA,-3831.56058751045,NA,NA,-0.178823843183687,NA,NA
-14139.0662930714,NA,NA,-3258.77083515543,NA,NA,-0.24713915661741,NA,NA
-17691.7424171219,NA,NA,-2993.54363887769,NA,NA,-0.250216716224797,NA,NA
-16581.9113683414,NA,NA,-3741.51202931153,NA,NA,-0.24807073883649,NA,NA
-19569.3878833804,NA,NA,-3240.13878820138,NA,NA,-0.28873574617661,NA,NA
-17485.1163026368,NA,NA,-3123.80882104766,NA,NA,-0.247131188609743,NA,NA
-22952.231802962,NA,NA,-2926.29992241837,NA,NA,-0.261824142634892,NA,NA
-28086.064095074,NA,NA,-2958.79961084358,NA,NA,-0.268485461962282,NA,NA
-13605.2045677529,NA,NA,-2789.50419354723,NA,NA,-0.249398001853171,NA,NA
-26055.2873553473,NA,NA,-3789.68512174206,NA,NA,-0.247983389741393,NA,NA
-19840.4686827486,NA,NA,-3440.99322830356,NA,NA,-0.245455774787223,NA,NA
-14387.7032932411,NA,NA,-2672.50288363509,NA,NA,-0.259713115455658,NA,NA
-15515.7740577365,NA,NA,-3316.56439697037,NA,NA,-0.265213619690609,NA,NA
-22637.9222782882,NA,NA,-3161.79627179925,NA,NA,-0.284271889523571,NA,NA
-20869.9881487254,NA,NA,-3485.4227596424,NA,NA,-0.29024588355671,NA,NA
-25227.439461207,NA,NA,-3871.01510202848,NA,NA,-0.239836547959176,NA,NA
-18871.4871873397,NA,NA,-3177.94501748606,NA,NA,-0.274650415907486,NA,NA
-17215.4962817216,NA,NA,-2679.40017793517,NA,NA,-0.257829510998007,NA,NA
-25678.2157450526,NA,NA,-2982.97387352894,NA,NA,-0.278397164981581,NA,NA
-22960.5706303753,NA,NA,-3799.20015825282,NA,NA,-0.249357877245875,NA,NA
-21136.1162624985,NA,NA,-3333.60868868255,NA,NA,-0.277879667344375,NA,NA
-26746.4322693684,NA,NA,-3208.87203827621,NA,NA,-0.298066380324668,NA,NA
-13298.945067271,NA,NA,-3728.34704595888,NA,NA,-0.217969604569286,NA,NA
-18216.9238068255,NA,NA,-2720.68063114643,NA,NA,-0.246210629378903,NA,NA
-21943.8276566556,NA,NA,-3217.62117666302,NA,NA,-0.266318202401831,NA,NA
-26440.4039224445,NA,NA,-3198.43125545483,NA,NA,-0.283871687438938,NA,NA
-25536.2190193487,NA,NA,-3572.14768171797,NA,NA,-0.275111777555871,NA,NA
-18401.0933431634,NA,NA,-3337.87939258597,NA,NA,-0.196604725153066,NA,NA
-29032.484325077,NA,NA,-2829.09737539412,NA,NA,-0.274721410272755,NA,NA
-16689.0272915616,NA,NA,-3565.34155163574,NA,NA,-0.23531040474141,NA,NA
-31586.365044336,NA,NA,-3139.87100204882,NA,NA,-0.303660169790557,NA,NA
-21266.5172312068,NA,NA,-2488.13054976841,NA,NA,-0.212189103238491,NA,NA
-7262.8637088724,NA,NA,-2843.69628367672,NA,NA,-0.221159776719542,NA,NA
-16992.3042990982,NA,NA,-3775.73116841042,NA,NA,-0.268460136583091,NA,NA
-23719.7074448097,NA,NA,-2668.33045042958,NA,NA,-0.256304866224757,NA,NA
-24947.8978508491,NA,NA,-3835.52690080832,NA,NA,-0.261372451168521,NA,NA
-27966.8546312184,NA,NA,-3476.2163075852,NA,NA,-0.278648123711415,NA,NA
-24970.6714871685,NA,NA,-3580.80950226064,NA,NA,-0.277423653833928,NA,NA
-37524.2773370654,NA,NA,-3548.0172689922,NA,NA,-0.321013449895568,NA,NA
-23653.3585414131,NA,NA,-3417.22854385245,NA,NA,-0.226776250700355,NA,NA
-24418.2287195491,NA,NA,-2852.16874831536,NA,NA,-0.234067734730926,NA,NA
-18754.5165525311,NA,NA,-3144.07080016422,NA,NA,-0.252183278556915,NA,NA
-15920.9301304006,NA,NA,-3377.47091130393,NA,NA,-0.305295590276431,NA,NA
-21625.039163089,NA,NA,-3510.87823866238,NA,NA,-0.259636862044798,NA,NA
-19601.4552914247,NA,NA,-3270.80889561288,NA,NA,-0.240978215354945,NA,NA
-27745.9815654603,NA,NA,-3274.07760134539,NA,NA,-0.236674007431462,NA,NA
-19946.9785875584,NA,NA,-2796.1718777004,NA,NA,-0.292643662378779,NA,NA
-32130.8586792482,NA,NA,-3048.90551963224,NA,NA,-0.245326577455895,NA,NA
-13248.867291617,NA,NA,-3111.68343706469,NA,NA,-0.240743186627233,NA,NA
-22005.3346395766,NA,NA,-2840.79943800564,NA,NA,-0.256815002618794,NA,NA
-19525.4065480807,NA,NA,-2897.84452380708,NA,NA,-0.24002158334084,NA,NA
-9119.96185021194,NA,NA,-2577.68549787152,NA,NA,-0.21399864525399,NA,NA
-14676.7978679743,NA,NA,-3457.4645379447,NA,NA,-0.251661963228591,NA,NA
-13810.5718255165,NA,NA,-2821.61525859356,NA,NA,-0.292590635291396,NA,NA
-16070.3117436149,NA,NA,-3670.78731077101,NA,NA,-0.254527192332658,NA,NA
-17001.9354574492,NA,NA,-2738.62715614625,NA,NA,-0.213097831546737,NA,NA
-23236.8564598706,NA,NA,-3643.18328388294,NA,NA,-0.236373030110536,NA,NA
-22597.3840248278,NA,NA,-3235.15103969708,NA,NA,-0.270784893536672,NA,NA
-23046.844576717,NA,NA,-3741.43678449368,NA,NA,-0.329642016059153,NA,NA
-22812.2231029894,NA,NA,-3394.98890174376,NA,NA,-0.281746420636027,NA,NA
-25978.9890851502,NA,NA,-3612.73731352146,NA,NA,-0.286176898716603,NA,NA
-17853.025245887,NA,NA,-3626.96387911712,NA,NA,-0.262004448738263,NA,NA
-25031.8435104599,NA,NA,-3519.12770693361,NA,NA,-0.26286988437481,NA,NA
-23343.9390041901,NA,NA,-3369.2194991218,NA,NA,-0.261048608162623,NA,NA
-22739.2824328178,NA,NA,-3541.53446381616,NA,NA,-0.287674724605688,NA,NA
-10515.3640063955,NA,NA,-3397.70498754103,NA,NA,-0.2561716119078,NA,NA
-16049.0571904903,NA,NA,-3190.49953589242,NA,NA,-0.301238764820329,NA,NA
-16061.1431767744,NA,NA,-3531.05527733996,NA,NA,-0.246294100708733,NA,NA
-15746.363698294,NA,NA,-3201.55388921891,NA,NA,-0.234070457813069,NA,NA
-28014.7098185568,NA,NA,-2465.55173112442,NA,NA,-0.22863260510163,NA,NA
-19831.7341906038,NA,NA,-3349.17712439519,NA,NA,-0.300500329817555,NA,NA
-32184.1693425093,NA,NA,-3300.65870105481,NA,NA,-0.228753376723004,NA,NA
-23624.4167835992,NA,NA,-2610.10635669809,NA,NA,-0.238320612528971,NA,NA
-24457.9170294949,NA,NA,-2993.03741893046,NA,NA,-0.3135627358222,NA,NA
-29655.6502142772,NA,NA,-3203.69746313933,NA,NA,-0.267623542398103,NA,NA
-22835.3553925926,NA,NA,-3920.98290217541,NA,NA,-0.270820621793143,NA,NA
-15468.5379326944,NA,NA,-2951.21201562814,NA,NA,-0.25588166465878,NA,NA
-23342.6364379971,NA,NA,-3264.24371560495,NA,NA,-0.263532144357285,NA,NA
-29187.9395161824,NA,NA,-3211.78016905993,NA,NA,-0.17964558406211,NA,NA
-14445.3606725182,NA,NA,-3405.9522159568,NA,NA,-0.279784380936812,NA,NA
-19857.5285113618,NA,NA,-3317.23521661433,NA,NA,-0.267343809354208,NA,NA
-12120.1432773989,NA,NA,-2958.64353873162,NA,NA,-0.248612573046727,NA,NA
-16322.0041156261,NA,NA,-3404.7422813648,NA,NA,-0.277991791505541,NA,NA
-19029.3665430739,NA,NA,-2888.04911580543,NA,NA,-0.270796309336099,NA,NA
-16586.0502277983,NA,NA,-3258.80870705546,NA,NA,-0.249604841209668,NA,NA
-19116.1116989996,NA,NA,-3456.69678755634,NA,NA,-0.335855833878847,NA,NA
-26279.317416044,NA,NA,-2974.12415663541,NA,NA,-0.240777168504569,NA,NA
-33562.6710942613,NA,NA,-2967.745342125,NA,NA,-0.287904058880029,NA,NA
-17988.0870072484,NA,NA,-3357.89717003954,NA,NA,-0.278518941767649,NA,NA
-22894.4681635019,NA,NA,-3273.6243556026,NA,NA,-0.24767168527122,NA,NA
-19346.4019742987,NA,NA,-2739.64695433968,NA,NA,-0.220729232287508,NA,NA
-19626.4087658654,NA,NA,-2915.3139839314,NA,NA,-0.236256345997873,NA,NA
-24143.3405257182,NA,NA,-2954.16309179938,NA,NA,-0.317657909115898,NA,NA
-30092.0757194182,NA,NA,-2819.57616162344,NA,NA,-0.254558097457361,NA,NA
-23491.7432015529,NA,NA,-3349.28287780813,NA,NA,-0.238014963357114,NA,NA
-17955.1681682266,NA,NA,-2723.32175542919,NA,NA,-0.275494432880012,NA,NA
-16969.35444861,NA,NA,-3068.34033664198,NA,NA,-0.282203049981043,NA,NA
-25357.3109477489,NA,NA,-3214.53199249121,NA,NA,-0.295673287520288,NA,NA
-16063.0053293864,NA,NA,-3145.10848686519,NA,NA,-0.287642914341602,NA,NA
-18522.6498246641,NA,NA,-3381.07390963904,NA,NA,-0.234146744953757,NA,NA
-34875.0834417516,NA,NA,-2859.46341592585,NA,NA,-0.300513370375954,NA,NA
-19257.6813812469,NA,NA,-3388.51254477739,NA,NA,-0.257031788900774,NA,NA
-14765.0108260402,NA,NA,-4472.915162493,NA,NA,-0.25686090668115,NA,NA
-25689.3988143832,NA,NA,-2406.4647641985,NA,NA,-0.277702705462856,NA,NA
-15319.9426563206,NA,NA,-3375.53489433861,NA,NA,-0.328010774479776,NA,NA
-33964.7564367761,NA,NA,-2539.6484216238,NA,NA,-0.248789568126391,NA,NA
-16980.31943951,NA,NA,-3258.62976858178,NA,NA,-0.267207260526872,NA,NA
-19661.3331744742,NA,NA,-2990.48711006412,NA,NA,-0.280276637704261,NA,NA
-17257.5616770087,NA,NA,-2811.20033907989,NA,NA,-0.208815527075967,NA,NA
-22613.2806162516,NA,NA,-2971.18690827571,NA,NA,-0.26924293636081,NA,NA
-21769.098715676,NA,NA,-3301.23919099671,NA,NA,-0.296252500445643,NA,NA
-23257.9371135262,NA,NA,-3023.01175310698,NA,NA,-0.276481053957878,NA,NA
-16846.0647056323,NA,NA,-3671.31745966072,NA,NA,-0.265358187598542,NA,NA
-13472.6446507496,NA,NA,-3596.97528462999,NA,NA,-0.234357077225987,NA,NA
-17870.9474707337,NA,NA,-3399.92068091746,NA,NA,-0.282788889529037,NA,NA
-19651.0354897131,NA,NA,-2819.83472653466,NA,NA,-0.298759064675067,NA,NA
-8610.53076612677,NA,NA,-3559.04529624842,NA,NA,-0.287612458038026,NA,NA
-18510.4358584313,NA,NA,-2990.37584225332,NA,NA,-0.268988921330788,NA,NA
-16306.6121581693,NA,NA,-2816.50979178677,NA,NA,-0.195696758609951,NA,NA
-12101.3382965052,NA,NA,-3380.17569550594,NA,NA,-0.291187047004892,NA,NA
-22120.1724132425,NA,NA,-3425.08299904969,NA,NA,-0.263331443502389,NA,NA
-12981.8550512497,NA,NA,-2690.04594925321,NA,NA,-0.249420755123571,NA,NA
-19962.9733847302,NA,NA,-3352.74700258781,NA,NA,-0.257644748025532,NA,NA
-18891.8624030241,NA,NA,-2509.7187939151,NA,NA,-0.237072650328157,NA,NA
-19885.3654427173,NA,NA,-2755.48385564081,NA,NA,-0.258513357459475,NA,NA
-12313.0660258545,NA,NA,-2867.16148873136,NA,NA,-0.247332613706165,NA,NA
-23593.1254364499,NA,NA,-2533.10540277744,NA,NA,-0.287715760479959,NA,NA
-22029.2940946391,NA,NA,-3073.61176220164,NA,NA,-0.206338487810044,NA,NA
-18065.9144281251,NA,NA,-2588.34321090845,NA,NA,-0.262038227874205,NA,NA
-19417.2719520915,NA,NA,-2852.29722033118,NA,NA,-0.251140598121177,NA,NA
-20168.0111382673,NA,NA,-3533.31282263126,NA,NA,-0.251579598820028,NA,NA
-12089.2687678574,NA,NA,-2736.28175759325,NA,NA,-0.269415654003211,NA,NA
-12910.7678655801,NA,NA,-2665.60858387635,NA,NA,-0.255220730027968,NA,NA
-28203.8069334162,NA,NA,-3277.04518180952,NA,NA,-0.281270840383752,NA,NA
-12683.7940152798,NA,NA,-3248.77457826305,NA,NA,-0.131906755677583,NA,NA
-27471.6920811839,NA,NA,-2838.74480746811,NA,NA,-0.26537962059098,NA,NA
-23021.9410990646,NA,NA,-3503.4113308239,NA,NA,-0.280359927926424,NA,NA
-28996.492784835,NA,NA,-2835.65374842292,NA,NA,-0.239997252822651,NA,NA
-32632.0220371975,NA,NA,-3263.08874710931,NA,NA,-0.304585694387037,NA,NA
-15916.0056305406,NA,NA,-3442.08059165103,NA,NA,-0.253716631397286,NA,NA
-20892.3001850497,NA,NA,-3292.13011277726,NA,NA,-0.258437463109234,NA,NA
-22584.5521778781,NA,NA,-3280.15618059716,NA,NA,-0.31654084664565,NA,NA
-24731.6413151375,NA,NA,-2410.72236747745,NA,NA,-0.29105223893136,NA,NA
-19844.4780548354,NA,NA,-3563.64567117551,NA,NA,-0.218604133494286,NA,NA
-10758.4115303777,NA,NA,-3311.21015328615,NA,NA,-0.280972014690099,NA,NA
-21315.5978006629,NA,NA,-3169.03286789866,NA,NA,-0.29268946860388,NA,NA
-26753.9809724388,NA,NA,-3471.60802491251,NA,NA,-0.300787534746836,NA,NA
-35491.460947893,NA,NA,-3605.92434073354,NA,NA,-0.280342191617427,NA,NA
-25270.4500158574,NA,NA,-3864.63138223318,NA,NA,-0.198595028231364,NA,NA
-12713.9540907033,NA,NA,-3471.29914714951,NA,NA,-0.26971543493805,NA,NA
-22334.8549053014,NA,NA,-3521.53834692026,NA,NA,-0.270660644854025,NA,NA
-15666.9034377547,NA,NA,-2604.15734973045,NA,NA,-0.279836942495068,NA,NA
-26613.7448130813,NA,NA,-3323.84821484952,NA,NA,-0.260252491349619,NA,NA
-16764.0491805898,NA,NA,-3131.31989729914,NA,NA,-0.2774301505029,NA,NA
-19986.8452062849,NA,NA,-2681.79868981305,NA,NA,-0.237958710800078,NA,NA
-19346.8549452001,NA,NA,-2993.57007241597,NA,NA,-0.299008706978448,NA,NA
-15688.9972812377,NA,NA,-2771.34855561468,NA,NA,-0.224285849773032,NA,NA
-17835.907828774,NA,NA,-2754.09246741328,NA,NA,-0.269230427359953,NA,NA
-23899.7239253986,NA,NA,-3818.30241992406,NA,NA,-0.348175981337188,NA,NA
-22845.9943371673,NA,NA,-3681.33086751706,NA,NA,-0.293298167231366,NA,NA
-23896.9263383348,NA,NA,-3028.5828186251,NA,NA,-0.299819152781838,NA,NA
-24915.9318213307,NA,NA,-2506.51333384285,NA,NA,-0.200730007403818,NA,NA
-24659.3165923917,NA,NA,-2852.25128343582,NA,NA,-0.30053707063164,NA,NA
-19035.1780451258,NA,NA,-3558.00617602164,NA,NA,-0.282740579677649,NA,NA
-25734.5665632596,NA,NA,-3282.93860285877,NA,NA,-0.305006179510466,NA,NA
-18714.6663763921,NA,NA,-2881.69965654731,NA,NA,-0.273173089626886,NA,NA
-19619.4670811635,NA,NA,-2993.83183741412,NA,NA,-0.307818850128901,NA,NA
-22895.7255922739,NA,NA,-2780.84348827362,NA,NA,-0.268683558658413,NA,NA
-34921.8977690836,NA,NA,-3372.38441601282,NA,NA,-0.30331438950857,NA,NA
-26632.790741459,NA,NA,-3021.48522357615,NA,NA,-0.219790972294557,NA,NA
-25168.7692721255,NA,NA,-2720.68495838561,NA,NA,-0.206988184194898,NA,NA
-29289.3836033581,NA,NA,-2810.9383714295,NA,NA,-0.258971295777936,NA,NA
-17479.1724958636,NA,NA,-3581.56980651649,NA,NA,-0.244786003050531,NA,NA
-16116.6467311373,NA,NA,-3240.48481189497,NA,NA,-0.19026906204086,NA,NA
-28937.3476358622,NA,NA,-3486.1731840115,NA,NA,-0.266022941477499,NA,NA
-15569.5229337295,NA,NA,-3319.70630913257,NA,NA,-0.287660233409902,NA,NA
-23061.8853760573,NA,NA,-3554.55104493137,NA,NA,-0.232047969346897,NA,NA
-24948.1832244446,NA,NA,-3305.74535009703,NA,NA,-0.245970029105214,NA,NA
-19964.6957972696,NA,NA,-2862.49996740196,NA,NA,-0.290999966376612,NA,NA
-25298.25516317,NA,NA,-3257.36332470728,NA,NA,-0.295092396735064,NA,NA
-20788.4180064881,NA,NA,-3368.55731651707,NA,NA,-0.298041274074132,NA,NA
-20267.5564096082,NA,NA,-3533.5450385575,NA,NA,-0.273720914784104,NA,NA
-16772.6240069824,NA,NA,-2883.7584786133,NA,NA,-0.238762787309462,NA,NA
-23396.630281131,NA,NA,-2948.15536954547,NA,NA,-0.261257700002455,NA,NA
-38388.4470113597,NA,NA,-2740.56470313999,NA,NA,-0.265225318301687,NA,NA
-20419.1360725362,NA,NA,-2788.88541694049,NA,NA,-0.279099937600445,NA,NA
-15108.2820820156,NA,NA,-3791.24387466176,NA,NA,-0.281973645001588,NA,NA
-20431.4215784679,NA,NA,-3510.40511152879,NA,NA,-0.262478935660928,NA,NA
-22438.9097305132,NA,NA,-2753.46138534279,NA,NA,-0.321685799724606,NA,NA
-24386.1645289502,NA,NA,-2642.63983196319,NA,NA,-0.255238897527221,NA,NA
-19680.4936565338,NA,NA,-3090.69258193343,NA,NA,-0.220267178695726,NA,NA
-13569.8642300584,NA,NA,-2646.29879287997,NA,NA,-0.27439207120555,NA,NA
-20035.5561141725,NA,NA,-2702.80368132948,NA,NA,-0.22940653192505,NA,NA
-11323.6531040615,NA,NA,-3358.067776738,NA,NA,-0.217009237962418,NA,NA
-43358.1527048696,NA,NA,-3112.49300938399,NA,NA,-0.246126256919168,NA,NA
-17645.3502798349,NA,NA,-3654.50348951902,NA,NA,-0.277165682880176,NA,NA
-21177.6348633521,NA,NA,-3268.79337949695,NA,NA,-0.277522248512688,NA,NA
-14244.7935571888,NA,NA,-3320.69836986666,NA,NA,-0.263981113899605,NA,NA
-23452.7177455241,NA,NA,-3339.21106883274,NA,NA,-0.281921017637539,NA,NA
-14843.3776686984,NA,NA,-3051.19588544222,NA,NA,-0.280055694150742,NA,NA
-11713.5635236248,NA,NA,-3264.68544492141,NA,NA,-0.255842292041042,NA,NA
-26269.0724561875,NA,NA,-2800.11880917302,NA,NA,-0.24120837170289,NA,NA
-37010.3208216367,NA,NA,-2588.09175376243,NA,NA,-0.265599637323042,NA,NA
-26722.830756677,NA,NA,-3162.69224631043,NA,NA,-0.327137309450025,NA,NA
-15629.2131821083,NA,NA,-2983.18945329569,NA,NA,-0.310988228831005,NA,NA
-17170.7543877754,NA,NA,-3078.86508538699,NA,NA,-0.289117505286827,NA,NA
-17496.8062008148,NA,NA,-3246.69259450456,NA,NA,-0.235802407347301,NA,NA
-18936.3214058908,NA,NA,-3394.03762767258,NA,NA,-0.274827198401635,NA,NA
-14302.243374221,NA,NA,-2480.85100719419,NA,NA,-0.221749762199556,NA,NA
-23487.1519931521,NA,NA,-2822.66201569696,NA,NA,-0.286720957572424,NA,NA
-14958.5444371281,NA,NA,-2520.57807847888,NA,NA,-0.226612642632353,NA,NA
-19687.4430448474,NA,NA,-3393.16624862392,NA,NA,-0.273960635614616,NA,NA
-17444.3153629726,NA,NA,-2848.38870313103,NA,NA,-0.242867661624112,NA,NA
-18002.4262328257,NA,NA,-3126.65583114686,NA,NA,-0.275713658722768,NA,NA
-24496.9534790586,NA,NA,-2898.65546717727,NA,NA,-0.260051152036652,NA,NA
-20504.0533906768,NA,NA,-3259.88979325007,NA,NA,-0.247192829061642,NA,NA
-34268.8742721798,NA,NA,-3283.80403366643,NA,NA,-0.256282590686244,NA,NA
-18264.2320009381,NA,NA,-3346.23988069924,NA,NA,-0.265460306729368,NA,NA
-17153.6886058298,NA,NA,-3319.8179662641,NA,NA,-0.274771257133854,NA,NA
-21913.3022155389,NA,NA,-3034.90714038593,NA,NA,-0.266277435745573,NA,NA
-33651.5913652436,NA,NA,-2860.04117989342,NA,NA,-0.27840127926731,NA,NA
-13068.9488287794,NA,NA,-2963.74723365647,NA,NA,-0.242992555417522,NA,NA
-22288.2661074159,NA,NA,-3352.0506206212,NA,NA,-0.232095169215638,NA,NA
-19940.2585460513,NA,NA,-3044.18541897147,NA,NA,-0.303269269307269,NA,NA
-20035.4183149404,NA,NA,-3598.59974353419,NA,NA,-0.260784113179478,NA,NA
-32381.7024364736,NA,NA,-2913.091463226,NA,NA,-0.265704093325252,NA,NA
-19272.7534518064,NA,NA,-3360.03452962924,NA,NA,-0.205679853628327,NA,NA
-19583.1060198854,NA,NA,-2994.83235644439,NA,NA,-0.264796848456926,NA,NA
-26333.3221298346,NA,NA,-2589.42149569264,NA,NA,-0.242184549823854,NA,NA
-38794.6933194515,NA,NA,-2463.13779165786,NA,NA,-0.212406491678304,NA,NA
-14274.9156040227,NA,NA,-3320.34749203754,NA,NA,-0.286958810663946,NA,NA
-15903.2534062631,NA,NA,-2716.9129629156,NA,NA,-0.270023246227741,NA,NA
-24850.4819791945,NA,NA,-3249.50391059528,NA,NA,-0.310920942971929,NA,NA
-11138.4603360075,NA,NA,-2827.17071835578,NA,NA,-0.256565356193177,NA,NA
-20731.2041008367,NA,NA,-3035.2211095685,NA,NA,-0.246918704927011,NA,NA
-15091.7610897589,NA,NA,-3326.00575791518,NA,NA,-0.248391885263889,NA,NA
-19368.0653470945,NA,NA,-3346.88536053623,NA,NA,-0.295223603862869,NA,NA
-17011.7643971748,NA,NA,-3450.7761493413,NA,NA,-0.248211328184047,NA,NA
-28250.9108059546,NA,NA,-2437.9509595915,NA,NA,-0.260768848268316,NA,NA
-12805.6672285539,NA,NA,-2737.15159211048,NA,NA,-0.255834888360567,NA,NA
-27843.46183911,NA,NA,-2882.27073953581,NA,NA,-0.270640147191276,NA,NA
-37491.8337353491,NA,NA,-2828.77651125227,NA,NA,-0.2699498131401,NA,NA
-17522.4909739037,NA,NA,-3155.35406317827,NA,NA,-0.290299744993558,NA,NA
-20906.1894840195,NA,NA,-3203.4975420177,NA,NA,-0.289740108523696,NA,NA
-21156.2253859755,NA,NA,-3453.60701525868,NA,NA,-0.282098582552528,NA,NA
-37663.8385458157,NA,NA,-3252.59643704407,NA,NA,-0.340748280006403,NA,NA
-37407.2601844407,NA,NA,-3223.40547916635,NA,NA,-0.28278552294961,NA,NA
-14239.1064890332,NA,NA,-3144.26207462432,NA,NA,-0.262856915524604,NA,NA
-18358.3022087776,NA,NA,-2803.89752849493,NA,NA,-0.281047511281304,NA,NA
-34725.449831738,NA,NA,-2236.99536194855,NA,NA,-0.251923473691629,NA,NA
-18069.9447360746,NA,NA,-3694.48784956751,NA,NA,-0.265256182476748,NA,NA
-14097.8694671187,NA,NA,-3290.85147557567,NA,NA,-0.232293945370337,NA,NA
-26032.414248065,NA,NA,-2970.75763395752,NA,NA,-0.235078579378507,NA,NA
-24530.6787779978,NA,NA,-3253.76634737063,NA,NA,-0.248733915482467,NA,NA
-19775.6714344898,NA,NA,-2968.83213107724,NA,NA,-0.224545170936294,NA,NA
-23513.1496231441,NA,NA,-3472.18973865475,NA,NA,-0.222414524895682,NA,NA
-29197.512829484,NA,NA,-3294.81892567621,NA,NA,-0.263709121502612,NA,NA
-18758.5683321406,NA,NA,-3090.83886251149,NA,NA,-0.266775209626437,NA,NA
-24250.2357390163,NA,NA,-3725.76422174655,NA,NA,-0.247128245345494,NA,NA
-22872.2066446305,NA,NA,-3368.89347004312,NA,NA,-0.250242707359012,NA,NA
-14600.34902438,NA,NA,-3390.68610993346,NA,NA,-0.283218134589609,NA,NA
-28185.6768722224,NA,NA,-2871.55006191644,NA,NA,-0.237222920453503,NA,NA
-17019.2826653626,NA,NA,-3420.29663353904,NA,NA,-0.229836212078567,NA,NA
-20820.4293895015,NA,NA,-3768.78556255694,NA,NA,-0.191295528142721,NA,NA
-18739.188586841,NA,NA,-3641.61775335729,NA,NA,-0.255366547015742,NA,NA
