"n_icer_TOTAL_1yr","n_icer_TOTAL_5yr","n_icer_TOTAL_10yr","n_icer_HEALTH_SECTOR_1yr","n_icer_HEALTH_SECTOR_5yr","n_icer_HEALTH_SECTOR_10yr"
60815.5914627989,NA,NA,10618.0131251064,NA,NA
97793.5922694384,NA,NA,12885.7897537365,NA,NA
75043.8400643713,NA,NA,12444.9175340766,NA,NA
98890.2317111236,NA,NA,14101.5367701197,NA,NA
76839.3462978705,NA,NA,10470.5725929241,NA,NA
86526.0307682165,NA,NA,10322.8400156332,NA,NA
88830.5660398458,NA,NA,10623.9197733883,NA,NA
76106.0888014426,NA,NA,12001.5421265349,NA,NA
38339.8084565522,NA,NA,9689.64939213685,NA,NA
35795.5200169611,NA,NA,10619.0998609148,NA,NA
81804.3282332194,NA,NA,16897.6983550072,NA,NA
113519.717923513,NA,NA,9830.41136248389,NA,NA
76592.0030002341,NA,NA,13101.9532612721,NA,NA
101766.759922888,NA,NA,10422.7285196175,NA,NA
58568.6703534498,NA,NA,11335.4419870749,NA,NA
70547.8540998896,NA,NA,14921.121994257,NA,NA
88190.8262208415,NA,NA,9197.11141092633,NA,NA
77398.7294284082,NA,NA,10937.2132703183,NA,NA
89327.7930247855,NA,NA,9784.56558602882,NA,NA
87826.0223138765,NA,NA,17110.1412307512,NA,NA
74610.9046555194,NA,NA,9774.50868935951,NA,NA
93952.4750808386,NA,NA,11140.7166447881,NA,NA
113374.336933426,NA,NA,11327.744681172,NA,NA
70821.9703884843,NA,NA,12453.8568832629,NA,NA
66182.4051297858,NA,NA,11494.6925200753,NA,NA
87089.472576606,NA,NA,15814.3778838927,NA,NA
67507.7490513907,NA,NA,11479.5695938168,NA,NA
98423.2115370206,NA,NA,14557.3204458562,NA,NA
77861.0325166477,NA,NA,10885.2018582987,NA,NA
96277.7501594538,NA,NA,10967.8664342358,NA,NA
89959.0895032054,NA,NA,10816.6930634346,NA,NA
94518.4633967619,NA,NA,11760.0110804765,NA,NA
94278.0072175762,NA,NA,12201.2708885623,NA,NA
145723.72785888,NA,NA,15859.0261603189,NA,NA
119033.587142981,NA,NA,12955.1747622525,NA,NA
87759.9073177202,NA,NA,13676.8586848936,NA,NA
71580.1647099257,NA,NA,12105.449550471,NA,NA
57643.383033556,NA,NA,9898.35066802161,NA,NA
64071.8133869986,NA,NA,12641.969278386,NA,NA
105871.747809866,NA,NA,15564.7125287643,NA,NA
44637.1180657293,NA,NA,11005.7295756392,NA,NA
60662.6343690792,NA,NA,10508.9424105745,NA,NA
64456.6439183194,NA,NA,11228.2884438704,NA,NA
84145.0987833322,NA,NA,12474.8195474702,NA,NA
88316.9290958557,NA,NA,12507.1164254812,NA,NA
52719.3140124998,NA,NA,11659.364333578,NA,NA
88417.6746709952,NA,NA,15591.4480573083,NA,NA
123568.208718326,NA,NA,12337.6406804668,NA,NA
52591.5467867341,NA,NA,11040.6954553326,NA,NA
67056.8201962531,NA,NA,13182.7317941847,NA,NA
75959.7678828651,NA,NA,10969.2217444907,NA,NA
140151.760712002,NA,NA,12594.8271785144,NA,NA
67546.6945024147,NA,NA,13099.7583737218,NA,NA
66181.4786563643,NA,NA,11803.7981627108,NA,NA
118805.093261779,NA,NA,15746.8344567451,NA,NA
53904.9865244888,NA,NA,15512.3913031944,NA,NA
64708.5370711682,NA,NA,12271.6927425946,NA,NA
61184.7613007815,NA,NA,13772.1839356146,NA,NA
72087.866790595,NA,NA,11538.7010695582,NA,NA
100079.651699239,NA,NA,11727.1634295149,NA,NA
80990.7265687701,NA,NA,10850.8265445504,NA,NA
83634.2033246912,NA,NA,10666.2005263196,NA,NA
67844.9689795364,NA,NA,12008.1268795368,NA,NA
105252.705922762,NA,NA,11349.6701863786,NA,NA
76423.4141319123,NA,NA,9446.49313598083,NA,NA
97895.3124214191,NA,NA,15803.4358338579,NA,NA
64546.8338698289,NA,NA,12927.2759408026,NA,NA
62191.3351939886,NA,NA,11008.9388871953,NA,NA
82839.2033651804,NA,NA,12503.1541361088,NA,NA
65984.1522515981,NA,NA,10376.7416888784,NA,NA
91139.415428341,NA,NA,12744.8254398688,NA,NA
79913.6722842996,NA,NA,12010.5840446002,NA,NA
72182.6193603124,NA,NA,12404.6052689821,NA,NA
90500.7923730578,NA,NA,16071.9212412805,NA,NA
62908.8036014115,NA,NA,12646.7487271174,NA,NA
84780.7543091553,NA,NA,11222.8847489734,NA,NA
54411.0617034297,NA,NA,11288.6344986967,NA,NA
72471.0768624812,NA,NA,12876.8166925528,NA,NA
93193.4852845964,NA,NA,11736.177457619,NA,NA
99263.8932318634,NA,NA,10275.5434443749,NA,NA
67086.4457711946,NA,NA,13229.9891793584,NA,NA
70597.5526074231,NA,NA,13944.6209723895,NA,NA
51327.3876419697,NA,NA,7864.24324430707,NA,NA
72976.7439632351,NA,NA,10663.5002619286,NA,NA
89333.4731654527,NA,NA,14278.8848351567,NA,NA
65441.4666620172,NA,NA,13006.983760573,NA,NA
68341.6371580161,NA,NA,11285.0270116766,NA,NA
75799.4513692409,NA,NA,9921.44189826801,NA,NA
73186.5040113163,NA,NA,9984.71012112131,NA,NA
60427.9724475562,NA,NA,13159.480011248,NA,NA
61546.578048629,NA,NA,9779.15650395283,NA,NA
75856.169978672,NA,NA,12012.2785974842,NA,NA
92689.2298930146,NA,NA,8805.60625228968,NA,NA
43541.7431540959,NA,NA,9886.45400830028,NA,NA
110426.878327912,NA,NA,10448.5249027956,NA,NA
60464.7090354798,NA,NA,14566.9705393757,NA,NA
63978.4026981342,NA,NA,10517.9757645424,NA,NA
61760.6696173299,NA,NA,19515.287335953,NA,NA
100614.169840476,NA,NA,9332.06922639305,NA,NA
75036.7189559623,NA,NA,11841.327655032,NA,NA
67617.719081684,NA,NA,9945.56998747343,NA,NA
57018.853518184,NA,NA,10379.036981041,NA,NA
53014.827070163,NA,NA,12730.4416069742,NA,NA
89865.1129469168,NA,NA,13868.8844998467,NA,NA
55895.02369469,NA,NA,9259.41309950896,NA,NA
112456.503764168,NA,NA,12252.8779311699,NA,NA
130523.223925462,NA,NA,9898.20567191317,NA,NA
91520.8544917416,NA,NA,18053.6929962135,NA,NA
57240.8611361057,NA,NA,11148.8341680741,NA,NA
99718.454196538,NA,NA,10630.5348591984,NA,NA
67772.8734996853,NA,NA,12973.4861812669,NA,NA
96319.2287284841,NA,NA,13164.4393534556,NA,NA
76100.4719144869,NA,NA,10633.3368557431,NA,NA
90278.4302343021,NA,NA,12078.2022040875,NA,NA
62805.2152669852,NA,NA,9946.81435298067,NA,NA
90607.1808017182,NA,NA,9478.31398372637,NA,NA
56959.5943230346,NA,NA,9517.22023550428,NA,NA
108524.901068075,NA,NA,12063.1926623999,NA,NA
80085.5881487433,NA,NA,12862.761679898,NA,NA
90467.5547398074,NA,NA,13291.4950997917,NA,NA
108533.778259603,NA,NA,11646.5042926145,NA,NA
112476.822966082,NA,NA,13334.1435068597,NA,NA
75970.2203296249,NA,NA,10772.4617410086,NA,NA
49960.1557248257,NA,NA,10975.0455248638,NA,NA
58779.42158741,NA,NA,12800.6185358835,NA,NA
94289.7322177749,NA,NA,11910.3428673692,NA,NA
65556.4336952145,NA,NA,13461.6103541908,NA,NA
69732.1908029067,NA,NA,10275.9592082361,NA,NA
54983.868354178,NA,NA,10533.2447139566,NA,NA
80697.7156183115,NA,NA,12883.2898715489,NA,NA
78629.8293047076,NA,NA,14514.7418974793,NA,NA
90973.0809553523,NA,NA,14557.5688328795,NA,NA
94456.0769099755,NA,NA,10801.7758533075,NA,NA
88314.1963547109,NA,NA,15149.8990416937,NA,NA
53007.5145111514,NA,NA,11115.1467630012,NA,NA
90922.7146083433,NA,NA,12703.4375254641,NA,NA
121731.152644049,NA,NA,11707.8557308138,NA,NA
72728.0574186025,NA,NA,11126.8134551707,NA,NA
104985.142834659,NA,NA,14854.2631000036,NA,NA
43947.0370341269,NA,NA,10421.6490941514,NA,NA
103053.833813865,NA,NA,11169.698582925,NA,NA
88368.1896746539,NA,NA,11147.3688251229,NA,NA
69368.2484474182,NA,NA,12144.368062616,NA,NA
90608.236603525,NA,NA,9755.88055730714,NA,NA
56508.2713287533,NA,NA,13867.6667774153,NA,NA
67991.0341823845,NA,NA,12619.4518878878,NA,NA
73154.2317376785,NA,NA,13780.9914046479,NA,NA
67518.1773238781,NA,NA,11687.62553916,NA,NA
34653.0092011124,NA,NA,11579.9869932502,NA,NA
91870.1870461136,NA,NA,9947.92898545701,NA,NA
76863.202371085,NA,NA,11568.8100904591,NA,NA
114900.578127673,NA,NA,12633.3479093594,NA,NA
113412.915309122,NA,NA,12323.077520079,NA,NA
86100.7721771383,NA,NA,10447.4885160929,NA,NA
65336.3197446371,NA,NA,10986.9518235548,NA,NA
130924.10148506,NA,NA,13492.8739224161,NA,NA
82713.0636934899,NA,NA,12149.2253864979,NA,NA
56937.968510146,NA,NA,9600.3966078136,NA,NA
148039.854952483,NA,NA,10809.5370252025,NA,NA
71827.8329820419,NA,NA,9766.23500520258,NA,NA
73894.7764950321,NA,NA,11085.0115139033,NA,NA
81277.7895345276,NA,NA,10734.9859911341,NA,NA
119817.58274955,NA,NA,9741.79926948709,NA,NA
59165.0444570307,NA,NA,11439.4647543198,NA,NA
81434.0532264467,NA,NA,13294.5230537827,NA,NA
61674.5716930713,NA,NA,9966.97867434264,NA,NA
79575.2622083252,NA,NA,11241.7657206365,NA,NA
83314.9073105677,NA,NA,16505.8196288905,NA,NA
55624.0060771914,NA,NA,10251.5067084701,NA,NA
68386.5220457229,NA,NA,12389.8566186793,NA,NA
98833.8049767512,NA,NA,10453.1093981954,NA,NA
96039.2571578849,NA,NA,9927.52532799532,NA,NA
68218.7626849455,NA,NA,11414.4573672621,NA,NA
75624.3541874386,NA,NA,13835.1963130172,NA,NA
101090.232246236,NA,NA,10835.5294056439,NA,NA
76293.6086226726,NA,NA,14556.3911675293,NA,NA
78748.9189984355,NA,NA,9978.90693985183,NA,NA
96057.0828040258,NA,NA,9519.91594998281,NA,NA
53397.6359897638,NA,NA,10831.2935587593,NA,NA
65261.3438941268,NA,NA,10657.6489190313,NA,NA
62122.0733522964,NA,NA,9754.12478727486,NA,NA
108039.763568354,NA,NA,12669.257063732,NA,NA
94143.9776241607,NA,NA,11225.2391549759,NA,NA
58232.8480475853,NA,NA,11691.8946022929,NA,NA
64964.2271692006,NA,NA,9238.98556079057,NA,NA
79365.4057587019,NA,NA,11317.4077914109,NA,NA
50042.6997473977,NA,NA,10522.6015312147,NA,NA
115005.985755324,NA,NA,12492.9084162163,NA,NA
102437.881098489,NA,NA,12724.7489200049,NA,NA
92663.7425397125,NA,NA,11587.0969061566,NA,NA
94272.9950612371,NA,NA,13206.7690595718,NA,NA
82922.1447187255,NA,NA,9249.2150767338,NA,NA
61682.6261489036,NA,NA,10725.4668106708,NA,NA
80385.81776429,NA,NA,11736.1356405783,NA,NA
80576.8409730284,NA,NA,10049.707741818,NA,NA
69872.8340241604,NA,NA,11400.3929783519,NA,NA
64457.1967477038,NA,NA,13688.4170238672,NA,NA
63227.1937161152,NA,NA,10813.0124767494,NA,NA
101992.474798427,NA,NA,11394.3927330202,NA,NA
76682.8294418028,NA,NA,8746.3991395531,NA,NA
58848.9438178272,NA,NA,10546.4147016517,NA,NA
83569.3154889253,NA,NA,10185.648774367,NA,NA
101334.987907595,NA,NA,13325.2588979636,NA,NA
80312.2077804525,NA,NA,9861.77973894556,NA,NA
92954.8052921903,NA,NA,10235.0398663341,NA,NA
101417.889627254,NA,NA,12918.2780881951,NA,NA
102175.551721791,NA,NA,11427.5244609831,NA,NA
82137.7434622619,NA,NA,12038.0264264613,NA,NA
85570.1830212643,NA,NA,7947.54562127291,NA,NA
54679.3834442492,NA,NA,11497.5742636356,NA,NA
95999.2557252853,NA,NA,11891.2172067934,NA,NA
60890.2412092163,NA,NA,9063.21041010313,NA,NA
76130.9117707997,NA,NA,12177.7487023873,NA,NA
47155.8373743923,NA,NA,11103.4168492299,NA,NA
87359.9717376707,NA,NA,12468.3680129492,NA,NA
80251.1884638222,NA,NA,11140.2131041399,NA,NA
109072.982905848,NA,NA,11305.7423337799,NA,NA
58392.0517345241,NA,NA,9779.1831103806,NA,NA
109883.906172404,NA,NA,12374.0218435975,NA,NA
86456.5535463515,NA,NA,10413.2292216776,NA,NA
70191.7373293631,NA,NA,13292.7981171816,NA,NA
84073.9037799394,NA,NA,9088.8175253369,NA,NA
107702.968140048,NA,NA,14936.3078475692,NA,NA
86159.4968790722,NA,NA,12628.8956951611,NA,NA
75055.3493278829,NA,NA,11481.4037192933,NA,NA
83466.7930174913,NA,NA,11605.8697405478,NA,NA
65594.2132739398,NA,NA,13017.0300786315,NA,NA
47675.4174348195,NA,NA,10317.461634541,NA,NA
50223.3923692669,NA,NA,10308.0781638438,NA,NA
92587.0746314157,NA,NA,12445.9942667781,NA,NA
67007.1440675834,NA,NA,13920.9026354904,NA,NA
170914.719258318,NA,NA,10166.665878492,NA,NA
125957.059121378,NA,NA,11373.0914387923,NA,NA
80613.8979954361,NA,NA,12176.883338334,NA,NA
92046.1536647337,NA,NA,13467.2119932211,NA,NA
96565.0066777535,NA,NA,12340.2633330789,NA,NA
62893.2858821753,NA,NA,12420.0824887958,NA,NA
82414.862246106,NA,NA,11724.8863811761,NA,NA
76341.7875978526,NA,NA,16743.5184136277,NA,NA
73275.3923026829,NA,NA,12053.0546243182,NA,NA
93476.2643586145,NA,NA,10690.6491038116,NA,NA
51351.8056475354,NA,NA,12285.3646993489,NA,NA
112869.330747421,NA,NA,13310.6284633183,NA,NA
61953.6061037621,NA,NA,10548.177036277,NA,NA
73132.8339403103,NA,NA,17136.6074851403,NA,NA
77321.79403022,NA,NA,11230.3939718395,NA,NA
100076.005590616,NA,NA,11586.577378494,NA,NA
72814.7298736535,NA,NA,15372.1795730828,NA,NA
62314.200706427,NA,NA,12130.8755260192,NA,NA
108237.34963026,NA,NA,11253.7877081877,NA,NA
107471.29095358,NA,NA,10542.5465799999,NA,NA
55510.3118405289,NA,NA,8545.79685267733,NA,NA
44399.1937018622,NA,NA,13164.2465607677,NA,NA
98911.2417583237,NA,NA,11976.998871002,NA,NA
93043.2210985938,NA,NA,11150.4650019609,NA,NA
69555.9299182884,NA,NA,12597.6949727385,NA,NA
106331.810089183,NA,NA,9130.52464778972,NA,NA
52221.6607160718,NA,NA,10499.6088616031,NA,NA
92731.7843479795,NA,NA,10960.9164112298,NA,NA
92246.2722734591,NA,NA,15545.1903110661,NA,NA
40885.7939001362,NA,NA,12133.0190151679,NA,NA
61295.7931171996,NA,NA,9877.84490910857,NA,NA
65139.8497835243,NA,NA,8625.8600992503,NA,NA
96346.3315505731,NA,NA,16280.517454063,NA,NA
70229.9571080667,NA,NA,10411.8688090502,NA,NA
68723.6948663896,NA,NA,12566.9817428302,NA,NA
60364.8128086728,NA,NA,12269.9537235703,NA,NA
66637.7927124229,NA,NA,11938.3908629834,NA,NA
89899.5820770111,NA,NA,10703.4596274408,NA,NA
61376.9605204769,NA,NA,11151.6875797223,NA,NA
71936.6262923127,NA,NA,9062.99616618774,NA,NA
76855.2334817636,NA,NA,9362.08827299071,NA,NA
65330.1636056164,NA,NA,11009.5462461854,NA,NA
66311.9005529778,NA,NA,11319.1397729237,NA,NA
74754.6210485787,NA,NA,13962.9532876105,NA,NA
84734.4951746499,NA,NA,13485.9042571468,NA,NA
63757.2197329893,NA,NA,15097.7157601672,NA,NA
75401.3440811779,NA,NA,9237.49137905489,NA,NA
73723.9353446918,NA,NA,11931.9433457428,NA,NA
56738.6176299591,NA,NA,12727.225295613,NA,NA
66201.358624068,NA,NA,11924.1244804783,NA,NA
90643.3035641004,NA,NA,16333.9716142985,NA,NA
77881.4420719375,NA,NA,12942.0189983917,NA,NA
60363.8890798157,NA,NA,12218.8328305324,NA,NA
125081.972787019,NA,NA,11450.7785023888,NA,NA
88518.9491430719,NA,NA,14081.5054868958,NA,NA
85459.3229446784,NA,NA,12966.2662086236,NA,NA
80403.2341302287,NA,NA,10896.9837869162,NA,NA
66669.3803893363,NA,NA,9079.65355662243,NA,NA
46033.6872784306,NA,NA,10918.7200150958,NA,NA
57513.1351990164,NA,NA,16354.7604274245,NA,NA
63562.3530735079,NA,NA,11170.0520775403,NA,NA
79109.005636394,NA,NA,10879.1051285367,NA,NA
69830.3078917485,NA,NA,10357.2401678056,NA,NA
66848.7560940009,NA,NA,14239.3171767548,NA,NA
113341.629808984,NA,NA,11630.7851603628,NA,NA
78096.793435769,NA,NA,12812.2429050222,NA,NA
62559.2968511849,NA,NA,11669.4516057069,NA,NA
49956.4592069873,NA,NA,10252.4081748021,NA,NA
66798.7055554028,NA,NA,9816.99499123848,NA,NA
72432.5232735289,NA,NA,11579.4342152628,NA,NA
94699.2332448137,NA,NA,10212.3342100478,NA,NA
69530.8655176313,NA,NA,8913.84424231473,NA,NA
30480.7670382878,NA,NA,12480.0616930381,NA,NA
62663.6204098805,NA,NA,12232.5245983415,NA,NA
53209.9699479849,NA,NA,9410.96557579886,NA,NA
84518.9046540113,NA,NA,10498.5706350774,NA,NA
89876.3559631054,NA,NA,14153.0346558387,NA,NA
77476.801301116,NA,NA,10588.747488984,NA,NA
80263.4004531372,NA,NA,9284.56729878309,NA,NA
69355.5298825995,NA,NA,13199.0212684496,NA,NA
106042.145160284,NA,NA,9578.21035343422,NA,NA
98520.8888262896,NA,NA,12384.709583869,NA,NA
87743.5902610356,NA,NA,10813.2455908007,NA,NA
51689.0323022811,NA,NA,11152.4859704719,NA,NA
129254.641440603,NA,NA,13414.1939511178,NA,NA
90490.0062461675,NA,NA,13296.9470400557,NA,NA
83939.3780898814,NA,NA,11877.0030013001,NA,NA
56217.1008344037,NA,NA,10444.1572034002,NA,NA
83087.9708308177,NA,NA,12571.4595962811,NA,NA
45857.2330415299,NA,NA,12892.5201921514,NA,NA
87476.5684019994,NA,NA,12391.2171022972,NA,NA
68858.8922460785,NA,NA,11140.043071449,NA,NA
120133.843613937,NA,NA,13847.2069591102,NA,NA
77704.6999190337,NA,NA,11174.3927676702,NA,NA
89521.9256266874,NA,NA,13198.0160287425,NA,NA
73088.3920769358,NA,NA,8634.39871236367,NA,NA
79438.673665888,NA,NA,15130.6773507217,NA,NA
58166.2215153188,NA,NA,7995.63246184057,NA,NA
83257.7725144832,NA,NA,8782.71683759681,NA,NA
95592.4634471847,NA,NA,15986.5598206204,NA,NA
63072.2578709674,NA,NA,8670.93410612853,NA,NA
90237.335218798,NA,NA,9974.70663480167,NA,NA
75399.2761340269,NA,NA,13383.2654996165,NA,NA
95620.4261813806,NA,NA,14646.2204756442,NA,NA
137934.267595018,NA,NA,10812.8090063054,NA,NA
86613.6782490921,NA,NA,11694.6958540971,NA,NA
83349.5970476073,NA,NA,15234.3547097088,NA,NA
72414.7237227569,NA,NA,11658.280550392,NA,NA
84226.3401463754,NA,NA,8800.30082131195,NA,NA
81776.5502025878,NA,NA,11733.3172279603,NA,NA
56717.4648136761,NA,NA,10839.1110934619,NA,NA
80515.8884721717,NA,NA,9648.2991967099,NA,NA
66553.9847951411,NA,NA,9426.60215846137,NA,NA
68705.108693643,NA,NA,14127.6673644887,NA,NA
61346.7545075178,NA,NA,9361.47303046615,NA,NA
101355.039014929,NA,NA,8963.53096574757,NA,NA
117374.532152339,NA,NA,9709.93360465075,NA,NA
41040.0027674867,NA,NA,12424.4692415483,NA,NA
69157.0605711069,NA,NA,11505.2851741942,NA,NA
86775.3946041425,NA,NA,11511.1537019112,NA,NA
88609.8136053322,NA,NA,9940.3059801702,NA,NA
122579.316487585,NA,NA,13258.9064844358,NA,NA
51071.481165777,NA,NA,10758.1645606317,NA,NA
102628.523937737,NA,NA,12000.2608448073,NA,NA
77094.3792120412,NA,NA,13021.4444230862,NA,NA
40217.0960977835,NA,NA,12519.8726015256,NA,NA
66239.3271662148,NA,NA,11783.0270818236,NA,NA
54842.0450687224,NA,NA,10073.7309554665,NA,NA
81391.8030753442,NA,NA,10758.114905095,NA,NA
65805.2741121771,NA,NA,10117.6714896057,NA,NA
55798.4224150992,NA,NA,10281.9350079283,NA,NA
78176.4821256221,NA,NA,11947.1345115536,NA,NA
93787.6883454221,NA,NA,10999.7187692118,NA,NA
122232.907293995,NA,NA,12497.4111685432,NA,NA
90348.1628287685,NA,NA,13402.5532645825,NA,NA
74874.5335192586,NA,NA,13020.4229212389,NA,NA
102898.89475959,NA,NA,10901.659233883,NA,NA
100948.413866627,NA,NA,9529.5238643589,NA,NA
80705.3013600431,NA,NA,11045.7396048781,NA,NA
58739.7650438022,NA,NA,13812.4740268025,NA,NA
72174.8163003917,NA,NA,13089.5418812314,NA,NA
62002.5748296705,NA,NA,13818.8108349186,NA,NA
114701.640659117,NA,NA,14572.2254155035,NA,NA
91613.8207008364,NA,NA,12473.2448631056,NA,NA
67242.5216827844,NA,NA,10443.6556389215,NA,NA
62780.5491666435,NA,NA,11904.5289692484,NA,NA
96928.811074468,NA,NA,14439.3770185466,NA,NA
43759.147715252,NA,NA,11672.1766146945,NA,NA
95681.7602138997,NA,NA,8535.84318856202,NA,NA
94874.4867297709,NA,NA,9788.38131693988,NA,NA
57133.2946521967,NA,NA,16567.658712922,NA,NA
97992.5344060401,NA,NA,15910.2023898832,NA,NA
73757.9197733513,NA,NA,11639.5245160797,NA,NA
94090.0982448727,NA,NA,12640.5199553355,NA,NA
64106.4325310404,NA,NA,10921.002772483,NA,NA
56705.795656208,NA,NA,15477.114166359,NA,NA
75408.3245057269,NA,NA,11229.3175566964,NA,NA
53477.7243911532,NA,NA,11845.4462325703,NA,NA
47724.2003666065,NA,NA,9943.86093297173,NA,NA
96034.816115428,NA,NA,11330.4946975849,NA,NA
95086.3008401534,NA,NA,12653.7672936828,NA,NA
79261.8842267949,NA,NA,12033.4519166855,NA,NA
75575.1521442522,NA,NA,14490.9322261049,NA,NA
74348.1308708352,NA,NA,9841.94668268283,NA,NA
101437.702539299,NA,NA,15450.4730947164,NA,NA
85066.7590980867,NA,NA,11253.953255233,NA,NA
44129.3169488861,NA,NA,13842.210830625,NA,NA
56832.2657058722,NA,NA,10317.4895207483,NA,NA
119267.104342385,NA,NA,9597.56835981933,NA,NA
63119.0983609151,NA,NA,10887.2537808524,NA,NA
71562.4901433064,NA,NA,11876.6301462103,NA,NA
69613.4053874014,NA,NA,12320.8229327907,NA,NA
53374.2552913445,NA,NA,10233.1705145544,NA,NA
56354.697608971,NA,NA,12250.728721472,NA,NA
118316.7837221,NA,NA,12380.8453536516,NA,NA
93931.179223562,NA,NA,14366.2717131641,NA,NA
101912.556512333,NA,NA,17207.5662851862,NA,NA
90249.7397083172,NA,NA,14009.1490052615,NA,NA
99628.6094904755,NA,NA,9848.89348498888,NA,NA
83263.7503553227,NA,NA,11478.8392983343,NA,NA
71852.5958881094,NA,NA,11280.1877914225,NA,NA
61665.2419824953,NA,NA,11048.4339470014,NA,NA
101987.50140912,NA,NA,10741.8428219068,NA,NA
42668.6097720024,NA,NA,11824.4946854533,NA,NA
55099.3582971437,NA,NA,11657.5018482844,NA,NA
54101.8628562822,NA,NA,11482.3184176928,NA,NA
60382.7840175009,NA,NA,9466.20727393048,NA,NA
111466.718768239,NA,NA,9193.45962106145,NA,NA
89621.3226869769,NA,NA,9591.50906847077,NA,NA
91923.8693425709,NA,NA,9672.60815208179,NA,NA
80586.2525419346,NA,NA,10921.6031345262,NA,NA
108950.00112636,NA,NA,11407.8094789986,NA,NA
106059.463307822,NA,NA,10537.7557245951,NA,NA
106840.28455025,NA,NA,12910.9942238766,NA,NA
54093.8642099377,NA,NA,11344.3144067685,NA,NA
98034.9014073393,NA,NA,11238.5009060256,NA,NA
81622.2731303329,NA,NA,13378.0942856987,NA,NA
72541.2499096324,NA,NA,10267.9268477401,NA,NA
68618.8495085681,NA,NA,13664.1756050137,NA,NA
100505.993910977,NA,NA,9982.34590792873,NA,NA
72991.6306726033,NA,NA,9793.20788336691,NA,NA
80518.6404309976,NA,NA,12891.7153815703,NA,NA
74876.8367290801,NA,NA,11035.0570141215,NA,NA
94306.2817321293,NA,NA,10684.3103608697,NA,NA
67889.6032691484,NA,NA,12311.1124065864,NA,NA
97891.1226824634,NA,NA,10143.1384136242,NA,NA
46708.2142004681,NA,NA,11319.156476289,NA,NA
125420.143599488,NA,NA,9696.50883328862,NA,NA
50098.3341858162,NA,NA,10588.9677576986,NA,NA
76615.7450308678,NA,NA,11479.7718586315,NA,NA
71013.6481923438,NA,NA,10486.6013577434,NA,NA
61171.0834190845,NA,NA,11989.9643400266,NA,NA
68203.6144859552,NA,NA,10740.5097722907,NA,NA
100432.106972417,NA,NA,10119.7609033057,NA,NA
84721.31824146,NA,NA,12419.7151016039,NA,NA
98680.1236154478,NA,NA,15362.219896482,NA,NA
59430.1612312231,NA,NA,12123.2967616135,NA,NA
75812.7663460354,NA,NA,13564.2786732537,NA,NA
70763.609376755,NA,NA,10349.9194881319,NA,NA
69402.5281754389,NA,NA,10648.2854743419,NA,NA
112072.767636234,NA,NA,8152.76627455794,NA,NA
78371.693319855,NA,NA,11208.1547402986,NA,NA
78936.7518553743,NA,NA,11379.255960265,NA,NA
105182.26313363,NA,NA,16977.2483212061,NA,NA
66323.1365673855,NA,NA,10098.5796229625,NA,NA
75821.7026812804,NA,NA,13258.5484567554,NA,NA
73284.7021890523,NA,NA,13047.5108830617,NA,NA
78777.0914669374,NA,NA,11306.2194333121,NA,NA
89227.0026507695,NA,NA,13504.1097961416,NA,NA
109029.205655894,NA,NA,9198.09276959727,NA,NA
63521.5466730553,NA,NA,14419.8326553126,NA,NA
51087.4635680542,NA,NA,10386.7331088588,NA,NA
139576.064285107,NA,NA,15386.8716594655,NA,NA
112854.46390027,NA,NA,15266.1218131721,NA,NA
63157.8645239752,NA,NA,11930.0962992987,NA,NA
57534.9405584926,NA,NA,12246.29252528,NA,NA
70406.3571735627,NA,NA,9918.72835902624,NA,NA
91127.1795930525,NA,NA,10903.6087182227,NA,NA
123284.495509357,NA,NA,11410.494012469,NA,NA
104847.084716704,NA,NA,12365.9432097765,NA,NA
72064.5029123907,NA,NA,13123.8061868437,NA,NA
71786.6910882565,NA,NA,9437.63501744963,NA,NA
98144.1501594618,NA,NA,11391.2500805161,NA,NA
82936.3932640068,NA,NA,12218.6260440763,NA,NA
65305.004198266,NA,NA,11672.8796910806,NA,NA
86894.5300452642,NA,NA,13716.1478085892,NA,NA
88950.0596535733,NA,NA,10972.8674609079,NA,NA
47701.497082248,NA,NA,11631.5285172815,NA,NA
84050.1279681495,NA,NA,11638.5710646479,NA,NA
65212.7033038223,NA,NA,12132.5235036066,NA,NA
54558.2859635066,NA,NA,12769.0897170705,NA,NA
76081.8384673521,NA,NA,8629.31797319589,NA,NA
55167.5277885445,NA,NA,10343.2711601452,NA,NA
54816.538612338,NA,NA,10978.6105299341,NA,NA
117822.590546157,NA,NA,10896.0632286249,NA,NA
88813.8868441707,NA,NA,14552.1139175011,NA,NA
97235.4165302417,NA,NA,10164.3716653359,NA,NA
58662.5513472572,NA,NA,10739.9606718042,NA,NA
90221.0236651684,NA,NA,12579.9539466486,NA,NA
51181.7710190966,NA,NA,12163.6246531765,NA,NA
51389.1281563037,NA,NA,11589.913280541,NA,NA
127615.960994477,NA,NA,10832.7953140146,NA,NA
84336.0655160481,NA,NA,11785.812406955,NA,NA
96531.1721139696,NA,NA,11476.7002994009,NA,NA
66926.5751048504,NA,NA,10201.8108696281,NA,NA
62259.4514898648,NA,NA,10080.5554184249,NA,NA
72811.751042749,NA,NA,13418.8521725406,NA,NA
71425.5015276186,NA,NA,12518.5380124887,NA,NA
75723.5402149076,NA,NA,10489.5139551342,NA,NA
68175.8124134827,NA,NA,15032.5903450407,NA,NA
80872.9153009664,NA,NA,14669.4189380079,NA,NA
92752.5192028639,NA,NA,11947.578254411,NA,NA
112030.817722906,NA,NA,12791.318148362,NA,NA
110992.665604157,NA,NA,11793.5822489087,NA,NA
67222.1407447604,NA,NA,11449.6259837349,NA,NA
93182.6658428437,NA,NA,8587.89900628444,NA,NA
67114.7815016358,NA,NA,12910.1158109111,NA,NA
120802.618469468,NA,NA,12122.5224174558,NA,NA
81290.1762909329,NA,NA,12057.5679682145,NA,NA
92850.5263514881,NA,NA,10727.0509768317,NA,NA
119041.87241172,NA,NA,9881.0156599511,NA,NA
32387.4597521603,NA,NA,12980.7250401165,NA,NA
67746.0103997689,NA,NA,11548.6413775023,NA,NA
54975.3911022809,NA,NA,11866.2303284931,NA,NA
56281.2767665304,NA,NA,9175.60380588669,NA,NA
62441.4558816599,NA,NA,11065.8771746705,NA,NA
69003.8636237182,NA,NA,13016.3287252788,NA,NA
67376.089148484,NA,NA,9154.50712914761,NA,NA
104730.093329283,NA,NA,11201.6852367309,NA,NA
105622.283988785,NA,NA,11219.1355884763,NA,NA
93544.034280263,NA,NA,13885.8937967432,NA,NA
88524.4319230169,NA,NA,11054.2068609502,NA,NA
84747.1434613391,NA,NA,10527.3528958556,NA,NA
80183.2840672939,NA,NA,11434.8857137765,NA,NA
87962.7016759859,NA,NA,12675.4097076525,NA,NA
96972.6063281081,NA,NA,13540.6353315916,NA,NA
52428.8107030238,NA,NA,10475.6927681261,NA,NA
80305.9265975093,NA,NA,11915.2120533636,NA,NA
53866.8419967005,NA,NA,11814.9711855297,NA,NA
132714.922041319,NA,NA,14022.7052456874,NA,NA
78533.0382607705,NA,NA,12481.58399691,NA,NA
64142.3062812887,NA,NA,10056.6925895505,NA,NA
72752.1787314857,NA,NA,11651.980972767,NA,NA
76296.7504790302,NA,NA,10538.2589861793,NA,NA
94449.9557170085,NA,NA,10885.2997301491,NA,NA
72822.9388149074,NA,NA,11472.750863196,NA,NA
77710.0275564105,NA,NA,9511.87810968838,NA,NA
84261.4752969279,NA,NA,10641.9895115529,NA,NA
77701.5808788995,NA,NA,9708.93538710853,NA,NA
83397.678540132,NA,NA,12317.7864162763,NA,NA
78641.704909622,NA,NA,14228.3315632796,NA,NA
53228.2121494755,NA,NA,12479.9656434484,NA,NA
79449.1401643558,NA,NA,12286.2229792407,NA,NA
108500.167499953,NA,NA,12614.9915311234,NA,NA
110134.043691884,NA,NA,20178.4097496821,NA,NA
77582.8015097037,NA,NA,16037.4630249124,NA,NA
64684.5740065726,NA,NA,10401.4503636408,NA,NA
97996.2556475675,NA,NA,10773.0080186518,NA,NA
73274.9241964615,NA,NA,12528.9242823532,NA,NA
74618.1186657798,NA,NA,16552.4081822606,NA,NA
105178.809471479,NA,NA,9816.49826057895,NA,NA
52905.5029238742,NA,NA,14514.4151085725,NA,NA
122869.968401596,NA,NA,11284.4542120223,NA,NA
58305.8697655671,NA,NA,9262.72639887463,NA,NA
53453.7094529479,NA,NA,11068.0537438102,NA,NA
66303.8347586348,NA,NA,12245.9733419982,NA,NA
89017.9561225747,NA,NA,10563.9999354078,NA,NA
36101.6491395351,NA,NA,12393.949529153,NA,NA
79482.8902066651,NA,NA,12708.0769430917,NA,NA
63216.0031569988,NA,NA,14788.1042540807,NA,NA
47461.0154104552,NA,NA,12658.337607115,NA,NA
78511.527591981,NA,NA,9574.26834497314,NA,NA
105111.055758396,NA,NA,8844.09520087121,NA,NA
56437.9600728092,NA,NA,10355.5827660459,NA,NA
91838.8306217843,NA,NA,11531.0395952945,NA,NA
73177.9350478016,NA,NA,10707.6841914995,NA,NA
63587.649160657,NA,NA,12516.6585645129,NA,NA
70001.5124058249,NA,NA,12058.7355882666,NA,NA
75014.9604712488,NA,NA,11955.8293741442,NA,NA
126551.265200079,NA,NA,16913.9358113354,NA,NA
82965.5825270143,NA,NA,9760.32781417954,NA,NA
69065.2775662923,NA,NA,11926.2600220243,NA,NA
110042.549908146,NA,NA,11236.1694737464,NA,NA
62809.2378921764,NA,NA,10234.8546003776,NA,NA
69580.2064617717,NA,NA,11061.1405946104,NA,NA
79915.9887747425,NA,NA,10217.3022954047,NA,NA
60678.4865930858,NA,NA,9711.1814457254,NA,NA
81290.4454927385,NA,NA,12245.406527966,NA,NA
92377.2051359448,NA,NA,10313.2360533553,NA,NA
56343.1673694268,NA,NA,11211.5616092062,NA,NA
89241.4173756058,NA,NA,10372.8465929788,NA,NA
70861.5812291652,NA,NA,12214.1166134476,NA,NA
151631.432121232,NA,NA,15288.633183565,NA,NA
88569.9099556865,NA,NA,8798.51029252162,NA,NA
45389.7290171039,NA,NA,13337.7623963944,NA,NA
61073.3280537196,NA,NA,9785.6364564212,NA,NA
120865.713703918,NA,NA,11480.3447828226,NA,NA
72802.8126300144,NA,NA,13456.4913947067,NA,NA
87150.5567924071,NA,NA,11750.4892627193,NA,NA
84288.6011435093,NA,NA,9929.75327456687,NA,NA
124781.68702935,NA,NA,10425.4991924535,NA,NA
90754.2452766638,NA,NA,12642.7522290056,NA,NA
119864.454127682,NA,NA,19827.5879574913,NA,NA
42457.0663265009,NA,NA,14599.5710740919,NA,NA
85289.862408698,NA,NA,9801.7252993006,NA,NA
86237.0621284191,NA,NA,8950.93555356363,NA,NA
142816.22945655,NA,NA,13879.4729135888,NA,NA
64765.8621949367,NA,NA,12311.3833913333,NA,NA
103188.72209166,NA,NA,9579.05247673718,NA,NA
89137.3490765168,NA,NA,14514.8241210068,NA,NA
73744.388598352,NA,NA,14236.6635400801,NA,NA
67162.7227071891,NA,NA,11338.8411468314,NA,NA
59361.3129137887,NA,NA,9892.22258453923,NA,NA
94195.4537582295,NA,NA,12187.0804281622,NA,NA
40676.5732099062,NA,NA,11794.0388436541,NA,NA
66804.2141711849,NA,NA,9648.86575783301,NA,NA
58298.8010294587,NA,NA,9664.53875534448,NA,NA
64074.2064076066,NA,NA,10415.4016169328,NA,NA
87795.6228288724,NA,NA,12641.3839173081,NA,NA
86095.4785507284,NA,NA,12615.8849739598,NA,NA
84144.5114925404,NA,NA,12744.4326704899,NA,NA
56238.3289602289,NA,NA,12436.5866919363,NA,NA
75734.0612943482,NA,NA,16121.5577685831,NA,NA
105694.2763623,NA,NA,12957.3854799725,NA,NA
51373.8535627676,NA,NA,13365.4216073466,NA,NA
84181.3727445613,NA,NA,13165.927986064,NA,NA
54864.9970631433,NA,NA,8560.43492796397,NA,NA
62896.1820129518,NA,NA,11703.8918115778,NA,NA
103395.50214063,NA,NA,12834.3532034556,NA,NA
83287.4305860731,NA,NA,12736.9513861927,NA,NA
98380.1928572055,NA,NA,15189.8228496587,NA,NA
71834.4761961878,NA,NA,11833.0478536433,NA,NA
71012.2773527275,NA,NA,8011.74502147571,NA,NA
113581.954955898,NA,NA,12598.4731333617,NA,NA
71778.4767977754,NA,NA,13100.2219088358,NA,NA
49238.9085442973,NA,NA,10386.0861910367,NA,NA
57420.6988963726,NA,NA,14385.7753365631,NA,NA
116396.640045729,NA,NA,14264.4975554216,NA,NA
43451.3636504774,NA,NA,10750.4822812563,NA,NA
60271.0392855552,NA,NA,12529.2502722298,NA,NA
105405.129819123,NA,NA,9961.98326843871,NA,NA
100745.951494824,NA,NA,12188.3623538254,NA,NA
67658.2614872018,NA,NA,10293.1802298011,NA,NA
99048.7819216349,NA,NA,17745.3454495254,NA,NA
65210.3918345166,NA,NA,14187.6231392051,NA,NA
100258.21323241,NA,NA,11789.7497941716,NA,NA
119514.446211631,NA,NA,12297.4494639556,NA,NA
27500.2370747248,NA,NA,10493.0652580943,NA,NA
92708.4769029674,NA,NA,10124.4411476965,NA,NA
99903.0747120435,NA,NA,11293.5458173162,NA,NA
81210.1392990411,NA,NA,11336.1825941768,NA,NA
38050.1371938982,NA,NA,10282.1447974007,NA,NA
86382.9782602739,NA,NA,11571.9861494418,NA,NA
57714.9604143569,NA,NA,15927.2274498117,NA,NA
111784.029176463,NA,NA,11636.2183072504,NA,NA
86126.136566036,NA,NA,10560.7840445985,NA,NA
65547.7079195884,NA,NA,12671.2419187236,NA,NA
40916.2650373174,NA,NA,11618.1693581171,NA,NA
126280.239318874,NA,NA,14310.2048262323,NA,NA
71609.1940244898,NA,NA,16019.0850067525,NA,NA
88038.3562380345,NA,NA,13297.822013646,NA,NA
99440.7850982977,NA,NA,11207.0466956881,NA,NA
88460.2797131668,NA,NA,12740.2045926288,NA,NA
46326.105859911,NA,NA,9933.55649705824,NA,NA
48913.0917327873,NA,NA,11452.2969635016,NA,NA
111262.26667707,NA,NA,12561.5505818693,NA,NA
60159.4822280186,NA,NA,10434.1045185926,NA,NA
138555.643603937,NA,NA,9542.74118044761,NA,NA
95394.4784079479,NA,NA,12721.0908931193,NA,NA
101811.077810103,NA,NA,13343.6930861386,NA,NA
58612.2276435886,NA,NA,10975.1580268582,NA,NA
113051.216466326,NA,NA,11500.1112319362,NA,NA
85038.1017868733,NA,NA,12109.6203132667,NA,NA
61532.3215147046,NA,NA,13162.452181145,NA,NA
77746.6914638077,NA,NA,9867.14093824586,NA,NA
70306.2706380369,NA,NA,10592.4355076098,NA,NA
93852.8134585062,NA,NA,9557.60078462219,NA,NA
76137.3628397884,NA,NA,11922.3238273231,NA,NA
63728.4828127119,NA,NA,14402.5671494245,NA,NA
117198.060702022,NA,NA,13063.7044633974,NA,NA
73784.6996138296,NA,NA,11376.3241788422,NA,NA
56713.6919112326,NA,NA,13151.6449514983,NA,NA
60399.2722284678,NA,NA,12473.595177183,NA,NA
81147.6528433041,NA,NA,10083.9265862882,NA,NA
60223.1648758188,NA,NA,12560.6030209151,NA,NA
87182.2571857672,NA,NA,13773.6618700161,NA,NA
108135.852116148,NA,NA,15607.4446461968,NA,NA
59205.1312184016,NA,NA,12168.3534373126,NA,NA
61571.3836511616,NA,NA,12003.4083905776,NA,NA
79914.1059362809,NA,NA,11775.9773149434,NA,NA
81574.8122938088,NA,NA,9772.55133367286,NA,NA
76876.1968504186,NA,NA,14101.4552362757,NA,NA
104928.763261628,NA,NA,10844.8481099072,NA,NA
67400.6761518556,NA,NA,12338.6505989542,NA,NA
79691.6098274733,NA,NA,9157.32759369147,NA,NA
96080.2501516667,NA,NA,15972.8396017272,NA,NA
63886.1370425853,NA,NA,10101.6474555324,NA,NA
84704.1250414862,NA,NA,19068.9625717919,NA,NA
57047.1063614873,NA,NA,11018.6919711765,NA,NA
68580.9636060288,NA,NA,9688.68162239177,NA,NA
102090.094249117,NA,NA,9449.61867255644,NA,NA
124305.452098263,NA,NA,13340.17626877,NA,NA
73841.2111607026,NA,NA,10693.0756357658,NA,NA
105533.692277209,NA,NA,12867.3280191188,NA,NA
44152.1847878468,NA,NA,10346.1201420901,NA,NA
123998.11725214,NA,NA,15170.106114044,NA,NA
127263.40870735,NA,NA,14535.7081880284,NA,NA
100696.610558181,NA,NA,9964.0113831978,NA,NA
96264.8512601654,NA,NA,9233.31576548258,NA,NA
74412.323878945,NA,NA,9486.19156559271,NA,NA
54278.0588045293,NA,NA,10175.3455986779,NA,NA
49676.1587216037,NA,NA,12897.5058363281,NA,NA
85220.5596931376,NA,NA,11511.7119491582,NA,NA
96054.2889869313,NA,NA,11800.5064444223,NA,NA
47099.5729620242,NA,NA,11430.2339503458,NA,NA
83292.5132402487,NA,NA,11355.135053007,NA,NA
95830.5027498214,NA,NA,14020.8444593334,NA,NA
100973.470726514,NA,NA,10426.6621239907,NA,NA
55900.0364139882,NA,NA,14758.5017394989,NA,NA
56659.7911731554,NA,NA,10655.5639229095,NA,NA
46222.5735053747,NA,NA,11558.7206966756,NA,NA
61173.2549805689,NA,NA,12855.8417976009,NA,NA
60322.6372049371,NA,NA,11508.876089924,NA,NA
99545.7384854241,NA,NA,12123.0560151368,NA,NA
74620.9119610686,NA,NA,13324.1722086892,NA,NA
89565.4867043824,NA,NA,9894.45459909171,NA,NA
75404.169055355,NA,NA,11599.6279606375,NA,NA
73001.723476768,NA,NA,11918.264699923,NA,NA
77840.1040740265,NA,NA,12964.545843448,NA,NA
60436.6279185809,NA,NA,10672.3929272714,NA,NA
55933.8629291181,NA,NA,11269.2212545025,NA,NA
87555.4646433941,NA,NA,10917.1782781286,NA,NA
60340.7374350972,NA,NA,15889.9240168789,NA,NA
54376.6973048158,NA,NA,13148.8985711419,NA,NA
84319.4524202976,NA,NA,10176.1852842844,NA,NA
86137.6111535836,NA,NA,11301.2072280113,NA,NA
67426.5355722488,NA,NA,10102.2921937593,NA,NA
69799.9005528163,NA,NA,13155.4568371248,NA,NA
76604.5472517936,NA,NA,9862.61906643524,NA,NA
62838.0329134155,NA,NA,13150.7064140847,NA,NA
105160.628425364,NA,NA,9711.74915729938,NA,NA
96599.6186446771,NA,NA,9167.49833032247,NA,NA
49162.0257314484,NA,NA,12358.0845969352,NA,NA
72630.3296379935,NA,NA,12220.3984919952,NA,NA
64281.9248075755,NA,NA,20567.8475309777,NA,NA
55762.2058850299,NA,NA,12852.0686214701,NA,NA
68857.9660286729,NA,NA,11651.1602606027,NA,NA
65092.5099232038,NA,NA,14687.3543999715,NA,NA
66541.037844278,NA,NA,11017.3194486847,NA,NA
69061.1156279474,NA,NA,12338.1348145475,NA,NA
85587.300773645,NA,NA,10911.9720367059,NA,NA
102062.034292596,NA,NA,10751.990963369,NA,NA
53219.1484729986,NA,NA,10911.6358451758,NA,NA
102461.959011524,NA,NA,14902.8700514726,NA,NA
78612.8122083533,NA,NA,13634.0607065422,NA,NA
54238.3948357848,NA,NA,10074.7328220528,NA,NA
57234.636035793,NA,NA,12234.1531555893,NA,NA
77946.518546016,NA,NA,10886.6444856953,NA,NA
70561.6180617211,NA,NA,11784.2457694226,NA,NA
102332.242914594,NA,NA,15702.3331026513,NA,NA
67184.9990345634,NA,NA,11313.9060431302,NA,NA
65254.9896722204,NA,NA,10156.2120590473,NA,NA
90298.2103503929,NA,NA,10489.7164575595,NA,NA
89784.6057234847,NA,NA,14856.3245123387,NA,NA
74407.9397478155,NA,NA,11735.6921853421,NA,NA
88083.5441714064,NA,NA,10567.7205496899,NA,NA
59146.071652053,NA,NA,16581.5469128226,NA,NA
72035.6748794824,NA,NA,10758.4610593111,NA,NA
80563.6242334778,NA,NA,11813.0358777101,NA,NA
91028.9211701608,NA,NA,11011.5468536329,NA,NA
90791.1899948505,NA,NA,12700.3742650698,NA,NA
90794.6825670347,NA,NA,16469.7659125503,NA,NA
103126.933342487,NA,NA,10049.2997149289,NA,NA
69104.3866530143,NA,NA,14763.0378229934,NA,NA
101945.754617097,NA,NA,10134.0093503924,NA,NA
97144.9148642419,NA,NA,11365.717658446,NA,NA
31937.4426472771,NA,NA,12504.7626675485,NA,NA
61995.1592578389,NA,NA,13775.4745313037,NA,NA
90370.4857403227,NA,NA,10166.1590676061,NA,NA
93254.6979696601,NA,NA,14337.1158895944,NA,NA
98213.5044937838,NA,NA,12207.7148270109,NA,NA
88266.2923729366,NA,NA,12657.4400941016,NA,NA
114774.328016165,NA,NA,10852.2089361088,NA,NA
101313.804564804,NA,NA,14636.9245720001,NA,NA
101487.075232551,NA,NA,11854.1876096227,NA,NA
72542.8643729058,NA,NA,12161.3319648245,NA,NA
51114.9817052481,NA,NA,10843.5476085444,NA,NA
81469.5125429113,NA,NA,13226.7755236972,NA,NA
79251.6623339922,NA,NA,13224.3773893427,NA,NA
114651.496610217,NA,NA,13529.0905505224,NA,NA
66660.3190843819,NA,NA,9344.45829798725,NA,NA
127698.194055459,NA,NA,12117.314777965,NA,NA
53670.4784268572,NA,NA,12605.2691980589,NA,NA
83617.0943915218,NA,NA,10794.6276957718,NA,NA
79345.9162692008,NA,NA,11776.0482159979,NA,NA
41204.180442372,NA,NA,11646.0375736676,NA,NA
56925.689385925,NA,NA,13410.1834828264,NA,NA
46209.2899626489,NA,NA,9440.94417629284,NA,NA
61663.0702995525,NA,NA,14085.1042350633,NA,NA
77487.1639920077,NA,NA,12481.4290756699,NA,NA
95659.5104151237,NA,NA,14997.9464688205,NA,NA
81561.9461535041,NA,NA,11676.8035896685,NA,NA
68693.8575966884,NA,NA,11151.796716704,NA,NA
79379.5363777785,NA,NA,11813.5196123348,NA,NA
89100.4522046851,NA,NA,12390.6487383491,NA,NA
66534.4215334766,NA,NA,13516.9216587238,NA,NA
93020.4309197186,NA,NA,13077.3738507792,NA,NA
87492.8395324495,NA,NA,12627.7994871967,NA,NA
77366.3438233445,NA,NA,12049.437962668,NA,NA
40200.3827765733,NA,NA,12989.4734008207,NA,NA
52394.9945010061,NA,NA,10415.9517692789,NA,NA
63650.555237525,NA,NA,13993.6258897244,NA,NA
65359.9852885032,NA,NA,13289.0055830712,NA,NA
118617.895884218,NA,NA,10439.4641398694,NA,NA
64623.3122755886,NA,NA,10913.5649507946,NA,NA
136998.615340637,NA,NA,14049.9407315535,NA,NA
96293.3471718184,NA,NA,10638.8182981679,NA,NA
76558.1752086024,NA,NA,9368.80613537324,NA,NA
108675.67824167,NA,NA,11740.224617303,NA,NA
82543.6319903373,NA,NA,14173.2924297976,NA,NA
59118.2257817597,NA,NA,11279.0503555598,NA,NA
86590.3207124548,NA,NA,12108.8254520276,NA,NA
155918.313172373,NA,NA,17156.9269548014,NA,NA
50568.5338781103,NA,NA,11923.1367028104,NA,NA
72608.8089266861,NA,NA,12129.4297963723,NA,NA
47627.3456777479,NA,NA,11626.2931329511,NA,NA
57560.3508183651,NA,NA,12006.9912232075,NA,NA
68787.0330826911,NA,NA,10439.6712115281,NA,NA
64864.6750794719,NA,NA,12744.5392378608,NA,NA
55998.6311305902,NA,NA,10126.0283149943,NA,NA
106525.62205989,NA,NA,12055.8848943127,NA,NA
114021.975082285,NA,NA,10082.2781506268,NA,NA
63332.1095756305,NA,NA,11822.4195508366,NA,NA
90421.6941785931,NA,NA,12929.1782724083,NA,NA
84807.8325795437,NA,NA,12009.6501943545,NA,NA
81042.9297807187,NA,NA,12038.1466271821,NA,NA
74650.7481825206,NA,NA,9134.21590608375,NA,NA
115126.996183283,NA,NA,10787.2031502376,NA,NA
96012.8236826259,NA,NA,13688.8141357246,NA,NA
63773.4806583455,NA,NA,9672.7418907527,NA,NA
58851.4193030658,NA,NA,10641.3113276103,NA,NA
83911.6800113542,NA,NA,10637.4362997717,NA,NA
54598.4259097024,NA,NA,10690.2767680676,NA,NA
76867.2202166326,NA,NA,14031.1324373724,NA,NA
113618.877784867,NA,NA,9315.79203034762,NA,NA
73212.3134103116,NA,NA,12882.1760788189,NA,NA
56187.0475582282,NA,NA,17021.314777208,NA,NA
90534.7656216365,NA,NA,8480.88057558809,NA,NA
45923.3541334192,NA,NA,10118.5681839658,NA,NA
133225.072545548,NA,NA,9961.64497280675,NA,NA
62097.0961257552,NA,NA,11916.8221009457,NA,NA
68601.4385303623,NA,NA,10434.2729883265,NA,NA
80209.5662229496,NA,NA,13065.8759321607,NA,NA
81945.4097524867,NA,NA,10766.9087374655,NA,NA
71935.7985590929,NA,NA,10908.9163745633,NA,NA
82181.6013118272,NA,NA,10681.7705045011,NA,NA
62017.5332178054,NA,NA,13515.6819403343,NA,NA
55881.1545683857,NA,NA,14919.3522927132,NA,NA
61883.9315639642,NA,NA,11773.3242227567,NA,NA
64511.9855276414,NA,NA,9257.17818604382,NA,NA
29285.2758134339,NA,NA,12104.6688019702,NA,NA
67240.7893285073,NA,NA,10862.8037481044,NA,NA
80798.8316201252,NA,NA,13955.7314674345,NA,NA
40727.3365527746,NA,NA,11376.0602162603,NA,NA
82268.7882641009,NA,NA,12738.4824481341,NA,NA
50773.0870835998,NA,NA,10520.9876940638,NA,NA
75817.5812240583,NA,NA,12733.4322043858,NA,NA
77472.3835653352,NA,NA,10291.9390844281,NA,NA
75271.9388858823,NA,NA,10430.3143424901,NA,NA
48556.0887782512,NA,NA,11306.5379082755,NA,NA
80198.9156554714,NA,NA,8610.65682420818,NA,NA
103302.240843891,NA,NA,14413.1255933815,NA,NA
67548.2707986666,NA,NA,9677.7890112302,NA,NA
75510.7811144757,NA,NA,11092.1447466597,NA,NA
78323.8516778209,NA,NA,13721.8621882856,NA,NA
43823.6839861178,NA,NA,9919.04054284654,NA,NA
49380.18161727,NA,NA,10195.2290803157,NA,NA
98189.5575768325,NA,NA,11408.80085163,NA,NA
91397.2300164839,NA,NA,23410.1087611099,NA,NA
101397.307862747,NA,NA,10477.7339646933,NA,NA
80402.007251723,NA,NA,12235.3411475853,NA,NA
117360.266013481,NA,NA,11477.0113994989,NA,NA
105031.206224622,NA,NA,10502.7554448267,NA,NA
61365.1327951923,NA,NA,13271.1521660379,NA,NA
78894.6517161224,NA,NA,12431.9225911554,NA,NA
70005.2151105403,NA,NA,10167.4824991127,NA,NA
83360.3650578277,NA,NA,8125.57056142449,NA,NA
88155.4519120108,NA,NA,15830.8418961016,NA,NA
37516.3167796817,NA,NA,11546.7240385831,NA,NA
71337.5503304522,NA,NA,10605.8973258328,NA,NA
87126.121502484,NA,NA,11305.5228266447,NA,NA
123735.377549573,NA,NA,12571.4861490465,NA,NA
122385.377164527,NA,NA,18716.4996673854,NA,NA
46094.2163437872,NA,NA,12585.1338412267,NA,NA
80843.8682561293,NA,NA,12746.6591291692,NA,NA
54664.38363948,NA,NA,9086.33010912576,NA,NA
99869.0412760352,NA,NA,12472.8608054031,NA,NA
59164.2060604307,NA,NA,11051.1520008804,NA,NA
81877.8702772836,NA,NA,10986.2243374585,NA,NA
63176.2492050495,NA,NA,9775.36294366288,NA,NA
68003.259289701,NA,NA,12012.2867657694,NA,NA
64823.9155612745,NA,NA,10009.6423052558,NA,NA
67543.0323617583,NA,NA,10790.9080757974,NA,NA
76512.5571340901,NA,NA,12328.9901141293,NA,NA
78194.1250992896,NA,NA,9909.95161638149,NA,NA
120238.268429374,NA,NA,12095.827891068,NA,NA
80705.7026624047,NA,NA,9334.92796270181,NA,NA
65730.9973955083,NA,NA,12286.2677793112,NA,NA
82914.8148319885,NA,NA,10577.3783168915,NA,NA
67081.0546046514,NA,NA,10329.1957295539,NA,NA
62624.2098278051,NA,NA,9556.13893077601,NA,NA
83318.2498151647,NA,NA,10119.5750062204,NA,NA
113030.737664571,NA,NA,10915.3030786286,NA,NA
118004.143120102,NA,NA,13387.5483879772,NA,NA
117954.664634708,NA,NA,12750.6227409573,NA,NA
110183.627103722,NA,NA,10574.4589754228,NA,NA
69580.7252790891,NA,NA,14257.4383789667,NA,NA
81213.3258914898,NA,NA,16329.1132122667,NA,NA
106363.018715336,NA,NA,12813.8870321475,NA,NA
53052.1364574858,NA,NA,11311.6832712542,NA,NA
96610.0615734454,NA,NA,14890.6036829623,NA,NA
99024.5086965932,NA,NA,13121.1882734878,NA,NA
67232.708159424,NA,NA,9639.69733718746,NA,NA
83979.3130420991,NA,NA,10813.0435309898,NA,NA
68512.3079211923,NA,NA,11101.741173733,NA,NA
72351.3463150401,NA,NA,12614.0880349674,NA,NA
68582.6265179227,NA,NA,11791.5795777867,NA,NA
87234.7957831946,NA,NA,10992.2552311664,NA,NA
141744.763575057,NA,NA,10119.208411681,NA,NA
71682.5875832333,NA,NA,9790.54757504282,NA,NA
52417.6216762097,NA,NA,13153.5793431357,NA,NA
76212.3208079093,NA,NA,13094.3468372022,NA,NA
68492.5501217408,NA,NA,8404.66823962555,NA,NA
93508.954871312,NA,NA,10133.2248658791,NA,NA
86501.0796707943,NA,NA,13584.42780621,NA,NA
48450.2321688438,NA,NA,9448.42105488136,NA,NA
84710.0391884525,NA,NA,11427.4145653566,NA,NA
50716.4612419803,NA,NA,15040.1387857591,NA,NA
171767.956772484,NA,NA,12330.473771095,NA,NA
62464.3548891337,NA,NA,12936.9040167918,NA,NA
74709.0524429818,NA,NA,11531.4319842539,NA,NA
52708.3954353649,NA,NA,12287.2038894641,NA,NA
81492.0879635585,NA,NA,11602.8890597184,NA,NA
51830.827030855,NA,NA,10654.3139779505,NA,NA
44650.0379173702,NA,NA,12444.405036096,NA,NA
106102.92972326,NA,NA,11309.9086281779,NA,NA
136043.703782631,NA,NA,9513.38924101644,NA,NA
80254.2796989639,NA,NA,9498.2298263339,NA,NA
49304.9934774758,NA,NA,9410.97512862621,NA,NA
58066.5229295817,NA,NA,10411.8308398257,NA,NA
72177.6676764558,NA,NA,13393.2271092337,NA,NA
67493.3795755481,NA,NA,12097.1262046142,NA,NA
62642.6640464039,NA,NA,10865.9258639775,NA,NA
80119.0754067022,NA,NA,9628.62891802268,NA,NA
64257.9618493695,NA,NA,10827.7386670884,NA,NA
70406.6855587831,NA,NA,12134.7189968412,NA,NA
70225.0012018478,NA,NA,11466.6638351017,NA,NA
63960.9285933916,NA,NA,11108.714334707,NA,NA
91965.4763506235,NA,NA,10882.0156368906,NA,NA
80872.4131473789,NA,NA,12857.7091149459,NA,NA
130706.198575265,NA,NA,12524.8801200075,NA,NA
67424.7040050933,NA,NA,12353.0643650714,NA,NA
60889.9956691414,NA,NA,11784.2702076018,NA,NA
80495.1695139592,NA,NA,11148.2679480073,NA,NA
118324.530530274,NA,NA,10056.3752315638,NA,NA
52393.1650976718,NA,NA,11881.605793634,NA,NA
93275.2394739281,NA,NA,14028.1582632011,NA,NA
64585.7352985877,NA,NA,9860.00022093226,NA,NA
75220.8152272956,NA,NA,13510.5542659684,NA,NA
119108.508965745,NA,NA,10715.1247327525,NA,NA
90694.0255994807,NA,NA,15811.7032113422,NA,NA
72306.2258919884,NA,NA,11057.7466441644,NA,NA
106008.132141052,NA,NA,10424.0450456977,NA,NA
177478.557221096,NA,NA,11268.4004974723,NA,NA
48733.9878978517,NA,NA,11335.5328313129,NA,NA
57674.1913974261,NA,NA,9853.06303247556,NA,NA
78495.7949564893,NA,NA,10264.2835213397,NA,NA
42359.8998303506,NA,NA,10751.8153155966,NA,NA
81679.44694008,NA,NA,11958.5519666176,NA,NA
59590.0294641078,NA,NA,13132.780192661,NA,NA
64286.2488542359,NA,NA,11108.9415136814,NA,NA
66692.9985139909,NA,NA,13528.4385103732,NA,NA
105773.159518798,NA,NA,9127.83936486483,NA,NA
48819.2138767526,NA,NA,10434.8790737259,NA,NA
100673.572431456,NA,NA,10421.4229444754,NA,NA
135707.315037468,NA,NA,10239.180827828,NA,NA
59178.4129944412,NA,NA,10656.5240166222,NA,NA
70786.9923731248,NA,NA,10846.8334818963,NA,NA
73395.9378161936,NA,NA,11981.3776375028,NA,NA
108795.116545777,NA,NA,9395.39415277951,NA,NA
129360.60229655,NA,NA,11147.0787268296,NA,NA
52951.4069382752,NA,NA,11692.6648987595,NA,NA
63911.810642622,NA,NA,9761.36931751799,NA,NA
134496.44761305,NA,NA,8664.19098864963,NA,NA
66662.6167171384,NA,NA,13629.4953348786,NA,NA
59184.5371057401,NA,NA,13815.3869079264,NA,NA
107598.892904877,NA,NA,12278.9315449795,NA,NA
96346.1879172702,NA,NA,12779.4255829495,NA,NA
85710.7962184258,NA,NA,12867.3742702704,NA,NA
103052.200985806,NA,NA,15217.7313777012,NA,NA
108067.92215073,NA,NA,12195.0193922398,NA,NA
68767.6079156394,NA,NA,11330.8004781705,NA,NA
95774.5143987985,NA,NA,14714.630527409,NA,NA
89162.5722850121,NA,NA,13132.9351911807,NA,NA
50610.9237972026,NA,NA,11753.5379492315,NA,NA
115702.286242374,NA,NA,11787.7214277794,NA,NA
72050.2904248589,NA,NA,14479.656436237,NA,NA
104878.351586699,NA,NA,18984.4315835307,NA,NA
71501.0827341799,NA,NA,13894.9245887787,NA,NA
