,Alive,Death,ODN,ODF,REL,BUP,BUPC,MET,METC,ABS,,ODF,,,ODN,,,29000,,
0,0,1.11E-16,0,0,0,0,0,1,0,0,,,,,,,,,,
1,0,0.000324119,0.006256374,0.000334792,0.281157405,0,0,0.70712781,0,0.004799501,,,,,,,,,,
2,0,0.000710153,0.035402049,0.00222923,0.294636767,0.008185738,0.008185738,0.625200292,0.019806425,0.005643609,,,,,,,,,,
3,0,0.001104633,0.025672809,0.003603036,0.321873706,0.016163205,0.014817491,0.574233326,0.036114672,0.006417121,,,,,,,,Year,Non-fatal OD,Fatal OD
4,0,0.001502221,0.024234038,0.004899851,0.346118781,0.020957976,0.017624536,0.532864802,0.044658422,0.007139373,,,,,,,,1,8589,460
5,0,0.001904115,0.024732085,0.006223317,0.363154227,0.024692647,0.019528708,0.500196701,0.05183617,0.00773203,,,,,,,,2,9583,513
6,0,0.002309176,0.024883738,0.007554899,0.376799226,0.027776067,0.020941253,0.473529193,0.057953255,0.008253193,,,,,,,,3,9884,529
7,0,0.002716594,0.025128594,0.008899583,0.38807634,0.030317142,0.021970098,0.45108274,0.063083094,0.008725816,,,,,,,,4,9881,529
8,0,0.003125875,0.025429025,0.010260344,0.397422673,0.032454936,0.022761724,0.431890257,0.067496073,0.009159094,,,,,,,,5,9733,521
9,0,0.003536609,0.025716739,0.011636501,0.405282109,0.034279674,0.023395216,0.415256687,0.071335334,0.00956113,,,,,,,,,,
10,0,0.003948469,0.02598946,0.013027252,0.411957758,0.03585275,0.023916853,0.400673806,0.074696053,0.009937599,,,,,,,,,,
11,0,0.004361191,0.026245568,0.014431707,0.417662133,0.037221843,0.024359056,0.387769346,0.077656724,0.010292431,,,,,,,,,,
12,0,0.004774558,0.026483039,0.015848871,0.42255909,0.038423706,0.024743681,0.376259757,0.080278719,0.010628578,,0.015848871,459.6172529,,0.296173519,8589.03205,,,,
13,0,0.005210582,0.026701303,0.017277714,0.426764693,0.039486117,0.025084966,0.365917276,0.082609127,0.010948222,,,,,,,,,,
14,0,0.005646922,0.026901911,0.018717292,0.430391754,0.040432429,0.025393663,0.356573466,0.084689391,0.011253173,,,,,,,,,,
15,0,0.006083439,0.027085689,0.020166704,0.433522185,0.041280749,0.025676926,0.348087059,0.086552424,0.011544826,,,,,,,,,,
16,0,0.006520015,0.027253664,0.021625106,0.43622321,0.042045653,0.025939752,0.34034266,0.088225634,0.011824306,,,,,,,,,,
17,0,0.006956546,0.02740686,0.023091705,0.438550696,0.042738979,0.026185673,0.333244929,0.089732081,0.012092533,,,,,,,,,,
18,0,0.007392941,0.027546263,0.024565763,0.440551574,0.043370401,0.026417193,0.326714283,0.091091308,0.012350272,,,,,,,,,,
19,0,0.007829123,0.027672811,0.026046594,0.442265626,0.043947882,0.026636109,0.3206837,0.092319988,0.012598168,,,,,,,,,,
20,0,0.008265022,0.027787379,0.027533555,0.443726824,0.044478013,0.026843719,0.315096281,0.093432438,0.012836769,,,,,,,,,,
21,0,0.008700576,0.027890785,0.02902605,0.444964374,0.044966284,0.027040977,0.309903386,0.094441018,0.013066549,,,,,,,,,,
22,0,0.009135732,0.027983787,0.030523522,0.446003525,0.045417299,0.027228595,0.305063165,0.095356451,0.013287925,,,,,,,,,,
23,0,0.009570441,0.028067085,0.032025451,0.446866214,0.045834935,0.027407121,0.300539408,0.096188082,0.013501262,,,,,,,,,,
24,0,0.010004662,0.028141329,0.033531353,0.447571584,0.046222482,0.027576989,0.296300618,0.096944093,0.013706891,,0.017682482,512.7919738,,0.330438865,9582.727086,,,,
25,0,0.010466897,0.028206128,0.035040722,0.448120661,0.046581527,0.027737754,0.292312275,0.097629054,0.013904982,,,,,,,,,,
26,0,0.01092852,0.028263136,0.036553142,0.448544147,0.046915616,0.027890472,0.28855725,0.098251812,0.014095904,,,,,,,,,,
27,0,0.011389498,0.028312743,0.038068217,0.448855066,0.047226859,0.028035431,0.285014269,0.098818004,0.014279912,,,,,,,,,,
28,0,0.011849804,0.028355444,0.039585577,0.449064863,0.047517073,0.02817288,0.281664501,0.099332618,0.01445724,,,,,,,,,,
29,0,0.012309412,0.028391687,0.041104876,0.449183671,0.047787851,0.028303052,0.278491239,0.099800104,0.014628109,,,,,,,,,,
30,0,0.012768298,0.028421879,0.042625791,0.449220503,0.048040593,0.028426171,0.275479603,0.100224437,0.014792726,,,,,,,,,,
31,0,0.013226442,0.028446402,0.044148018,0.449183384,0.048276534,0.028542451,0.272616309,0.100609172,0.014951289,,,,,,,,,,
32,0,0.013683826,0.02846561,0.045671273,0.449079469,0.048496778,0.028652103,0.269889455,0.100957501,0.015103985,,,,,,,,,,
33,0,0.014140433,0.028479834,0.047195289,0.44891515,0.04870231,0.028755334,0.267288359,0.101272298,0.015250994,,,,,,,,,,
34,0,0.014596249,0.028489379,0.048719816,0.448696145,0.04889402,0.028852348,0.264803404,0.101556152,0.015392487,,,,,,,,,,
35,0,0.015051259,0.028494532,0.050244618,0.448427577,0.049072711,0.028943348,0.262425913,0.101811409,0.015528632,,,,,,,,,,
36,0,0.015505454,0.028495558,0.051769476,0.448114041,0.049239116,0.029028534,0.260148042,0.102040192,0.015659587,,0.018238123,528.9055688,,0.340822331,9883.8476,,,,
37,0,0.015994467,0.028491429,0.053294112,0.447739707,0.049392257,0.029107037,0.257954728,0.102240934,0.015785327,,,,,,,,,,
38,0,0.016482558,0.028483801,0.054818341,0.447328586,0.049534301,0.029180067,0.25584742,0.10241878,0.015906145,,,,,,,,,,
39,0,0.016969718,0.028472719,0.056341976,0.446884064,0.049665852,0.029247845,0.25382028,0.102575355,0.016022191,,,,,,,,,,
40,0,0.01745594,0.028458415,0.057864846,0.446409089,0.049787448,0.029310564,0.251867961,0.102712127,0.01613361,,,,,,,,,,
41,0,0.017941216,0.028441081,0.059386788,0.44590632,0.049899591,0.029368419,0.24998559,0.102830454,0.016240542,,,,,,,,,,
42,0,0.018425539,0.028420893,0.06090765,0.445378174,0.050002748,0.029421594,0.248168706,0.102931574,0.016343122,,,,,,,,,,
43,0,0.018908905,0.028398015,0.062427288,0.444826844,0.050097353,0.029470269,0.246413221,0.103016623,0.016441482,,,,,,,,,,
44,0,0.019391308,0.028372605,0.063945566,0.44425432,0.050183812,0.029514619,0.244715377,0.103086644,0.01653575,,,,,,,,,,
45,0,0.019872743,0.028344806,0.065462357,0.443662404,0.050262505,0.029554813,0.243071725,0.103142595,0.016626052,,,,,,,,,,
46,0,0.020353208,0.028314757,0.066977539,0.443052734,0.050333792,0.029591015,0.241479084,0.103185362,0.016712507,,,,,,,,,,
47,0,0.020832699,0.028282586,0.068491,0.442426798,0.050398011,0.029623384,0.239934525,0.103215763,0.016795235,,,,,,,,,,
48,0,0.021311213,0.028248412,0.070002632,0.441785947,0.050455482,0.029652074,0.23843534,0.103234552,0.016874348,,0.018233157,528.761539,,0.340729519,9881.156063,,,,
49,0,0.021824832,0.028211039,0.071512265,0.441111081,0.05050476,0.029676105,0.236971394,0.103238767,0.016949758,,,,,,,,,,
50,0,0.022337375,0.028172039,0.07301981,0.44042402,0.050547785,0.029696699,0.235547913,0.103232625,0.017021734,,,,,,,,,,
51,0,0.022848838,0.028131334,0.074525177,0.439725832,0.050584866,0.029714024,0.234162789,0.103216753,0.017090387,,,,,,,,,,
52,0,0.023359221,0.028089047,0.076028281,0.43901738,0.050616275,0.02972822,0.232814035,0.103191718,0.017155823,,,,,,,,,,
53,0,0.023868523,0.028045272,0.077529043,0.438299447,0.05064227,0.029739423,0.231499818,0.103158061,0.017218144,,,,,,,,,,
54,0,0.024376742,0.028000089,0.079027387,0.437572771,0.050663095,0.029747762,0.230218424,0.103116281,0.017277448,,,,,,,,,,
55,0,0.024883879,0.027953577,0.080523242,0.436838034,0.050678981,0.02975336,0.228968253,0.103066841,0.017333833,,,,,,,,,,
56,0,0.025389933,0.027905812,0.082016541,0.436095864,0.050690145,0.029756333,0.227747813,0.103010171,0.017387389,,,,,,,,,,
57,0,0.025894903,0.027856862,0.08350722,0.435346841,0.050696795,0.029756793,0.226555706,0.102946672,0.017438209,,,,,,,,,,
58,0,0.02639879,0.027806794,0.084995221,0.434591498,0.050699126,0.029754846,0.225390626,0.102876721,0.017486378,,,,,,,,,,
59,0,0.026901594,0.02775567,0.086480485,0.433830325,0.050697328,0.029750596,0.224251349,0.102800669,0.017531983,,,,,,,,,,
60,0,0.027403315,0.02770355,0.087962961,0.433063777,0.050691579,0.02974414,0.223136729,0.102718845,0.017575105,,0.017960328,520.8495241,,0.335631083,9733.30141,,,,
61,0,0.027943917,0.02764903,0.089442519,0.432269668,0.050680058,0.02973429,0.222037518,0.102627416,0.017615584,,,,,,,,,,
62,0,0.028483326,0.027593798,0.090919121,0.431471409,0.050664818,0.029722365,0.220960753,0.102530714,0.017653694,,,,,,,,,,
63,0,0.029021543,0.027537704,0.092392722,0.430669407,0.050646054,0.029708485,0.219905528,0.10242904,0.017689516,,,,,,,,,,
64,0,0.029558568,0.027480828,0.093863279,0.429863914,0.050623931,0.029692739,0.218870961,0.102322656,0.017723125,,,,,,,,,,
65,0,0.030094403,0.027423219,0.095330753,0.429055156,0.050598604,0.029675216,0.21785623,0.102211824,0.017754596,,,,,,,,,,
66,0,0.03062905,0.027364917,0.096795108,0.428243371,0.05057022,0.029655996,0.216860555,0.102096785,0.017783998,,,,,,,,,,
67,0,0.031162508,0.027305962,0.098256308,0.427428788,0.050538917,0.029635157,0.215883196,0.101977764,0.0178114,,,,,,,,,,
68,0,0.031694781,0.027246392,0.09971432,0.426611624,0.050504824,0.029612769,0.214923451,0.101854969,0.017836869,,,,,,,,,,
69,0,0.03222587,0.027186243,0.101169113,0.425792086,0.050468064,0.029588902,0.213980657,0.101728598,0.017860468,,,,,,,,,,
70,0,0.032755776,0.027125549,0.102620658,0.424970366,0.050428754,0.02956362,0.213054182,0.101598836,0.017882259,,,,,,,,,,
71,0,0.033284501,0.027064344,0.104068929,0.424146648,0.050387007,0.029536984,0.212143428,0.101465856,0.017902302,,,,,,,,,,
72,0,0.033812046,0.027002658,0.105513898,0.423321105,0.050342928,0.029509056,0.21124783,0.101329825,0.017920654,,,,,,,,,,
73,0,0.034378537,0.026939053,0.106955464,0.422471143,0.050294583,0.029478578,0.210358836,0.101186685,0.01793712,,,,,,,,,,
74,0,0.034943735,0.026875204,0.108393612,0.421620102,0.050244005,0.029446866,0.209483812,0.1010407,0.017951962,,,,,,,,,,
75,0,0.035507643,0.026810933,0.109828322,0.420768179,0.050191327,0.029414003,0.208622316,0.100892039,0.017965238,,,,,,,,,,
76,0,0.036070263,0.026746299,0.111259573,0.419915427,0.050136654,0.029380045,0.2077739,0.100740837,0.017977002,,,,,,,,,,
77,0,0.036631597,0.026681331,0.112687347,0.419061895,0.050080084,0.02934505,0.206938146,0.100587244,0.017987306,,,,,,,,,,
78,0,0.037191647,0.026616048,0.114111628,0.418207656,0.050021709,0.029309069,0.206114651,0.100431391,0.0179962,,,,,,,,,,
79,0,0.037750417,0.026550472,0.1155324,0.417352791,0.049961616,0.029272146,0.205303025,0.1002734,0.018003733,,,,,,,,,,
80,0,0.038307909,0.026484625,0.116949649,0.416497378,0.049899882,0.029234327,0.204502894,0.100113386,0.01800995,,,,,,,,,,
81,0,0.038864125,0.026418525,0.11836336,0.415641498,0.049836585,0.029195653,0.203713902,0.099951456,0.018014897,,,,,,,,,,
82,0,0.039419067,0.026352191,0.119773521,0.414785231,0.049771796,0.029156161,0.202935705,0.099787712,0.018018617,,,,,,,,,,
83,0,0.039972738,0.02628564,0.121180121,0.413928653,0.049705582,0.029115891,0.202167974,0.09962225,0.01802115,,,,,,,,,,
84,0,0.040525142,0.026218891,0.122583149,0.41307184,0.049638008,0.029074876,0.201410395,0.099455161,0.018022538,,,,,,,,,,
85,0,0.041121032,0.026150327,0.123982509,0.412189425,0.049566837,0.029031671,0.200653881,0.099281789,0.018022529,,,,,,,,,,
86,0,0.041715522,0.026081797,0.125378201,0.411307407,0.049494316,0.028987731,0.199906768,0.099106856,0.018021402,,,,,,,,,,
87,0,0.042308617,0.026013086,0.126770216,0.410425913,0.049420547,0.028943123,0.19916883,0.098930467,0.0180192,,,,,,,,,,
88,0,0.04290032,0.025944248,0.128158547,0.409544916,0.049345601,0.028897884,0.198439817,0.098752705,0.018015963,,,,,,,,,,
89,0,0.043490633,0.0258753,0.129543189,0.408664387,0.049269546,0.028852053,0.197719502,0.098573663,0.018011727,,,,,,,,,,
90,0,0.044079559,0.025806253,0.130924137,0.407784336,0.049192443,0.028805663,0.197007656,0.098393424,0.018006529,,,,,,,,,,
91,0,0.044667103,0.025737118,0.132301384,0.406904781,0.049114347,0.028758743,0.196304059,0.098212062,0.018000402,,,,,,,,,,
92,0,0.045253266,0.025667906,0.133674928,0.406025747,0.04903531,0.028711321,0.195608493,0.098029647,0.01799338,,,,,,,,,,
93,0,0.045838053,0.02559863,0.135044765,0.405147264,0.04895538,0.028663422,0.19492075,0.097846242,0.017985494,,,,,,,,,,
94,0,0.046421466,0.025529299,0.136410892,0.404269364,0.048874601,0.028615068,0.194240626,0.097661909,0.017976775,,,,,,,,,,
95,0,0.047003508,0.025459923,0.137773306,0.403392081,0.048793017,0.028566284,0.193567926,0.097476704,0.017967251,,,,,,,,,,
96,0,0.047584183,0.025390513,0.139132006,0.402515449,0.048710667,0.02851709,0.192902459,0.097290682,0.017956952,,,,,,,,,,
97,0,0.048211411,0.025319335,0.140486897,0.401612214,0.048625107,0.028465908,0.192234756,0.097098786,0.017945585,,,,,,,,,,
98,0,0.048837126,0.025248357,0.14183799,0.400710233,0.048538738,0.028414296,0.191573751,0.096906066,0.017933444,,,,,,,,,,
99,0,0.049461333,0.025177341,0.143185283,0.399809603,0.048451644,0.028362311,0.190919328,0.096712596,0.017920561,,,,,,,,,,
100,0,0.050084036,0.025106336,0.144528776,0.39891026,0.048363878,0.028309978,0.19027134,0.09651843,0.017906967,,,,,,,,,,
101,0,0.050705237,0.025035356,0.14586847,0.39801214,0.048275488,0.028257327,0.189629659,0.096323636,0.017892687,,,,,,,,,,
102,0,0.051324942,0.024964404,0.147204369,0.397115221,0.048186518,0.028204379,0.188994151,0.096128269,0.017877749,,,,,,,,,,
103,0,0.051943153,0.024893487,0.148536472,0.396219492,0.048097005,0.028151154,0.188364682,0.09593238,0.017862176,,,,,,,,,,
104,0,0.052559875,0.024822612,0.149864782,0.395324953,0.048006983,0.028097669,0.18774112,0.095736013,0.017845993,,,,,,,,,,
105,0,0.053175111,0.024751785,0.151189302,0.39443161,0.047916485,0.02804394,0.187123336,0.095539209,0.017829222,,,,,,,,,,
106,0,0.053788864,0.024681011,0.152510035,0.393539471,0.047825539,0.027989982,0.186511202,0.095342008,0.017811887,,,,,,,,,,
107,0,0.05440114,0.024610297,0.153826984,0.392648549,0.047734174,0.027935808,0.185904596,0.095144445,0.017794006,,,,,,,,,,
108,0,0.05501194,0.024539648,0.155140153,0.391758859,0.047642414,0.027881432,0.185303396,0.094946556,0.017775602,,,,,,,,,,
109,0,0.055672188,0.024467229,0.156449446,0.390841372,0.047547629,0.027825158,0.184697712,0.09474292,0.017756346,,,,,,,,,,
110,0,0.056330801,0.024395115,0.15775488,0.389925722,0.047452372,0.027768642,0.184097013,0.094538906,0.01773655,,,,,,,,,,
111,0,0.056987784,0.024323049,0.159056458,0.389011995,0.047356718,0.027711936,0.183501245,0.094334576,0.017716239,,,,,,,,,,
112,0,0.057643141,0.024251082,0.160354184,0.388100103,0.047260707,0.027655059,0.182910323,0.094129965,0.017695436,,,,,,,,,,
113,0,0.058296877,0.024179222,0.161648066,0.38718996,0.047164378,0.027598035,0.182324174,0.093925128,0.01767416,,,,,,,,,,
114,0,0.058948997,0.024107471,0.162938107,0.386281525,0.047067763,0.027540879,0.18174272,0.093720106,0.017652432,,,,,,,,,,
115,0,0.059599504,0.024035831,0.164224316,0.385374771,0.04697089,0.027483606,0.181165877,0.093514934,0.017630271,,,,,,,,,,
116,0,0.060248403,0.023964307,0.165506696,0.384469683,0.046873783,0.027426226,0.180593563,0.093309645,0.017607694,,,,,,,,,,
117,0,0.060895698,0.023892902,0.166785256,0.383566251,0.046776464,0.027368749,0.180025696,0.093104267,0.017584718,,,,,,,,,,
118,0,0.061541393,0.023821619,0.168060001,0.382664471,0.046678953,0.027311185,0.179462194,0.092898826,0.017561359,,,,,,,,,,
119,0,0.062185493,0.023750461,0.169330938,0.381764342,0.046581268,0.027253542,0.178902976,0.092693346,0.017537633,,,,,,,,,,
120,0,0.062828002,0.023679432,0.170598075,0.380865868,0.046483425,0.02719583,0.178347962,0.092487851,0.017513555,,,,,,,,,,
121,0,0.063522509,0.023606609,0.171861314,0.379938445,0.046382634,0.027136249,0.177786867,0.092276604,0.017488769,,,,,,,,,,
122,0,0.06421525,0.02353416,0.173120677,0.379013296,0.046281585,0.027076545,0.177229618,0.092065266,0.017463601,,,,,,,,,,
123,0,0.06490623,0.023461817,0.174376168,0.378090501,0.046180349,0.027016769,0.176676206,0.091853887,0.017438073,,,,,,,,,,
124,0,0.065595455,0.023389626,0.175627797,0.377169953,0.046078958,0.026956935,0.176126577,0.091642495,0.017412203,,,,,,,,,,
125,0,0.066282929,0.023317597,0.176875571,0.376251553,0.045977447,0.026897064,0.175580698,0.091431135,0.017386006,,,,,,,,,,
126,0,0.066968658,0.023245728,0.178119499,0.375335245,0.04587584,0.026837168,0.175038521,0.091219842,0.017359499,,,,,,,,,,
127,0,0.067652646,0.02317402,0.179359589,0.374420992,0.04577416,0.026777257,0.174499997,0.091008642,0.017332696,,,,,,,,,,
128,0,0.068334898,0.023102476,0.180595852,0.373508767,0.045672423,0.026717339,0.173965074,0.09079756,0.01730561,,,,,,,,,,
129,0,0.06901542,0.023031098,0.181828294,0.372598551,0.045570646,0.02665742,0.1734337,0.090586616,0.017278255,,,,,,,,,,
130,0,0.069694215,0.022959886,0.183056926,0.371690331,0.045468844,0.026597507,0.17290582,0.090375829,0.017250643,,,,,,,,,,
131,0,0.070371288,0.022888842,0.184281757,0.370784097,0.045367028,0.026537604,0.172381381,0.090165217,0.017222786,,,,,,,,,,
132,0,0.071046646,0.022817969,0.185502794,0.369879844,0.04526521,0.026477718,0.17186033,0.089954794,0.017194696,,,,,,,,,,
133,0,0.071777347,0.02274523,0.18671994,0.36894494,0.045160401,0.026415923,0.171331805,0.089738432,0.017165982,,,,,,,,,,
134,0,0.072506138,0.022672919,0.187933216,0.368012668,0.045055471,0.026354083,0.170806346,0.089522164,0.017136996,,,,,,,,,,
135,0,0.073233024,0.022600749,0.189142629,0.367083104,0.04495049,0.026292245,0.170283968,0.089306038,0.017107754,,,,,,,,,,
136,0,0.073958012,0.022528768,0.190348191,0.366156125,0.044845487,0.026230425,0.169764643,0.089090074,0.017078273,,,,,,,,,,
137,0,0.074681107,0.022456986,0.191549912,0.365231619,0.044740492,0.02616864,0.169248361,0.088874317,0.017048566,,,,,,,,,,
138,0,0.075402315,0.022385398,0.192747802,0.364309518,0.044635527,0.026106902,0.168735098,0.088658795,0.017018645,,,,,,,,,,
139,0,0.076121641,0.022314005,0.193941872,0.363389777,0.044530611,0.026045216,0.168224826,0.08844353,0.016988522,,,,,,,,,,
140,0,0.07683909,0.022242809,0.195132131,0.362472359,0.044425758,0.02598359,0.167717514,0.088228541,0.016958208,,,,,,,,,,
141,0,0.077554669,0.022171808,0.196318592,0.361557236,0.044320979,0.025922028,0.167213127,0.088013846,0.016927715,,,,,,,,,,
142,0,0.078268382,0.022101005,0.197501263,0.360644389,0.044216286,0.025860533,0.166711632,0.087799458,0.016897051,,,,,,,,,,
143,0,0.078980236,0.0220304,0.198680156,0.359733801,0.044111687,0.02579911,0.166212994,0.08758539,0.016866227,,,,,,,,,,
144,0,0.079690234,0.021959992,0.199855282,0.358825458,0.044007191,0.025737761,0.165717176,0.087371654,0.016835251,,,,,,,,,,
145,0,0.080460556,0.021887581,0.201026533,0.357883764,0.043899527,0.025674382,0.165212416,0.087151551,0.016803691,,,,,,,,,,
146,0,0.081228803,0.021815644,0.202193934,0.356945022,0.043791829,0.025611006,0.164710167,0.086931667,0.01677193,,,,,,,,,,
147,0,0.081994981,0.02174387,0.203357494,0.356009309,0.043684167,0.025547683,0.164210464,0.086712046,0.016739985,,,,,,,,,,
148,0,0.082759097,0.021672314,0.204517226,0.355076486,0.043576572,0.025484428,0.163713301,0.086492709,0.016707869,,,,,,,,,,
149,0,0.083521157,0.021600981,0.20567314,0.354146421,0.043469071,0.025421258,0.163218682,0.086273696,0.016675595,,,,,,,,,,
150,0,0.084281168,0.021529867,0.206825248,0.353219039,0.043361685,0.025358183,0.162726602,0.086055035,0.016643173,,,,,,,,,,
151,0,0.085039136,0.021458972,0.207973563,0.352294282,0.043254431,0.025295209,0.162237046,0.085836747,0.016610614,,,,,,,,,,
152,0,0.085795067,0.021388296,0.209118096,0.351372106,0.043147321,0.02523234,0.16175,0.085618848,0.016577926,,,,,,,,,,
153,0,0.086548967,0.021317839,0.210258859,0.350452475,0.043040366,0.02516958,0.161265442,0.085401352,0.01654512,,,,,,,,,,
154,0,0.087300843,0.021247601,0.211395863,0.349535363,0.042933573,0.025106932,0.160783352,0.08518427,0.016512203,,,,,,,,,,
155,0,0.088050701,0.021177582,0.21252912,0.348620746,0.04282695,0.025044398,0.160303707,0.084967613,0.016479184,,,,,,,,,,
156,0,0.088798546,0.021107781,0.213658642,0.347708606,0.042720503,0.024981979,0.159826484,0.084751389,0.01644607,,,,,,,,,,
157,0,0.089609345,0.021035913,0.214784318,0.346761713,0.042610804,0.024917471,0.159339448,0.084528586,0.016412402,,,,,,,,,,
158,0,0.090417891,0.02096455,0.215906175,0.345818034,0.042501134,0.024853001,0.158854536,0.084306094,0.016378584,,,,,,,,,,
159,0,0.091224191,0.020893367,0.217024224,0.344877643,0.042391564,0.024788622,0.158371799,0.084083957,0.016344633,,,,,,,,,,
160,0,0.092028253,0.020822421,0.218138475,0.343940389,0.042282123,0.024724347,0.157891241,0.083862193,0.01631056,,,,,,,,,,
161,0,0.092830083,0.020751716,0.219248944,0.343006131,0.04217284,0.024660192,0.157412878,0.083640842,0.016276376,,,,,,,,,,
162,0,0.093629689,0.020681248,0.220355641,0.342074784,0.042063733,0.024596167,0.156936718,0.08341993,0.01624209,,,,,,,,,,
163,0,0.094427077,0.020611017,0.22145858,0.341146285,0.041954817,0.024532277,0.156462756,0.083199477,0.016207714,,,,,,,,,,
164,0,0.095222256,0.020541021,0.222557773,0.340220582,0.041846105,0.024468527,0.155990986,0.082979497,0.016173253,,,,,,,,,,
165,0,0.096015231,0.020471261,0.223653234,0.339297636,0.041737603,0.024404917,0.155521398,0.082760002,0.016138718,,,,,,,,,,
166,0,0.096806011,0.020401735,0.224744974,0.338377414,0.041629321,0.024341451,0.15505398,0.082541001,0.016104114,,,,,,,,,,
167,0,0.097594601,0.020332443,0.225833006,0.337459888,0.041521263,0.02427813,0.154588718,0.082322504,0.016069449,,,,,,,,,,
168,0,0.098381008,0.020263384,0.226917342,0.336545035,0.041413434,0.024214953,0.154125598,0.082104517,0.01603473,,,,,,,,,,
169,0,0.099233629,0.020192169,0.227997868,0.335593627,0.041302216,0.024149597,0.15365178,0.081879645,0.015999468,,,,,,,,,,
170,0,0.100083802,0.020121487,0.229074611,0.334645672,0.04119107,0.024084303,0.153179812,0.081655152,0.01596409,,,,,,,,,,
171,0,0.100931535,0.020050998,0.230147582,0.333701243,0.041080069,0.024019126,0.152709752,0.081431081,0.015928614,,,,,,,,,,
172,0,0.101776836,0.019980759,0.231216795,0.332760175,0.040969243,0.023954079,0.152241613,0.08120745,0.01589305,,,,,,,,,,
173,0,0.102619713,0.019910776,0.232282263,0.331822319,0.040858618,0.023889179,0.151775425,0.080984299,0.015857409,,,,,,,,,,
174,0,0.103460174,0.019841043,0.233343999,0.330887581,0.040748215,0.023824434,0.151311199,0.080761655,0.015821699,,,,,,,,,,
175,0,0.104298228,0.01977156,0.234402017,0.32995589,0.040638048,0.023759851,0.150848941,0.080539535,0.01578593,,,,,,,,,,
176,0,0.105133882,0.019702325,0.23545633,0.329027191,0.040528126,0.023695432,0.150388652,0.080317952,0.015750109,,,,,,,,,,
177,0,0.105967144,0.019633338,0.236506951,0.328101438,0.040418459,0.023631179,0.149930329,0.080096918,0.015714243,,,,,,,,,,
178,0,0.106798022,0.019564598,0.237553894,0.327178592,0.040309053,0.023567093,0.149473966,0.079876442,0.015678339,,,,,,,,,,
179,0,0.107626524,0.019496103,0.238597172,0.326258624,0.040199912,0.023503175,0.149019557,0.07965653,0.015642404,,,,,,,,,,
180,0,0.108452656,0.019427852,0.239636797,0.325341505,0.04009104,0.023439426,0.148567091,0.079437189,0.015606443,,,,,,,,,,
181,0,0.109351408,0.019357248,0.240672644,0.3243842,0.039978462,0.02337329,0.148102531,0.0792103,0.015569916,,,,,,,,,,
182,0,0.110247485,0.019287213,0.241704744,0.323430606,0.03986598,0.023307231,0.14763961,0.078983837,0.015533294,,,,,,,,,,
183,0,0.111140894,0.019217378,0.242733106,0.322480802,0.039753672,0.023241307,0.147178401,0.078757843,0.015496595,,,,,,,,,,
184,0,0.112031647,0.019147806,0.243757746,0.321534603,0.039641569,0.023175533,0.146718926,0.078532339,0.01545983,,,,,,,,,,
185,0,0.112919752,0.019078503,0.244778677,0.320591844,0.039529701,0.023109926,0.146261223,0.078307366,0.015423008,,,,,,,,,,
186,0,0.113805219,0.019009462,0.245795913,0.319652419,0.039418087,0.023044495,0.145805312,0.078082952,0.01538614,,,,,,,,,,
187,0,0.114688056,0.018940682,0.246809469,0.31871625,0.039306743,0.022979247,0.145351206,0.077859115,0.015349233,,,,,,,,,,
188,0,0.115568272,0.018872161,0.247819359,0.317783272,0.039195679,0.022914183,0.144898911,0.077635869,0.015312294,,,,,,,,,,
189,0,0.116445876,0.018803899,0.248825595,0.316853434,0.039084903,0.022849306,0.144448431,0.077413224,0.015275332,,,,,,,,,,
190,0,0.117320877,0.018735895,0.249828192,0.315926692,0.03897442,0.022784616,0.143999767,0.077191189,0.015238352,,,,,,,,,,
191,0,0.118193284,0.018668146,0.250827164,0.31500301,0.038864236,0.022720113,0.143552915,0.076969771,0.01520136,,,,,,,,,,
192,0,0.119063106,0.018600652,0.251822524,0.314082357,0.038754354,0.022655798,0.143107872,0.076748975,0.015164363,,,,,,,,,,
193,0,0.120006993,0.018530776,0.252814145,0.313120717,0.038640704,0.022589055,0.142650314,0.076520493,0.015126803,,,,,,,,,,
194,0,0.120947964,0.018461485,0.253802058,0.31216299,0.038527178,0.022522407,0.142194266,0.076292485,0.015089166,,,,,,,,,,
195,0,0.12188603,0.018392404,0.254786275,0.311209254,0.038413856,0.02245591,0.141739806,0.076064995,0.01505147,,,,,,,,,,
196,0,0.122821203,0.018323595,0.255766809,0.310259317,0.038300768,0.02238958,0.14128696,0.075838043,0.015013724,,,,,,,,,,
197,0,0.123753491,0.018255065,0.256743676,0.309313004,0.038187945,0.022323436,0.140835771,0.075611672,0.014975941,,,,,,,,,,
198,0,0.124682905,0.018186806,0.257716891,0.308370207,0.038075406,0.022257486,0.140386265,0.075385907,0.014938127,,,,,,,,,,
199,0,0.125609457,0.018118817,0.258686467,0.307430841,0.037963166,0.022191735,0.139938457,0.075160767,0.014900291,,,,,,,,,,
200,0,0.126533154,0.018051098,0.259652419,0.306494839,0.037851235,0.022126186,0.13949236,0.074936266,0.014862441,,,,,,,,,,
201,0,0.127454009,0.017983645,0.260614762,0.305562145,0.037739621,0.02206084,0.13904798,0.074712414,0.014824584,,,,,,,,,,
202,0,0.12837203,0.017916459,0.26157351,0.304632712,0.037628329,0.021995698,0.13860532,0.074489217,0.014786726,,,,,,,,,,
203,0,0.129287227,0.017849536,0.262528676,0.303706501,0.037517363,0.021930759,0.138164382,0.074266684,0.014748872,,,,,,,,,,
204,0,0.13019961,0.017782876,0.263480275,0.302783477,0.037406727,0.021866024,0.137725165,0.074044817,0.014711029,,,,,,,,,,
205,0,0.131192177,0.017713648,0.26442817,0.301815961,0.037292006,0.021798657,0.137272182,0.073814613,0.014672587,,,,,,,,,,
206,0,0.132181551,0.017645038,0.265372393,0.300852603,0.037177423,0.021731392,0.136820606,0.073584917,0.014634078,,,,,,,,,,
207,0,0.133167746,0.017576642,0.266312957,0.299893486,0.03706306,0.021664291,0.136370524,0.073355775,0.014595519,,,,,,,,,,
208,0,0.134150774,0.017508528,0.267249875,0.298938399,0.036948954,0.021597371,0.13592197,0.073127208,0.014556921,,,,,,,,,,
209,0,0.135130647,0.017440703,0.268183164,0.297987153,0.036835134,0.021530651,0.135474993,0.072899261,0.014518296,,,,,,,,,,
210,0,0.136107375,0.017373159,0.269112838,0.297039628,0.036721622,0.021464141,0.135029624,0.072671962,0.01447965,,,,,,,,,,
211,0,0.137080972,0.017305894,0.270038913,0.296095733,0.036608433,0.021397846,0.134585883,0.072445331,0.014440994,,,,,,,,,,
212,0,0.138051448,0.017238907,0.270961403,0.295155392,0.036495579,0.021331769,0.134143787,0.07221938,0.014402335,,,,,,,,,,
213,0,0.139018814,0.017172197,0.271880324,0.294218545,0.036383065,0.021265909,0.133703345,0.071994121,0.014363679,,,,,,,,,,
214,0,0.139983082,0.01710576,0.272795689,0.293285139,0.036270899,0.021200269,0.133264565,0.071769562,0.014325033,,,,,,,,,,
215,0,0.140944264,0.017039597,0.273707514,0.292355132,0.036159084,0.021134848,0.132827451,0.071545707,0.014286403,,,,,,,,,,
216,0,0.141902369,0.016973704,0.274615813,0.291428484,0.036047624,0.021069645,0.132392006,0.071322562,0.014247793,,,,,,,,,,
217,0,0.142943636,0.016905164,0.275520444,0.290455635,0.035931925,0.021001711,0.131942153,0.071090763,0.014208569,,,,,,,,,,
218,0,0.143981412,0.016837262,0.276421441,0.289487165,0.035816382,0.02093389,0.131493651,0.07085951,0.014169286,,,,,,,,,,
219,0,0.145015712,0.016769581,0.277318817,0.288523158,0.035701081,0.020866247,0.131046594,0.07062885,0.01412996,,,,,,,,,,
220,0,0.146046548,0.016702192,0.278212587,0.287563389,0.035586057,0.020798799,0.130601018,0.070398804,0.014090606,,,,,,,,,,
221,0,0.147073935,0.0166351,0.279102766,0.286607662,0.035471343,0.020731565,0.130156977,0.070169421,0.014051231,,,,,,,,,,
222,0,0.148097886,0.016568298,0.279989371,0.28565585,0.035356961,0.020664556,0.129714506,0.069940727,0.014011846,,,,,,,,,,
223,0,0.149118413,0.016501784,0.280872416,0.284707855,0.035242925,0.020597776,0.129273628,0.069712743,0.013972459,,,,,,,,,,
224,0,0.15013553,0.016435556,0.281751917,0.283763598,0.035129248,0.020531228,0.128834362,0.069485482,0.013933079,,,,,,,,,,
225,0,0.151149249,0.016369612,0.28262789,0.282823013,0.035015935,0.020464914,0.128396721,0.069258955,0.013893711,,,,,,,,,,
226,0,0.152159584,0.016303951,0.283500349,0.281886045,0.034902994,0.020398832,0.127960713,0.06903317,0.013854362,,,,,,,,,,
227,0,0.153166547,0.016238571,0.284369309,0.280952647,0.034790427,0.020332984,0.127526346,0.068808131,0.013815039,,,,,,,,,,
228,0,0.15417015,0.01617347,0.285234786,0.280022777,0.034678238,0.020267367,0.127093624,0.068583844,0.013775746,,,,,,,,,,
229,0,0.155263188,0.016105532,0.286096627,0.279043089,0.034561479,0.020198807,0.126645261,0.068350223,0.013735795,,,,,,,,,,
230,0,0.156352392,0.016038265,0.286954868,0.278068046,0.034444885,0.020130366,0.12619821,0.06811718,0.013695787,,,,,,,,,,
231,0,0.157437779,0.015971225,0.287809522,0.277097733,0.034328549,0.020062114,0.125752573,0.067884765,0.013655741,,,,,,,,,,
232,0,0.158519365,0.015904486,0.288660605,0.276131908,0.034212507,0.019994068,0.125308391,0.067652999,0.01361567,,,,,,,,,,
233,0,0.159597164,0.015838055,0.289508132,0.275170359,0.034096795,0.019926252,0.124865724,0.067421934,0.013575585,,,,,,,,,,
234,0,0.160671193,0.015771923,0.290352121,0.274212947,0.033981436,0.019858674,0.124424611,0.0671916,0.013535495,,,,,,,,,,
235,0,0.161741465,0.015706088,0.291192587,0.273259567,0.033866447,0.019791341,0.12398508,0.066962017,0.013495408,,,,,,,,,,
236,0,0.162807997,0.015640549,0.292029546,0.272310132,0.033751838,0.019724254,0.123547151,0.066733199,0.013455334,,,,,,,,,,
237,0,0.163870801,0.015575303,0.292863014,0.271364571,0.033637618,0.019657415,0.123110841,0.066505157,0.013415279,,,,,,,,,,
238,0,0.164929894,0.015510349,0.293693005,0.270422824,0.033523792,0.019590825,0.12267616,0.0662779,0.01337525,,,,,,,,,,
239,0,0.16598529,0.015445684,0.294519536,0.26948484,0.033410365,0.019524481,0.122243118,0.066051433,0.013335253,,,,,,,,,,
240,0,0.167037002,0.015381306,0.295342622,0.268550572,0.033297339,0.019458385,0.12181172,0.06582576,0.013295293,,,,,,,,,,
241,0,0.168182087,0.015313984,0.296162106,0.26756421,0.033179534,0.01938921,0.121363897,0.065590326,0.013254646,,,,,,,,,,
242,0,0.169322963,0.015247358,0.296978024,0.266582748,0.033061909,0.019320164,0.12091738,0.065355508,0.013213946,,,,,,,,,,
243,0,0.170459647,0.015180965,0.29779039,0.265606275,0.03294456,0.01925132,0.120472275,0.065121357,0.013173212,,,,,,,,,,
244,0,0.171592158,0.015114883,0.298599219,0.264634534,0.032827528,0.019182697,0.120028628,0.064887896,0.013132457,,,,,,,,,,
245,0,0.172720513,0.015049119,0.299404529,0.263667299,0.032710847,0.019114316,0.119586504,0.06465518,0.013091693,,,,,,,,,,
246,0,0.173844731,0.014983664,0.300206337,0.262704426,0.032594543,0.01904619,0.119145943,0.064423238,0.013050929,,,,,,,,,,
247,0,0.174964827,0.014918515,0.301004658,0.261745801,0.032478632,0.018978323,0.118706977,0.064192092,0.013010175,,,,,,,,,,
248,0,0.176080819,0.014853672,0.30179951,0.260791333,0.032363126,0.018910718,0.118269628,0.063961756,0.012969438,,,,,,,,,,
249,0,0.177192723,0.014789132,0.302590907,0.259840946,0.032248033,0.018843377,0.117833914,0.063732242,0.012928727,,,,,,,,,,
250,0,0.178300557,0.014724891,0.303378867,0.258894575,0.032133358,0.018776298,0.117399848,0.063503557,0.012888048,,,,,,,,,,
251,0,0.179404336,0.014660949,0.304163406,0.257952165,0.032019107,0.018709481,0.11696744,0.063275708,0.012847408,,,,,,,,,,
252,0,0.180504078,0.014597303,0.304944538,0.257013666,0.031905281,0.018642926,0.116536697,0.063048699,0.012806813,,,,,,,,,,
253,0,0.181703894,0.014530515,0.305722097,0.256019199,0.031786317,0.018573062,0.116088241,0.062811197,0.012765479,,,,,,,,,,
254,0,0.18289907,0.014464458,0.30649612,0.255029937,0.031667544,0.018503335,0.115641097,0.062574347,0.012724091,,,,,,,,,,
255,0,0.184089627,0.014398642,0.307266622,0.254045973,0.031549063,0.018433821,0.115195378,0.062338203,0.012682672,,,,,,,,,,
256,0,0.185275586,0.014333148,0.308033619,0.253067029,0.031430918,0.018364542,0.114751135,0.06210279,0.012641234,,,,,,,,,,
257,0,0.186456967,0.014267983,0.308797129,0.252092863,0.031313146,0.018295521,0.114308437,0.061868165,0.012599789,,,,,,,,,,
258,0,0.18763379,0.014203138,0.309557169,0.251123317,0.031195775,0.01822677,0.113867331,0.061634361,0.012558347,,,,,,,,,,
259,0,0.188806076,0.014138611,0.310313756,0.250158271,0.031078821,0.018158295,0.11342785,0.0614014,0.012516919,,,,,,,,,,
260,0,0.189973842,0.0140744,0.311066907,0.249197625,0.030962298,0.018090098,0.112990019,0.061169298,0.012475514,,,,,,,,,,
261,0,0.19113711,0.014010502,0.311816638,0.248241295,0.030846213,0.018022181,0.112553858,0.060938066,0.012434138,,,,,,,,,,
262,0,0.192295898,0.013946914,0.312562967,0.247289212,0.030730573,0.017954543,0.112119382,0.060707712,0.0123928,,,,,,,,,,
263,0,0.193450225,0.013883634,0.31330591,0.246341315,0.030615382,0.017887183,0.111686602,0.060478243,0.012351506,,,,,,,,,,
264,0,0.194600109,0.013820661,0.314045483,0.245397552,0.030500642,0.017820101,0.111255527,0.060249663,0.012310262,,,,,,,,,,
265,0,0.195853651,0.013754454,0.314781512,0.244395738,0.030380572,0.017749587,0.110806038,0.060010197,0.01226825,,,,,,,,,,
266,0,0.197102084,0.013689002,0.31551404,0.243399424,0.030260712,0.017679222,0.110357898,0.05977143,0.012226188,,,,,,,,,,
267,0,0.198345432,0.013623799,0.316243078,0.242408702,0.030141167,0.017609085,0.109911223,0.059533417,0.012184097,,,,,,,,,,
268,0,0.199583719,0.013558931,0.316968645,0.241423279,0.030021983,0.017539198,0.109466069,0.059296185,0.012141991,,,,,,,,,,
269,0,0.200816969,0.013494404,0.317690759,0.240442903,0.029903198,0.017469587,0.109022507,0.059059791,0.012099882,,,,,,,,,,
270,0,0.202045205,0.013430207,0.318409438,0.239467407,0.029784841,0.017400263,0.108580586,0.058824271,0.012057783,,,,,,,,,,
271,0,0.203268449,0.01336634,0.319124699,0.238496663,0.029666928,0.017331233,0.108140341,0.058589646,0.012015701,,,,,,,,,,
272,0,0.204486724,0.0133028,0.31983656,0.237530565,0.029549473,0.017262497,0.1077018,0.058355932,0.011973648,,,,,,,,,,
273,0,0.205700052,0.013239583,0.320545038,0.236569026,0.029432485,0.017194059,0.107264983,0.058123143,0.01193163,,,,,,,,,,
274,0,0.206908456,0.013176687,0.321250151,0.235611972,0.02931597,0.017125917,0.106829905,0.057891285,0.011889656,,,,,,,,,,
275,0,0.208111957,0.013114111,0.321951914,0.234659337,0.029199932,0.017058071,0.106396581,0.057660364,0.011847733,,,,,,,,,,
276,0,0.209310578,0.01305185,0.322650346,0.233711065,0.029084373,0.016990518,0.105965018,0.057430385,0.011805866,,,,,,,,,,
277,0,0.210617468,0.012986232,0.323345267,0.232702058,0.028963235,0.016919374,0.105514156,0.057189015,0.011763196,,,,,,,,,,
278,0,0.211918732,0.012921398,0.324036718,0.231698874,0.028842325,0.01684839,0.105064694,0.056948393,0.011720477,,,,,,,,,,
279,0,0.213214396,0.012856822,0.324724714,0.230701604,0.028721755,0.016777651,0.104616752,0.056708575,0.011677732,,,,,,,,,,
280,0,0.214504488,0.012792593,0.325409273,0.229709942,0.02860157,0.016707178,0.104170389,0.05646959,0.011634976,,,,,,,,,,
281,0,0.215789037,0.012728718,0.326090413,0.228723617,0.028481813,0.016636999,0.103725681,0.056231499,0.011592223,,,,,,,,,,
282,0,0.217068067,0.012665186,0.326768154,0.227742456,0.028362511,0.016567126,0.10328268,0.055994337,0.011549483,,,,,,,,,,
283,0,0.218341607,0.012601995,0.327442514,0.226766323,0.028243684,0.016497564,0.102841421,0.055758126,0.011506767,,,,,,,,,,
284,0,0.21960968,0.012539143,0.32811351,0.225795104,0.028125343,0.016428316,0.102401935,0.055522885,0.011464084,,,,,,,,,,
285,0,0.220872315,0.012476626,0.32878116,0.224828707,0.0280075,0.016359383,0.101964241,0.055288624,0.011421444,,,,,,,,,,
286,0,0.222129535,0.012414442,0.329445483,0.223867051,0.027890158,0.016290766,0.101528358,0.055055353,0.011378854,,,,,,,,,,
287,0,0.223381366,0.012352588,0.330106496,0.222910069,0.027773324,0.016222461,0.101094299,0.054823076,0.011336321,,,,,,,,,,
288,0,0.224627834,0.012291061,0.330764217,0.221957698,0.027656999,0.016154469,0.100662073,0.054591797,0.011293852,,,,,,,,,,
289,0,0.225988534,0.01222601,0.331418457,0.220941129,0.027534772,0.016082679,0.100209416,0.054348472,0.011250531,,,,,,,,,,
290,0,0.227343025,0.01216178,0.332069259,0.219930749,0.027412793,0.016011061,0.09975822,0.054105949,0.011207163,,,,,,,,,,
291,0,0.228691339,0.012097818,0.332716639,0.218926653,0.027291177,0.015939704,0.099308614,0.053864284,0.011163772,,,,,,,,,,
292,0,0.230033509,0.012034217,0.333360615,0.217928512,0.027169974,0.015868632,0.098860659,0.053623508,0.011120374,,,,,,,,,,
293,0,0.231369565,0.011970983,0.334001208,0.21693604,0.027049228,0.015797873,0.098414436,0.053383684,0.011076982,,,,,,,,,,
294,0,0.23269954,0.011908107,0.334638436,0.21594905,0.026928968,0.01572744,0.09797,0.053144851,0.011033608,,,,,,,,,,
295,0,0.234023463,0.011845585,0.335272318,0.214967397,0.026809214,0.015657339,0.097527389,0.052907032,0.010990263,,,,,,,,,,
296,0,0.235341365,0.011783415,0.335902874,0.21399096,0.02668998,0.015587572,0.097086633,0.052670245,0.010946957,,,,,,,,,,
297,0,0.236653276,0.011721593,0.336530121,0.213019639,0.026571274,0.015518141,0.096647755,0.052434501,0.0109037,,,,,,,,,,
298,0,0.237959225,0.011660116,0.337154078,0.212053348,0.026453104,0.015449045,0.096210774,0.052199809,0.010860499,,,,,,,,,,
299,0,0.239259242,0.011598983,0.337774764,0.211092013,0.026335474,0.015380283,0.095775703,0.051966175,0.010817362,,,,,,,,,,
300,0,0.240553356,0.011538189,0.338392197,0.210135567,0.026218386,0.015311853,0.095342553,0.051733602,0.010774297,,,,,,,,,,
301,0,0.241966232,0.011473755,0.339006182,0.209112282,0.02609515,0.015239467,0.094888106,0.051488484,0.010730343,,,,,,,,,,
302,0,0.243372258,0.011410171,0.339616764,0.20809557,0.025972187,0.01516727,0.094435206,0.051244229,0.010686344,,,,,,,,,,
303,0,0.244771473,0.011346868,0.340223959,0.207085523,0.025849617,0.015095353,0.093983985,0.051000895,0.010642327,,,,,,,,,,
304,0,0.246163915,0.011283941,0.340827787,0.206081794,0.025727493,0.015023742,0.093534507,0.050758515,0.010598307,,,,,,,,,,
305,0,0.247549619,0.011221396,0.341428267,0.205084082,0.025605858,0.014952465,0.093086858,0.050517155,0.010554299,,,,,,,,,,
306,0,0.248928622,0.011159224,0.342025421,0.204092191,0.025484745,0.014881536,0.092641093,0.050276854,0.010510315,,,,,,,,,,
307,0,0.25030096,0.01109742,0.342619268,0.203105965,0.025364172,0.014810961,0.092197252,0.050037636,0.010466366,,,,,,,,,,
308,0,0.251666667,0.011035982,0.343209826,0.202125276,0.025244155,0.014740743,0.091755368,0.049799518,0.010422465,,,,,,,,,,
309,0,0.253025779,0.010974906,0.343797117,0.201150017,0.025124703,0.014670883,0.091315463,0.049562513,0.010378618,,,,,,,,,,
310,0,0.25437833,0.01091419,0.344381158,0.200180097,0.025005823,0.01460138,0.090877556,0.04932663,0.010334837,,,,,,,,,,
311,0,0.255724353,0.010853829,0.344961969,0.199215436,0.024887518,0.014532232,0.090441661,0.049091874,0.010291128,,,,,,,,,,
312,0,0.257063884,0.010793822,0.34553957,0.198255961,0.024769791,0.014463438,0.09000779,0.048858247,0.010247498,,,,,,,,,,
313,0,0.258527516,0.010730034,0.346113756,0.197226535,0.024645626,0.014390502,0.089551608,0.048611487,0.010202936,,,,,,,,,,
314,0,0.259983589,0.010667132,0.346684577,0.196204105,0.024521761,0.014317772,0.089097073,0.048365657,0.010158333,,,,,,,,,,
315,0,0.261432147,0.010604523,0.347252048,0.195188764,0.024398322,0.014245343,0.08864432,0.048120817,0.010113716,,,,,,,,,,
316,0,0.262873234,0.010542306,0.347816189,0.194180141,0.024275362,0.014173243,0.08819342,0.047877003,0.010069102,,,,,,,,,,
317,0,0.264306892,0.010480489,0.348377022,0.19317792,0.024152929,0.0141015,0.087744459,0.047634282,0.010024506,,,,,,,,,,
318,0,0.265733164,0.01041906,0.348934568,0.192181891,0.024031056,0.01403013,0.087297496,0.047392695,0.009979941,,,,,,,,,,
319,0,0.267152091,0.010358015,0.349488847,0.19119189,0.023909762,0.013959138,0.086852572,0.047152266,0.009935419,,,,,,,,,,
320,0,0.268563715,0.010297351,0.35003988,0.190207778,0.023789062,0.013888527,0.086409721,0.046913014,0.009890952,,,,,,,,,,
321,0,0.269968076,0.010237065,0.350587687,0.189229441,0.023668967,0.013818299,0.085968966,0.046674951,0.009846548,,,,,,,,,,
322,0,0.271365213,0.010177153,0.351132288,0.188256782,0.023549482,0.013748451,0.085530326,0.046438086,0.009802218,,,,,,,,,,
323,0,0.272755168,0.010117612,0.351673703,0.187289713,0.023430613,0.013678983,0.085093817,0.046202423,0.009757969,,,,,,,,,,
324,0,0.274137979,0.010058438,0.352211951,0.186328158,0.02331236,0.013609892,0.084659447,0.045967966,0.00971381,,,,,,,,,,
325,0,0.275649101,0.009995381,0.352746825,0.185294186,0.02318744,0.013536512,0.084201965,0.045719908,0.009668682,,,,,,,,,,
326,0,0.277151887,0.009933243,0.353278374,0.184267655,0.023062854,0.013463359,0.08374625,0.045472859,0.009623519,,,,,,,,,,
327,0,0.278646391,0.009871411,0.353806614,0.183248654,0.022938731,0.013390531,0.083292441,0.045226878,0.00957835,,,,,,,,,,
328,0,0.280132663,0.00980999,0.354331567,0.182236793,0.022815127,0.013318056,0.082840611,0.044982002,0.00953319,,,,,,,,,,
329,0,0.281610753,0.009748986,0.354853256,0.181231739,0.022692092,0.013245965,0.082390849,0.044738302,0.009488057,,,,,,,,,,
330,0,0.283080711,0.009688387,0.355371702,0.180233272,0.022569657,0.013174272,0.081943217,0.044495819,0.009442963,,,,,,,,,,
331,0,0.284542585,0.009628189,0.355886927,0.179241214,0.022447845,0.013102985,0.081497756,0.044254577,0.009397922,,,,,,,,,,
332,0,0.285996424,0.009568388,0.356398951,0.178255423,0.02232667,0.013032105,0.0810545,0.044014594,0.009352945,,,,,,,,,,
333,0,0.287442274,0.009508981,0.356907797,0.177275774,0.022206142,0.012961634,0.080613473,0.043775885,0.009308042,,,,,,,,,,
334,0,0.288880182,0.009449963,0.357413485,0.176302162,0.022086267,0.012891569,0.080174694,0.043538455,0.009263222,,,,,,,,,,
335,0,0.290310196,0.009391332,0.357916035,0.175334496,0.021967051,0.012821909,0.079738177,0.04330231,0.009218495,,,,,,,,,,
336,0,0.29173236,0.009333084,0.358415468,0.174372691,0.021848493,0.012752652,0.079303932,0.043067452,0.009173868,,,,,,,,,,
337,0,0.29328677,0.00927086,0.358911571,0.173336159,0.021723053,0.012678967,0.078845824,0.042818557,0.00912824,,,,,,,,,,
338,0,0.294832001,0.009209587,0.359404395,0.172307538,0.021597985,0.012605533,0.078389619,0.042570756,0.009082584,,,,,,,,,,
339,0,0.296368115,0.009148637,0.359893958,0.171286915,0.021473421,0.01253245,0.077935463,0.04232411,0.00903693,,,,,,,,,,
340,0,0.297895172,0.009088117,0.360380283,0.17027388,0.021349421,0.012459747,0.077483428,0.042078657,0.008991296,,,,,,,,,,
341,0,0.29941323,0.009028031,0.360863392,0.169268083,0.021226033,0.012387456,0.077033608,0.041834469,0.008945698,,,,,,,,,,
342,0,0.300922347,0.008968368,0.361343308,0.16826929,0.021103293,0.012315593,0.076586064,0.041591587,0.00890015,,,,,,,,,,
343,0,0.30242258,0.008909124,0.361820054,0.167277318,0.020981221,0.012244163,0.076140839,0.041350037,0.008854665,,,,,,,,,,
344,0,0.303913986,0.008850294,0.362293652,0.16629201,0.020859832,0.012173168,0.075697966,0.041109837,0.008809255,,,,,,,,,,
345,0,0.305396619,0.008791875,0.362764124,0.165313236,0.020739137,0.01210261,0.075257469,0.040870999,0.008763932,,,,,,,,,,
346,0,0.306870535,0.008733862,0.363231491,0.164340884,0.020619142,0.012032487,0.074819367,0.04063353,0.008718703,,,,,,,,,,
347,0,0.308335787,0.008676252,0.363695776,0.163374854,0.020499849,0.011962796,0.074383673,0.040397434,0.00867358,,,,,,,,,,
348,0,0.309792431,0.00861904,0.364156999,0.162415056,0.020381262,0.011893534,0.073950396,0.040162713,0.008628569,,,,,,,,,,
349,0,0.311385543,0.008557754,0.364614942,0.161378048,0.02025556,0.011819697,0.073492449,0.039913485,0.008582522,,,,,,,,,,
350,0,0.312968558,0.008497453,0.365069659,0.160349461,0.020130272,0.011746135,0.07303656,0.039665446,0.008536457,,,,,,,,,,
351,0,0.314541547,0.008437492,0.365521167,0.159329377,0.020005534,0.011672953,0.072582875,0.039418654,0.008490403,,,,,,,,,,
352,0,0.31610458,0.00837798,0.36596949,0.158317362,0.019881406,0.01160018,0.072131471,0.039173151,0.008444379,,,,,,,,,,
353,0,0.317657728,0.008318923,0.366414653,0.157313051,0.01975794,0.011527851,0.071682443,0.038929009,0.008398403,,,,,,,,,,
354,0,0.319201057,0.008260307,0.36685668,0.156316195,0.01963517,0.011455979,0.071235853,0.038686271,0.008352489,,,,,,,,,,
355,0,0.320734633,0.008202128,0.367295593,0.155326599,0.019513119,0.011384571,0.070791744,0.038444962,0.00830665,,,,,,,,,,
356,0,0.322258524,0.008144383,0.367731416,0.154344097,0.019391801,0.011313629,0.07035015,0.038205101,0.008260899,,,,,,,,,,
357,0,0.323772793,0.008087066,0.368164172,0.15336855,0.019271226,0.011243154,0.069911093,0.037966698,0.008215248,,,,,,,,,,
358,0,0.325277506,0.008030173,0.368593884,0.152399836,0.019151401,0.011173143,0.069474593,0.03772976,0.008169705,,,,,,,,,,
359,0,0.326772726,0.007973699,0.369020573,0.151437848,0.019032328,0.011103594,0.06904066,0.037494291,0.008124281,,,,,,,,,,
360,0,0.328258516,0.007917642,0.369444263,0.150482489,0.018914008,0.011034504,0.068609305,0.037260291,0.008078984,,,,,,,,,,
361,0,0.329884501,0.007857426,0.36986473,0.149447721,0.01878837,0.010960706,0.068152561,0.037011367,0.008032618,,,,,,,,,,
362,0,0.331499394,0.007798231,0.37028203,0.148421913,0.018663191,0.010887212,0.067698048,0.036763735,0.007986245,,,,,,,,,,
363,0,0.33310328,0.007739393,0.370696182,0.147405141,0.018538613,0.010814129,0.067245913,0.036517453,0.007939896,,,,,,,,,,
364,0,0.334696241,0.007681026,0.371107209,0.14639695,0.018414696,0.010741488,0.066796236,0.036272563,0.00789359,,,,,,,,,,
365,0,0.336278358,0.007623133,0.371515139,0.145396954,0.018291495,0.010669322,0.066349112,0.036029141,0.007847344,,,,,,,,,,
366,0,0.337849711,0.007565702,0.371919996,0.144404894,0.018169044,0.010597647,0.065904605,0.035787227,0.007801174,,,,,,,,,,
367,0,0.339410377,0.007508728,0.372321804,0.143420558,0.018047365,0.010526469,0.065462756,0.035546847,0.007755094,,,,,,,,,,
368,0,0.340960435,0.007452207,0.372720587,0.142443772,0.017926474,0.01045579,0.065023599,0.03530802,0.007709116,,,,,,,,,,
369,0,0.34249996,0.007396132,0.37311637,0.141474386,0.017806379,0.01038561,0.064587157,0.035070754,0.007663252,,,,,,,,,,
370,0,0.344029029,0.007340499,0.373509176,0.14051227,0.017687086,0.010315926,0.064153445,0.034835057,0.007617513,,,,,,,,,,
371,0,0.345547715,0.007285304,0.373899028,0.139557307,0.017568599,0.010246735,0.063722476,0.03460093,0.007571907,,,,,,,,,,
372,0,0.347056093,0.007230543,0.374285949,0.138609393,0.017450917,0.010178033,0.063294255,0.034368373,0.007526444,,,,,,,,,,
373,0,0.348705956,0.007171616,0.374669718,0.137581266,0.017325842,0.010104577,0.062840382,0.034120742,0.0074799,,,,,,,,,,
374,0,0.350343686,0.007113734,0.375050389,0.136562635,0.017201282,0.010031458,0.062388935,0.033874517,0.007433365,,,,,,,,,,
375,0,0.35196938,0.007056231,0.375427982,0.135553562,0.01707738,0.009958783,0.061940059,0.033629754,0.007386869,,,,,,,,,,
376,0,0.353583136,0.006999218,0.375802525,0.134553575,0.016954197,0.009886585,0.061493835,0.033386496,0.007340432,,,,,,,,,,
377,0,0.355185048,0.006942701,0.376174044,0.133562275,0.016831787,0.009814897,0.061050358,0.033144818,0.007294072,,,,,,,,,,
378,0,0.356775211,0.006886665,0.376542564,0.132579389,0.016710184,0.009743734,0.060609689,0.03290476,0.007247804,,,,,,,,,,
379,0,0.358353714,0.006831105,0.376908111,0.131604696,0.016589411,0.009673102,0.06017187,0.032666348,0.007201643,,,,,,,,,,
380,0,0.35992065,0.006776016,0.37727071,0.13063801,0.016469481,0.009603002,0.059736932,0.032429597,0.007155603,,,,,,,,,,
381,0,0.361476106,0.006721392,0.377630386,0.129679172,0.016350403,0.009533435,0.059304896,0.032194516,0.007109694,,,,,,,,,,
382,0,0.363020173,0.006667229,0.377987163,0.128728043,0.016232183,0.009464396,0.058875776,0.031961111,0.007063927,,,,,,,,,,
383,0,0.364552936,0.006613521,0.378341067,0.127784498,0.016114823,0.009395882,0.058449581,0.031729381,0.007018311,,,,,,,,,,
384,0,0.366074483,0.006560264,0.37869212,0.126848423,0.015998323,0.009327889,0.058026316,0.031499326,0.006972856,,,,,,,,,,
385,0,0.367739995,0.006502798,0.379040099,0.125830645,0.015874289,0.009255052,0.057576909,0.031253914,0.0069263,,,,,,,,,,
386,0,0.369392264,0.006446407,0.37938506,0.124822932,0.015750827,0.009182586,0.05713013,0.031010026,0.006879768,,,,,,,,,,
387,0,0.371031407,0.006390415,0.379727024,0.123825338,0.015628081,0.009110598,0.056686128,0.030767716,0.006833292,,,,,,,,,,
388,0,0.372657537,0.006334935,0.38006602,0.122837368,0.015506113,0.009039124,0.056244981,0.030527029,0.006786893,,,,,,,,,,
389,0,0.374270766,0.006279971,0.380402075,0.121858604,0.015384977,0.008968196,0.055806784,0.030288039,0.006740588,,,,,,,,,,
390,0,0.375871202,0.006225509,0.380735215,0.120888759,0.015264708,0.008897828,0.055371598,0.030050786,0.006694395,,,,,,,,,,
391,0,0.377458953,0.006171542,0.381065467,0.119927599,0.015145328,0.008828028,0.054939463,0.029815294,0.006648326,,,,,,,,,,
392,0,0.379034125,0.006118066,0.381392858,0.118974926,0.01502685,0.008758795,0.054510407,0.029581577,0.006602396,,,,,,,,,,
393,0,0.380596823,0.006065074,0.381717413,0.11803057,0.014909282,0.008690128,0.05408445,0.029349644,0.006556617,,,,,,,,,,
394,0,0.38214715,0.006012561,0.382039157,0.11709438,0.01479263,0.008622023,0.053661603,0.029119496,0.006510998,,,,,,,,,,
395,0,0.383685209,0.00596052,0.382358117,0.116166222,0.014676894,0.008554478,0.053241874,0.028891135,0.006465551,,,,,,,,,,
396,0,0.3852111,0.005908948,0.382674318,0.115245974,0.014562073,0.008487486,0.052825263,0.028664555,0.006420283,,,,,,,,,,
397,0,0.386881211,0.005853191,0.382987534,0.114243805,0.014439699,0.008415637,0.052382433,0.02842258,0.00637391,,,,,,,,,,
398,0,0.388536937,0.00579853,0.383297826,0.113252262,0.014317961,0.008344196,0.051942451,0.028182254,0.006327582,,,,,,,,,,
399,0,0.390178415,0.00574429,0.383605215,0.112271383,0.014197001,0.008273272,0.051505463,0.027943631,0.006281329,,,,,,,,,,
400,0,0.391805777,0.005690582,0.38390973,0.111300654,0.014076883,0.008202899,0.051071547,0.027706754,0.006235174,,,,,,,,,,
401,0,0.393419153,0.00563741,0.3842114,0.110339643,0.01395766,0.008133108,0.050640796,0.027471696,0.006189134,,,,,,,,,,
402,0,0.395018671,0.00558476,0.384510252,0.109388049,0.013839365,0.008063916,0.050213267,0.027238495,0.006143225,,,,,,,,,,
403,0,0.396604457,0.005532624,0.384806314,0.108445624,0.01372202,0.007995325,0.049788997,0.027007174,0.006097463,,,,,,,,,,
404,0,0.398176634,0.005480997,0.385099614,0.10751216,0.013605637,0.007927338,0.049368013,0.026777746,0.00605186,,,,,,,,,,
405,0,0.399735325,0.005429873,0.385390178,0.106587475,0.013490225,0.007859952,0.048950329,0.026550215,0.006006429,,,,,,,,,,
406,0,0.40128065,0.005379244,0.385678033,0.105671408,0.013375785,0.007793162,0.048535956,0.026324583,0.00596118,,,,,,,,,,
407,0,0.402812728,0.005329105,0.385963204,0.104763814,0.013262319,0.007726965,0.048124895,0.026100847,0.005916123,,,,,,,,,,
408,0,0.404331678,0.00527945,0.386245719,0.10386456,0.013149824,0.007661353,0.047717146,0.025879003,0.005871267,,,,,,,,,,
409,0,0.405993733,0.005225675,0.386525356,0.102883951,0.013029831,0.007590919,0.047283351,0.02564187,0.005825313,,,,,,,,,,
410,0,0.407640254,0.005173011,0.386802175,0.101914507,0.012910539,0.007520932,0.046852635,0.025406518,0.005779427,,,,,,,,,,
411,0,0.409271399,0.005120789,0.387076199,0.100956249,0.012792091,0.0074515,0.046425137,0.025172995,0.00573364,,,,,,,,,,
412,0,0.410887322,0.005069119,0.387347458,0.100008645,0.01267455,0.007382656,0.046000933,0.024941344,0.005687973,,,,,,,,,,
413,0,0.412488174,0.005018003,0.387615982,0.099071251,0.012557966,0.007314433,0.045580111,0.024711634,0.005642445,,,,,,,,,,
414,0,0.414074105,0.004967427,0.3878818,0.098143753,0.012442374,0.007246843,0.045162726,0.024483903,0.005597071,,,,,,,,,,
415,0,0.415645261,0.004917383,0.388144939,0.09722589,0.012327792,0.007179891,0.04474881,0.024258169,0.005551866,,,,,,,,,,
416,0,0.417201785,0.004867864,0.388405429,0.096317442,0.012214232,0.007113577,0.044338385,0.024034442,0.005506844,,,,,,,,,,
417,0,0.41874382,0.004818864,0.388663297,0.095418216,0.0121017,0.007047897,0.043931463,0.023812727,0.005462016,,,,,,,,,,
418,0,0.420271507,0.004770376,0.388918569,0.094528039,0.011990198,0.006982848,0.04352805,0.023593021,0.005417393,,,,,,,,,,
419,0,0.421784983,0.004722393,0.389171275,0.093646756,0.011879725,0.006918422,0.043128143,0.02337532,0.005372985,,,,,,,,,,
420,0,0.423284385,0.004674908,0.389421439,0.092774224,0.011770277,0.006854614,0.042731737,0.023159615,0.0053288,,,,,,,,,,
421,0,0.424925469,0.004623375,0.389668845,0.091821076,0.011653402,0.006786028,0.042309513,0.022928763,0.005283529,,,,,,,,,,
422,0,0.42654987,0.004572966,0.389913554,0.090879618,0.011537295,0.006717928,0.041890597,0.022699821,0.005238349,,,,,,,,,,
423,0,0.428157772,0.004523019,0.390155591,0.08994985,0.011422096,0.00665042,0.041475125,0.022472834,0.005193293,,,,,,,,,,
424,0,0.429749354,0.004473642,0.390394985,0.089031224,0.011307868,0.006583538,0.041063166,0.022247842,0.005148382,,,,,,,,,,
425,0,0.431324792,0.004424836,0.390631767,0.088123281,0.01119466,0.006517312,0.040654807,0.022024912,0.005103633,,,,,,,,,,
426,0,0.432884259,0.004376585,0.390865967,0.087225692,0.011082503,0.006451756,0.040250095,0.021804079,0.005059063,,,,,,,,,,
427,0,0.434427925,0.004328883,0.391097615,0.086338185,0.010971416,0.006386871,0.03984906,0.021585357,0.005014687,,,,,,,,,,
428,0,0.435955957,0.004281721,0.391326739,0.085460526,0.010861409,0.006322658,0.039451717,0.021368756,0.004970517,,,,,,,,,,
429,0,0.437468519,0.004235092,0.391553368,0.084592508,0.010752487,0.006259111,0.039058075,0.021154275,0.004926565,,,,,,,,,,
430,0,0.438965773,0.004188989,0.391777529,0.083733949,0.010644649,0.006196226,0.038668132,0.02094191,0.004882842,,,,,,,,,,
431,0,0.44044788,0.004143404,0.391999252,0.082884679,0.010537894,0.006133996,0.038281884,0.020731653,0.004839358,,,,,,,,,,
432,0,0.441914998,0.004098331,0.392218562,0.082044546,0.010432216,0.006072414,0.03789932,0.020523493,0.004796119,,,,,,,,,,
433,0,0.443520759,0.004049326,0.39243525,0.081125464,0.010319267,0.006006153,0.037491462,0.020300502,0.004751817,,,,,,,,,,
434,0,0.445108728,0.004001451,0.392649376,0.080218548,0.010207153,0.005940418,0.037087142,0.020079549,0.004707634,,,,,,,,,,
435,0,0.44667912,0.003954055,0.392860966,0.079323775,0.010096013,0.005875312,0.036686485,0.019860673,0.004663601,,,,,,,,,,
436,0,0.448232141,0.003907245,0.393070051,0.078440584,0.009985905,0.005810867,0.036289557,0.019643911,0.004619739,,,,,,,,,,
437,0,0.449767995,0.00386102,0.393276662,0.077568501,0.009876878,0.005747112,0.035896438,0.019429328,0.004576066,,,,,,,,,,
438,0,0.45128688,0.003815365,0.393480831,0.076707187,0.009768959,0.00568406,0.035507169,0.019216953,0.004532597,,,,,,,,,,
439,0,0.452788994,0.00377027,0.393682586,0.075856355,0.009662167,0.005621711,0.035121772,0.019006798,0.004489346,,,,,,,,,,
440,0,0.454274528,0.003725728,0.393881957,0.075015758,0.009556508,0.005560065,0.03474026,0.018798868,0.004446328,,,,,,,,,,
441,0,0.455743673,0.003681731,0.394078974,0.074185177,0.009451986,0.005499115,0.034362633,0.018593159,0.004403552,,,,,,,,,,
442,0,0.457196615,0.00363827,0.394273666,0.073364416,0.0093486,0.005438856,0.033988885,0.018389664,0.004361029,,,,,,,,,,
443,0,0.458633538,0.003595338,0.39446606,0.072553295,0.009246344,0.005379279,0.033619005,0.018188372,0.004318768,,,,,,,,,,
444,0,0.460054624,0.003552928,0.394656185,0.071751648,0.009145214,0.005320377,0.033252978,0.017989269,0.004276777,,,,,,,,,,
445,0,0.46160951,0.003506753,0.394843839,0.070873754,0.009037065,0.005256957,0.032862515,0.017775848,0.004233761,,,,,,,,,,
446,0,0.463145588,0.003461702,0.395029082,0.070008424,0.008929818,0.005194102,0.032475808,0.017564584,0.004190892,,,,,,,,,,
447,0,0.464663103,0.003417147,0.39521194,0.069155609,0.008823606,0.00513191,0.032092972,0.017355511,0.004148202,,,,,,,,,,
448,0,0.466162292,0.003373188,0.395392447,0.068314737,0.008718484,0.005070412,0.031714066,0.017148663,0.00410571,,,,,,,,,,
449,0,0.467643391,0.003329825,0.395570633,0.067485326,0.008614498,0.005009634,0.03133916,0.016944098,0.004063434,,,,,,,,,,
450,0,0.469106626,0.003287041,0.395746529,0.066667024,0.008511673,0.004949588,0.030968289,0.016741842,0.004021389,,,,,,,,,,
451,0,0.470552223,0.003244826,0.395920167,0.065859532,0.008410023,0.004890273,0.030601467,0.016541901,0.003979588,,,,,,,,,,
452,0,0.471980401,0.003203173,0.396091575,0.06506259,0.008309555,0.004831686,0.030238699,0.016344276,0.003938045,,,,,,,,,,
453,0,0.473391378,0.003162072,0.396260784,0.064275969,0.008210268,0.004773821,0.02987998,0.01614896,0.003896769,,,,,,,,,,
454,0,0.474785368,0.003121514,0.396427823,0.063499457,0.00811216,0.00471667,0.029525296,0.015955941,0.00385577,,,,,,,,,,
455,0,0.47616258,0.003081492,0.39659272,0.062732864,0.008015224,0.004660225,0.029174631,0.015765206,0.003815057,,,,,,,,,,
456,0,0.477523223,0.003041997,0.396755504,0.061976011,0.007919452,0.004604477,0.028827963,0.015576736,0.003774638,,,,,,,,,,
457,0,0.479011433,0.00299894,0.396915984,0.061146407,0.007816989,0.00454442,0.028457973,0.015374611,0.003733242,,,,,,,,,,
458,0,0.480479957,0.002956994,0.397074219,0.060329668,0.007715491,0.004484963,0.028091935,0.01517475,0.003692024,,,,,,,,,,
459,0,0.481929073,0.002915554,0.397230236,0.059525714,0.007615081,0.004426198,0.027729951,0.014977179,0.003651013,,,,,,,,,,
460,0,0.483359054,0.002874717,0.397384068,0.058733966,0.007515812,0.004368154,0.027372072,0.014781927,0.003610229,,,,,,,,,,
461,0,0.484770165,0.002834481,0.397535747,0.057953936,0.007417724,0.004310856,0.027018356,0.014589047,0.003569688,,,,,,,,,,
462,0,0.486162665,0.002794828,0.397685305,0.057185261,0.007320841,0.004254312,0.02666883,0.014398556,0.003529403,,,,,,,,,,
463,0,0.487536809,0.002755749,0.397832771,0.05642763,0.007225173,0.004198521,0.026323501,0.014210458,0.003489389,,,,,,,,,,
464,0,0.488892847,0.002717234,0.397978175,0.055680772,0.007130725,0.004143478,0.025982363,0.014024748,0.003449656,,,,,,,,,,
465,0,0.490231027,0.002679275,0.398121549,0.054944444,0.007037493,0.004089176,0.025645405,0.013841416,0.003410216,,,,,,,,,,
466,0,0.491551589,0.00264186,0.398262921,0.054218425,0.006945472,0.004035605,0.025312607,0.013660445,0.003371075,,,,,,,,,,
467,0,0.492854772,0.002604983,0.398402319,0.05350251,0.006854655,0.003982757,0.024983944,0.013481817,0.003332243,,,,,,,,,,
468,0,0.494140811,0.002568633,0.398539772,0.052796509,0.006765031,0.003930621,0.024659387,0.01330551,0.003293727,,,,,,,,,,
469,0,0.495546629,0.002528965,0.398675102,0.052022147,0.006669126,0.00387444,0.024312912,0.013116382,0.003254296,,,,,,,,,,
470,0,0.496932081,0.002490381,0.398808368,0.051260818,0.006574239,0.003818888,0.02397055,0.012929602,0.003215074,,,,,,,,,,
471,0,0.498297479,0.002452311,0.398939596,0.050512413,0.006480485,0.00376405,0.023632389,0.01274519,0.003176086,,,,,,,,,,
472,0,0.49964313,0.002414844,0.399068819,0.049776349,0.006387911,0.003709954,0.023298469,0.01256317,0.003137353,,,,,,,,,,
473,0,0.500969334,0.002377976,0.39919607,0.049052135,0.006296553,0.003656621,0.022968837,0.012383585,0.003098888,,,,,,,,,,
474,0,0.502276382,0.00234169,0.399321379,0.0483394,0.00620643,0.003604057,0.02264351,0.012206447,0.003060705,,,,,,,,,,
475,0,0.50356456,0.002305975,0.399444776,0.047637823,0.006117551,0.00355226,0.022322483,0.012031755,0.003022817,,,,,,,,,,
476,0,0.504834151,0.002270822,0.399566293,0.046947121,0.006029914,0.003501222,0.022005744,0.011859498,0.002985234,,,,,,,,,,
477,0,0.50608543,0.002236221,0.399685958,0.046267042,0.005943517,0.003450936,0.021693272,0.01168966,0.002947964,,,,,,,,,,
478,0,0.507318668,0.00220216,0.3998038,0.045597352,0.005858351,0.003401392,0.02138504,0.011522222,0.002911016,,,,,,,,,,
479,0,0.508534133,0.002168632,0.399919848,0.044937835,0.005774404,0.003352578,0.021081014,0.01135716,0.002874397,,,,,,,,,,
480,0,0.509732086,0.002135626,0.40003413,0.044288288,0.005691666,0.003304483,0.020781159,0.011194449,0.002838113,,,,,,,,,,
481,0,0.511040821,0.002099576,0.400146483,0.043575468,0.005603124,0.003252648,0.020461013,0.011019881,0.002800987,,,,,,,,,,
482,0,0.512328759,0.002064572,0.400256962,0.042875694,0.005515639,0.003201463,0.020145095,0.010847719,0.002764097,,,,,,,,,,
483,0,0.513596249,0.002030082,0.400365596,0.042188829,0.005429318,0.003151007,0.019833477,0.010677974,0.002727469,,,,,,,,,,
484,0,0.514843632,0.001996188,0.400472416,0.04151429,0.005344201,0.003101303,0.019526186,0.010510664,0.00269112,,,,,,,,,,
485,0,0.516071242,0.001962884,0.400577454,0.040851587,0.005260321,0.003052371,0.019223256,0.010345822,0.002655063,,,,,,,,,,
486,0,0.517279402,0.001930154,0.400680741,0.040200341,0.005177691,0.003004213,0.018924692,0.010183455,0.002619312,,,,,,,,,,
487,0,0.518468432,0.001897986,0.400782306,0.039560225,0.005096315,0.002956825,0.01863048,0.010023555,0.002583876,,,,,,,,,,
488,0,0.519638644,0.00186637,0.40088218,0.038930947,0.005016192,0.002910199,0.018340599,0.009866106,0.002548764,,,,,,,,,,
489,0,0.520790343,0.001835294,0.40098039,0.038312244,0.004937313,0.002864325,0.018055017,0.009711087,0.002513986,,,,,,,,,,
490,0,0.52192383,0.001804749,0.401076966,0.037703872,0.004859668,0.002819193,0.0177737,0.009558474,0.002479547,,,,,,,,,,
491,0,0.5230394,0.001774725,0.401171935,0.037105605,0.004783244,0.00277479,0.017496607,0.00940824,0.002445454,,,,,,,,,,
492,0,0.524137342,0.001745211,0.401265325,0.036517231,0.004708027,0.002731103,0.017223694,0.009260355,0.002411711,,,,,,,,,,
493,0,0.525336028,0.001712951,0.401356989,0.035871271,0.004627537,0.002684016,0.016932312,0.009101689,0.002377207,,,,,,,,,,
494,0,0.526513787,0.001681686,0.40144698,0.035238195,0.00454813,0.002637591,0.016645214,0.008945452,0.002342965,,,,,,,,,,
495,0,0.527671004,0.001650929,0.401535324,0.034617836,0.004469899,0.002591899,0.016362453,0.008791648,0.002309008,,,,,,,,,,
496,0,0.528808055,0.001620753,0.401622054,0.034009616,0.00439288,0.00254696,0.016084045,0.008640286,0.002275351,,,,,,,,,,
497,0,0.529925304,0.001591151,0.4017072,0.033413051,0.004317098,0.002502788,0.015810009,0.008491391,0.002242008,,,,,,,,,,
498,0,0.53102311,0.001562106,0.401790792,0.032827757,0.004242564,0.002459385,0.015540337,0.008344961,0.002208987,,,,,,,,,,
499,0,0.532101821,0.001533607,0.401872858,0.032253403,0.004169277,0.002416744,0.015275007,0.008200983,0.0021763,,,,,,,,,,
500,0,0.533161779,0.001505641,0.401953428,0.03168969,0.004097233,0.002374856,0.015013985,0.008059435,0.002143953,,,,,,,,,,
501,0,0.534203317,0.001478198,0.40203253,0.031136347,0.004026419,0.00233371,0.014757233,0.007920293,0.002111953,,,,,,,,,,
502,0,0.535226764,0.001451267,0.40211019,0.030593122,0.003956824,0.002293294,0.014504706,0.007783525,0.002080306,,,,,,,,,,
503,0,0.536232441,0.001424838,0.402186436,0.030059781,0.003888433,0.002253594,0.014256357,0.007649103,0.002049017,,,,,,,,,,
504,0,0.537220663,0.0013989,0.402261294,0.029536102,0.003821229,0.002214598,0.014012134,0.007516991,0.002018089,,,,,,,,,,
505,0,0.538298497,0.001370539,0.402334635,0.028961157,0.00374934,0.002172578,0.013751471,0.007375295,0.001986489,,,,,,,,,,
506,0,0.539355632,0.00134311,0.402406507,0.02839873,0.003678541,0.002131221,0.013495076,0.007236011,0.001955172,,,,,,,,,,
507,0,0.540392486,0.001316175,0.402476939,0.027848623,0.003608911,0.002090589,0.013242985,0.007099133,0.00192416,,,,,,,,,,
508,0,0.541409465,0.001289796,0.402545958,0.027310275,0.003540479,0.002050696,0.012995201,0.006964665,0.001893465,,,,,,,,,,
509,0,0.542406964,0.001263967,0.402613596,0.026783208,0.003473266,0.002011555,0.012751726,0.00683262,0.001863098,,,,,,,,,,
510,0,0.54338537,0.001238669,0.40267988,0.026267043,0.003407275,0.001973164,0.012512542,0.006702989,0.001833068,,,,,,,,,,
511,0,0.544345059,0.001213891,0.402744838,0.025761445,0.003342504,0.001935514,0.012277614,0.006575754,0.001803382,,,,,,,,,,
512,0,0.545286397,0.001189621,0.402808497,0.025266113,0.003278942,0.001898596,0.012046901,0.006450887,0.001774047,,,,,,,,,,
513,0,0.546209744,0.001165848,0.402870884,0.02478077,0.003216579,0.001862396,0.011820354,0.006328357,0.001745068,,,,,,,,,,
514,0,0.547115452,0.001142561,0.402932025,0.02430516,0.003155397,0.001826902,0.011597922,0.006208133,0.00171645,,,,,,,,,,
515,0,0.548003864,0.001119748,0.402991945,0.023839043,0.003095379,0.001792099,0.011379549,0.006090178,0.001688195,,,,,,,,,,
516,0,0.548875317,0.0010974,0.403050669,0.023382191,0.003036509,0.001757974,0.011165177,0.005974456,0.001660307,,,,,,,,,,
517,0,0.549824832,0.001072959,0.403108085,0.022880641,0.002973564,0.001721217,0.010936473,0.00585039,0.001631838,,,,,,,,,,
518,0,0.550754262,0.001049375,0.403164239,0.022391032,0.002911693,0.001685111,0.010711944,0.005728674,0.001603669,,,,,,,,,,
519,0,0.551664053,0.001026262,0.403219157,0.021913144,0.002850962,0.001649707,0.010491605,0.005609294,0.001575817,,,,,,,,,,
520,0,0.552554636,0.001003672,0.403272865,0.021446435,0.002791393,0.001615016,0.010275445,0.005492245,0.001548293,,,,,,,,,,
521,0,0.553426431,0.000981598,0.403325393,0.020990441,0.002733,0.001581047,0.010063455,0.005377531,0.001521105,,,,,,,,,,
522,0,0.554279847,0.000960022,0.403376766,0.02054479,0.002675782,0.001547795,0.009855602,0.005265136,0.001494261,,,,,,,,,,
523,0,0.555115282,0.000938932,0.40342701,0.020109149,0.002619732,0.001515251,0.009651842,0.005155035,0.001467767,,,,,,,,,,
524,0,0.555933125,0.000918316,0.403476151,0.019683217,0.002564839,0.001483403,0.009452126,0.005047197,0.001441626,,,,,,,,,,
525,0,0.556733753,0.000898164,0.403524214,0.019266718,0.002511086,0.001452237,0.009256396,0.004941587,0.001415844,,,,,,,,,,
526,0,0.557517538,0.000878463,0.403571222,0.018859394,0.002458457,0.00142174,0.009064594,0.004838169,0.001390423,,,,,,,,,,
527,0,0.55828484,0.000859202,0.4036172,0.018461003,0.002406933,0.001391897,0.008876657,0.004736903,0.001365365,,,,,,,,,,
528,0,0.559036012,0.000840372,0.40366217,0.018071315,0.002356493,0.001362693,0.008692523,0.00463775,0.001340671,,,,,,,,,,
529,0,0.559853237,0.000819784,0.403706038,0.017643764,0.002302616,0.001331265,0.008496257,0.004531547,0.001315492,,,,,,,,,,
530,0,0.560651403,0.00079997,0.403748846,0.01722736,0.002249771,0.001300461,0.008303985,0.004427582,0.001290622,,,,,,,,,,
531,0,0.561430973,0.000780593,0.403790617,0.016821864,0.002198013,0.001270323,0.008115707,0.004325835,0.001266075,,,,,,,,,,
532,0,0.562192399,0.000761699,0.403831377,0.016426762,0.002147358,0.001240858,0.007931397,0.004226293,0.001241858,,,,,,,,,,
533,0,0.562936117,0.000743277,0.403871152,0.016041611,0.002097811,0.001212069,0.007751031,0.004128951,0.00121798,,,,,,,,,,
534,0,0.56366255,0.000725313,0.403909965,0.015666051,0.002049369,0.001183952,0.007574567,0.004033788,0.001194444,,,,,,,,,,
535,0,0.564372111,0.000707792,0.40394784,0.015299758,0.002002021,0.001156495,0.007401953,0.003940773,0.001171256,,,,,,,,,,
536,0,0.565065201,0.000690705,0.403984801,0.014942437,0.001955753,0.001129685,0.00723313,0.00384987,0.001148418,,,,,,,,,,
537,0,0.56574221,0.000674039,0.404020871,0.014593815,0.001910547,0.001103508,0.007068036,0.003761042,0.001125932,,,,,,,,,,
538,0,0.566403519,0.000657783,0.40405607,0.01425364,0.001866384,0.00107795,0.006906606,0.003674249,0.0011038,,,,,,,,,,
539,0,0.567049498,0.000641926,0.404090421,0.01392167,0.001823244,0.001052995,0.006748773,0.003589451,0.001082022,,,,,,,,,,
540,0,0.567680509,0.000626458,0.404123944,0.01359768,0.001781106,0.00102863,0.006594468,0.003506605,0.001060598,,,,,,,,,,
541,0,0.568365958,0.000609554,0.404156562,0.013242446,0.001736143,0.001002435,0.006430162,0.003417957,0.001038782,,,,,,,,,,
542,0,0.569033763,0.00059333,0.404188313,0.012897372,0.001692149,0.000976822,0.006269586,0.00333139,0.001017275,,,,,,,,,,
543,0,0.569684397,0.000577505,0.404219216,0.012562207,0.001649165,0.000951824,0.006112722,0.003246876,0.000996087,,,,,,,,,,
544,0,0.570318318,0.000562112,0.404249296,0.012236469,0.0016072,0.000927446,0.005959534,0.003164398,0.000975226,,,,,,,,,,
545,0,0.570935969,0.000547144,0.404278575,0.011919748,0.001566254,0.000903688,0.005809986,0.003083941,0.000954696,,,,,,,,,,
546,0,0.571537778,0.000532583,0.404307075,0.011611698,0.001526321,0.000880541,0.005664027,0.003005478,0.0009345,,,,,,,,,,
547,0,0.572124163,0.000518418,0.404334816,0.01131201,0.001487386,0.000857994,0.005521598,0.002928975,0.00091464,,,,,,,,,,
548,0,0.572695527,0.000504638,0.40436182,0.0110204,0.001449434,0.000836033,0.005382635,0.002854395,0.000895117,,,,,,,,,,
549,0,0.573252262,0.000491232,0.404388107,0.010736608,0.001412445,0.000814645,0.005247071,0.002781697,0.000875934,,,,,,,,,,
550,0,0.573794751,0.000478189,0.404413696,0.010460386,0.001376399,0.000793815,0.005114837,0.002710839,0.000857088,,,,,,,,,,
551,0,0.574323365,0.000465498,0.404438606,0.010191504,0.001341275,0.000773527,0.004985863,0.002641781,0.000838581,,,,,,,,,,
552,0,0.574838464,0.00045315,0.404462855,0.009929741,0.001307053,0.000753768,0.004860079,0.002574481,0.00082041,,,,,,,,,,
553,0,0.575397014,0.000439664,0.404486382,0.009643004,0.001270583,0.00073255,0.004726312,0.002502557,0.000801932,,,,,,,,,,
554,0,0.57593968,0.000426761,0.404509219,0.009365277,0.001234998,0.000711862,0.004595933,0.002432515,0.000783755,,,,,,,,,,
555,0,0.576466931,0.000414211,0.404531385,0.009096305,0.001200324,0.000691726,0.004468911,0.002364322,0.000765886,,,,,,,,,,
556,0,0.576979219,0.000402039,0.404552898,0.00883565,0.001166565,0.000672144,0.0043452,0.002297953,0.000748331,,,,,,,,,,
557,0,0.577476983,0.000390235,0.404573781,0.008582934,0.001133718,0.000653114,0.004224755,0.00223339,0.00073109,,,,,,,,,,
558,0,0.577960645,0.000378786,0.40459405,0.008337835,0.001101772,0.000634625,0.00410752,0.002170602,0.000714166,,,,,,,,,,
559,0,0.578430613,0.00036768,0.404613726,0.008100065,0.001070711,0.000616665,0.003993429,0.00210955,0.00069756,,,,,,,,,,
560,0,0.578887284,0.000356906,0.404632825,0.007869359,0.001040518,0.000599222,0.003882417,0.002050198,0.000681271,,,,,,,,,,
561,0,0.579331042,0.000346454,0.404651364,0.00764547,0.001011173,0.000582281,0.003774415,0.001992503,0.000665299,,,,,,,,,,
562,0,0.579762257,0.000336314,0.404669361,0.007428167,0.000982655,0.000565828,0.003669352,0.001936425,0.000649641,,,,,,,,,,
563,0,0.580181291,0.000326475,0.404686831,0.007217231,0.000954945,0.000549849,0.003567158,0.001881922,0.000634298,,,,,,,,,,
564,0,0.580588494,0.000316929,0.404703791,0.007012455,0.000928021,0.000534329,0.003467763,0.001828953,0.000619265,,,,,,,,,,
565,0,0.581029058,0.000306516,0.404720193,0.00678847,0.00089938,0.000517692,0.003362242,0.001772445,0.000604005,,,,,,,,,,
566,0,0.58145577,0.000296589,0.404736064,0.006572225,0.000871518,0.00050152,0.003259703,0.001717583,0.000589028,,,,,,,,,,
567,0,0.581869081,0.000286962,0.40475142,0.006363474,0.000844454,0.000485829,0.003160106,0.001664334,0.00057434,,,,,,,,,,
568,0,0.582269427,0.000277656,0.404766278,0.006161826,0.000818186,0.000470617,0.003063398,0.001612669,0.000559944,,,,,,,,,,
569,0,0.582657225,0.00026866,0.404780655,0.005966942,0.000792706,0.00045588,0.002969529,0.001562565,0.000545839,,,,,,,,,,
570,0,0.583032879,0.000259961,0.404794566,0.005778534,0.000768001,0.000441607,0.002878438,0.001513989,0.000532025,,,,,,,,,,
571,0,0.583396777,0.000251551,0.404808027,0.005596338,0.000744056,0.000427786,0.002790059,0.001466903,0.000518503,,,,,,,,,,
572,0,0.583749296,0.000243417,0.404821052,0.005420112,0.000720853,0.000414405,0.002704326,0.001421268,0.00050527,,,,,,,,,,
573,0,0.584090797,0.000235552,0.404833657,0.005249632,0.000698371,0.00040145,0.002621171,0.001377045,0.000492325,,,,,,,,,,
574,0,0.584421632,0.000227945,0.404845855,0.005084685,0.000676591,0.000388907,0.002540525,0.001334195,0.000479666,,,,,,,,,,
575,0,0.584742138,0.000220587,0.404857659,0.004925074,0.000655494,0.000376763,0.00246232,0.001292677,0.000467289,,,,,,,,,,
576,0,0.585052644,0.000213471,0.404869083,0.004770609,0.000635058,0.000365005,0.002386488,0.001252452,0.000455191,,,,,,,,,,
577,0,0.585387727,0.000205722,0.404880091,0.004601958,0.000613366,0.000352426,0.002306149,0.001209629,0.000442932,,,,,,,,,,
578,0,0.585711156,0.000198362,0.404890706,0.004439726,0.000592336,0.000340241,0.002228344,0.001168196,0.000430933,,,,,,,,,,
579,0,0.586023351,0.00019125,0.40490094,0.00428368,0.000571979,0.00032846,0.002153025,0.00112812,0.000419196,,,,,,,,,,
580,0,0.586324712,0.000184399,0.404910808,0.004133484,0.000552288,0.000317079,0.00208014,0.001089371,0.000407721,,,,,,,,,,
581,0,0.586615628,0.0001778,0.404920322,0.003988843,0.000533254,0.000306091,0.002009633,0.001051921,0.000396507,,,,,,,,,,
582,0,0.586896468,0.000171442,0.404929496,0.003849504,0.000514864,0.000295487,0.001941445,0.001015739,0.000385554,,,,,,,,,,
583,0,0.58716759,0.000165317,0.404938343,0.003715236,0.000497101,0.000285254,0.001875512,0.000980789,0.000374859,,,,,,,,,,
584,0,0.587429336,0.000159414,0.404946873,0.003585825,0.000479948,0.000275382,0.00181177,0.000947033,0.00036442,,,,,,,,,,
585,0,0.587682037,0.000153726,0.4049551,0.003461073,0.000463386,0.000265857,0.001750154,0.000914434,0.000354233,,,,,,,,,,
586,0,0.58792601,0.000148244,0.404963032,0.003340794,0.000447398,0.000256668,0.001690601,0.000882956,0.000344297,,,,,,,,,,
587,0,0.588161563,0.00014296,0.404970682,0.003224813,0.000431963,0.000247802,0.001633046,0.000852562,0.000334608,,,,,,,,,,
588,0,0.58838899,0.000137868,0.40497806,0.003112963,0.000417065,0.000239247,0.001577428,0.000823217,0.000325162,,,,,,,,,,
589,0,0.588633738,0.000132333,0.404985141,0.002991086,0.000401289,0.000230117,0.00151864,0.000792048,0.000315608,,,,,,,,,,
590,0,0.588869064,0.000127099,0.404991943,0.002874323,0.000386052,0.000221306,0.001461921,0.000762009,0.000306283,,,,,,,,,,
591,0,0.589095344,0.000122061,0.404998475,0.002762466,0.00037136,0.000212821,0.001407223,0.000733064,0.000297188,,,,,,,,,,
592,0,0.589312935,0.000117227,0.405004748,0.002655234,0.000357203,0.000204655,0.001354492,0.000705185,0.00028832,,,,,,,,,,
593,0,0.58952218,0.00011259,0.405010773,0.00255238,0.000343573,0.000196803,0.001303675,0.000678347,0.00027968,,,,,,,,,,
594,0,0.589723408,1.08E-04,0.405016559,0.002453689,0.000330454,0.000189254,0.001254716,0.000652516,0.000271263,,,,,,,,,,
595,0,0.58991693,1.04E-04,0.405022118,0.002358966,0.000317832,0.000181999,0.001207556,0.000627662,0.000263067,,,,,,,,,,
596,0,0.59010305,9.98E-05,0.405027457,0.00226803,0.000305691,0.000175027,0.001162136,0.000603749,0.00025509,,,,,,,,,,
597,0,0.590282055,9.58E-05,0.405032585,0.002180712,0.000294013,0.000168326,0.001118398,0.000580746,0.000247328,,,,,,,,,,
598,0,0.590454221,9.21E-05,0.405037511,0.002096855,0.000282784,0.000161887,0.001076285,0.00055862,0.000239778,,,,,,,,,,
599,0,0.590619815,8.84E-05,0.405042243,0.00201631,0.000271986,0.000155698,0.00103574,0.000537339,0.000232435,,,,,,,,,,
600,0,0.590779091,8.50E-05,0.40504679,0.001938937,0.000261604,0.00014975,0.000996708,0.00051687,0.000225297,,,,,,,,,,
601,0,0.59094992,8.12E-05,0.405051134,0.00185485,0.000250642,1.43E-04,0.00095557,0.000495193,0.000218092,,,,,,,,,,
602,0,0.59111347,7.76E-05,0.405055288,0.001774656,0.0002401,1.37E-04,0.000916049,0.000474392,0.000211082,,,,,,,,,,
603,0,0.59127006,7.42E-05,0.405059259,0.001698177,0.000229979,1.32E-04,0.000878096,0.000454435,0.000204265,,,,,,,,,,
604,0,0.591419997,7.10E-05,0.405063057,0.001625188,0.000220269,1.26E-04,0.000841663,0.000435296,0.000197639,,,,,,,,,,
605,0,0.591563569,6.79E-05,0.405066689,0.001555491,0.000210961,1.21E-04,0.000806701,0.00041695,0.000191203,,,,,,,,,,
606,0,0.591701055,6.49E-05,0.405070162,0.001488911,0.00020204,1.15E-04,0.00077316,0.00039937,0.000184952,,,,,,,,,,
607,0,0.591832716,6.21E-05,0.405073484,0.00142529,0.000193495,1.11E-04,0.000740989,0.000382528,0.000178883,,,,,,,,,,
608,0,0.591958805,5.94E-05,0.40507666,0.00136448,0.000185311,1.06E-04,0.000710137,0.000366393,0.000172994,,,,,,,,,,
609,0,0.592079563,5.68E-05,0.405079698,0.001306346,0.000177474,1.01E-04,0.000680553,0.00035094,0.000167281,,,,,,,,,,
610,0,0.592195218,5.43E-05,0.405082604,0.001250759,0.000169971,9.71E-05,0.000652189,0.000336139,0.00016174,,,,,,,,,,
611,0,0.59230599,5.19E-05,0.405085383,0.001197602,0.000162787,9.30E-05,0.000624997,0.000321966,0.000156368,,,,,,,,,,
612,0,0.592412088,4.97E-05,0.405088041,0.001146759,0.000155909,8.90E-05,0.000598931,0.000308392,0.00015116,,,,,,,,,,
613,0,0.592525468,4.72E-05,0.405090569,0.001091663,0.00014867,8.49E-05,0.000571546,0.000294063,0.000145916,,,,,,,,,,
614,0,0.592633499,4.49E-05,0.405092974,0.001039384,1.42E-04,8.09E-05,0.000545361,0.000280378,1.41E-04,,,,,,,,,,
615,0,0.592736443,4.28E-05,0.405095262,0.000989778,1.35E-04,7.71E-05,0.000520334,0.000267313,1.36E-04,,,,,,,,,,
616,0,0.592834545,4.07E-05,0.40509744,0.000942672,1.29E-04,7.35E-05,0.000496423,0.000254843,1.31E-04,,,,,,,,,,
617,0,0.592928041,3.87E-05,0.405099512,0.000897914,1.23E-04,7.00E-05,0.000473587,0.000242949,1.26E-04,,,,,,,,,,
618,0,0.59301715,3.69E-05,0.405101484,0.00085537,1.17E-04,6.67E-05,0.000451782,0.000231605,1.22E-04,,,,,,,,,,
619,0,0.593102085,3.51E-05,0.405103361,0.000814916,1.12E-04,6.36E-05,0.000430967,0.00022079,1.18E-04,,,,,,,,,,
620,0,0.593183043,3.34E-05,0.405105147,0.000776439,1.06E-04,6.06E-05,0.0004111,0.00021048,1.14E-04,,,,,,,,,,
621,0,0.593260216,3.18E-05,0.405106847,0.000739836,1.01E-04,5.77E-05,0.00039214,0.000200652,1.09E-04,,,,,,,,,,
622,0,0.593333782,3.02E-05,0.405108465,0.000705007,9.66E-05,5.50E-05,0.000374049,0.000191285,1.06E-04,,,,,,,,,,
623,0,0.593403915,2.88E-05,0.405110006,0.000671861,9.21E-05,5.25E-05,0.000356786,0.000182358,1.02E-04,,,,,,,,,,
624,0,0.593470776,2.74E-05,0.405111472,0.000640313,8.78E-05,5.00E-05,0.000340317,0.00017385,9.81E-05,,,,,,,,,,
625,0,0.593541926,2.59E-05,0.405112858,0.000606241,8.33E-05,4.74E-05,0.000323079,0.000164902,9.44E-05,,,,,,,,,,
626,0,0.593609363,2.45E-05,0.405114171,0.000574094,7.90E-05,4.49E-05,0.000306683,0.000156402,9.09E-05,,,,,,,,,,
627,0,0.593673287,2.32E-05,0.405115412,0.000543761,7.49E-05,4.26E-05,0.000291095,1.48E-04,8.74E-05,,,,,,,,,,
628,0,0.593733886,2.20E-05,0.405116587,0.000515119,7.10E-05,4.04E-05,0.000276281,1.41E-04,8.41E-05,,,,,,,,,,
629,0,0.593791338,2.08E-05,0.4051177,0.000488054,6.73E-05,3.83E-05,0.000262208,1.33E-04,8.09E-05,,,,,,,,,,
630,0,0.59384581,1.97E-05,0.405118752,0.000462469,6.38E-05,3.63E-05,0.000248841,1.27E-04,7.78E-05,,,,,,,,,,
631,0,0.593897461,1.86E-05,0.405119749,0.000438275,6.05E-05,3.44E-05,0.000236149,1.20E-04,7.48E-05,,,,,,,,,,
632,0,0.59394644,1.76E-05,0.405120692,0.000415389,5.74E-05,3.26E-05,0.000224098,1.14E-04,7.20E-05,,,,,,,,,,
633,0,0.593992887,1.67E-05,0.405121585,0.000393735,5.44E-05,3.09E-05,0.000212659,1.08E-04,6.92E-05,,,,,,,,,,
634,0,0.594036937,1.58E-05,0.405122431,0.000373243,5.16E-05,2.93E-05,0.000201801,1.02E-04,6.65E-05,,,,,,,,,,
635,0,0.594078716,1.50E-05,0.405123231,0.000353847,4.89E-05,2.78E-05,0.000191496,9.70E-05,6.40E-05,,,,,,,,,,
636,0,0.594118343,1.42E-05,0.405123989,0.000335484,4.64E-05,2.64E-05,0.000181716,9.20E-05,6.15E-05,,,,,,,,,,
637,0,0.594160206,1.33E-05,0.405124701,0.000315787,4.38E-05,2.49E-05,0.000171544,8.68E-05,5.90E-05,,,,,,,,,,
638,0,0.59419966,1.25E-05,0.405125372,0.000297314,4.13E-05,2.34E-05,0.000161926,8.19E-05,5.66E-05,,,,,,,,,,
639,0,0.59423685,1.18E-05,0.405126002,0.000279989,3.89E-05,2.21E-05,0.000152835,7.72E-05,5.44E-05,,,,,,,,,,
640,0,0.594271908,1.11E-05,0.405126596,0.000263727,3.67E-05,2.08E-05,1.44E-04,7.28E-05,5.21E-05,,,,,,,,,,
641,0,0.594304961,1.04E-05,0.405127154,0.000248452,3.46E-05,1.96E-05,1.36E-04,6.86E-05,5.00E-05,,,,,,,,,,
642,0,0.594336126,9.82E-06,0.405127679,0.000234098,3.26E-05,1.85E-05,1.28E-04,6.47E-05,4.80E-05,,,,,,,,,,
643,0,0.594365514,9.24E-06,0.405128174,0.000220604,3.07E-05,1.74E-05,1.21E-04,6.10E-05,4.60E-05,,,,,,,,,,
644,0,0.594393229,8.70E-06,0.405128639,0.000207915,2.90E-05,1.64E-05,1.14E-04,5.76E-05,4.41E-05,,,,,,,,,,
645,0,0.594419367,8.19E-06,0.405129077,0.000195978,2.73E-05,1.55E-05,1.08E-04,5.43E-05,4.23E-05,,,,,,,,,,
646,0,0.594444021,7.71E-06,0.405129489,0.000184748,2.58E-05,1.46E-05,1.02E-04,5.12E-05,4.06E-05,,,,,,,,,,
647,0,0.594467277,7.25E-06,0.405129878,0.00017418,2.43E-05,1.38E-05,9.61E-05,4.83E-05,3.89E-05,,,,,,,,,,
648,0,0.594489216,6.83E-06,0.405130243,1.64E-04,2.29E-05,1.30E-05,9.07E-05,4.55E-05,3.73E-05,,,,,,,,,,
649,0,0.594512161,6.38E-06,0.405130584,1.54E-04,2.15E-05,1.22E-05,8.51E-05,4.27E-05,3.57E-05,,,,,,,,,,
650,0,0.594533661,5.97E-06,0.405130904,1.44E-04,2.01E-05,1.14E-05,7.99E-05,4.00E-05,3.42E-05,,,,,,,,,,
651,0,0.59455381,5.58E-06,0.405131202,1.35E-04,1.89E-05,1.07E-05,7.50E-05,3.75E-05,3.27E-05,,,,,,,,,,
652,0,0.594572697,5.22E-06,0.405131481,1.26E-04,1.77E-05,1.00E-05,7.03E-05,3.52E-05,3.13E-05,,,,,,,,,,
653,0,0.594590402,4.88E-06,0.405131742,1.18E-04,1.66E-05,9.39E-06,6.60E-05,3.30E-05,2.99E-05,,,,,,,,,,
654,0,0.594607002,4.56E-06,0.405131986,1.11E-04,1.56E-05,8.80E-06,6.19E-05,3.09E-05,2.86E-05,,,,,,,,,,
655,0,0.594622567,4.27E-06,0.405132215,1.04E-04,1.46E-05,8.25E-06,5.81E-05,2.90E-05,2.74E-05,,,,,,,,,,
656,0,0.594637164,3.99E-06,0.405132429,9.71E-05,1.37E-05,7.73E-06,5.45E-05,2.72E-05,2.62E-05,,,,,,,,,,
657,0,0.594650855,3.74E-06,0.405132629,9.10E-05,1.28E-05,7.25E-06,5.11E-05,2.55E-05,2.51E-05,,,,,,,,,,
658,0,0.594663698,3.50E-06,0.405132816,8.53E-05,1.20E-05,6.80E-06,4.80E-05,2.39E-05,2.40E-05,,,,,,,,,,
659,0,0.594675745,3.27E-06,0.405132991,8.00E-05,1.13E-05,6.37E-06,4.50E-05,2.24E-05,2.29E-05,,,,,,,,,,
660,0,0.594687048,3.06E-06,0.405133155,7.50E-05,1.06E-05,5.98E-06,4.22E-05,2.10E-05,2.19E-05,,,,,,,,,,
661,0,0.594698751,2.84E-06,0.405133307,6.98E-05,9.84E-06,5.57E-06,3.94E-05,1.96E-05,2.09E-05,,,,,,,,,,
662,0,0.594709653,2.64E-06,0.405133448,6.49E-05,9.17E-06,5.19E-06,3.67E-05,1.82E-05,2.00E-05,,,,,,,,,,
663,0,0.594719813,2.46E-06,0.40513358,6.04E-05,8.55E-06,4.83E-06,3.43E-05,1.70E-05,1.91E-05,,,,,,,,,,
664,0,0.594729282,2.28E-06,0.405133702,5.62E-05,7.96E-06,4.50E-06,3.20E-05,1.58E-05,1.82E-05,,,,,,,,,,
665,0,0.594738108,2.12E-06,0.405133816,5.24E-05,7.42E-06,4.19E-06,2.98E-05,1.48E-05,1.74E-05,,,,,,,,,,
666,0,0.594746338,1.97E-06,0.405133921,4.88E-05,6.91E-06,3.91E-06,2.78E-05,1.38E-05,1.66E-05,,,,,,,,,,
667,0,0.594754013,1.83E-06,0.405134019,4.54E-05,6.44E-06,3.64E-06,2.59E-05,1.28E-05,1.58E-05,,,,,,,,,,
668,0,0.594761171,1.71E-06,0.405134111,4.23E-05,6.01E-06,3.39E-06,2.42E-05,1.20E-05,1.51E-05,,,,,,,,,,
669,0,0.594767848,1.59E-06,0.405134196,3.95E-05,5.60E-06,3.16E-06,2.26E-05,1.11E-05,1.44E-05,,,,,,,,,,
670,0,0.594774077,1.48E-06,0.405134275,3.68E-05,5.22E-06,2.95E-06,2.10E-05,1.04E-05,1.38E-05,,,,,,,,,,
671,0,0.59477989,1.37E-06,0.405134348,3.43E-05,4.87E-06,2.75E-06,1.96E-05,9.69E-06,1.32E-05,,,,,,,,,,
672,0,0,0,0,0,0,0,0,0,0,,,,,,,,,,
