"ICER (1-year)","ICER (5-year)","ICER (10-year)","ICER (Lifetime)","ICER (Health Sector 1-year)","ICER (Health Sector 5-year)","ICER (Health Sector 10-year)","ICER (Health Sector Lifetime)"
149794.101767822,142760.513816196,139918.727709554,138957.597371693,4194.99873149783,3902.1268888078,3746.48457571255,3510.66115590169
75094.9566838032,72079.8677864746,69279.8890839694,58081.684283447,30586.5933630931,29766.3043848792,28878.4184028185,24777.1027110678
-155901.204414918,-136600.957593007,-124398.582520697,-92324.5146565804,-155070.696102353,-124248.06011726,-108506.160209948,-78272.5637767416
83298.5111559983,88465.2598021173,91440.36572096,97471.802018915,-3369.05594142703,-4895.90110715616,-5790.67856503833,-7913.6143199209
138816.583557257,141660.517853753,142367.808216162,140861.627691402,-13377.7065751788,-13109.8882102076,-12963.6079613541,-12691.9386856997
162040.070763728,162935.717760754,164672.478036934,168869.744222115,25573.0778082836,24767.6687914539,24391.0356495588,23543.0507998194
260424.572983585,272535.632689742,282775.045311131,336205.304285101,-20244.622088129,-20742.0437833179,-21355.9060095381,-25667.5400014794
114081.835690066,115080.248745363,114459.410812957,100427.13924968,-266.018543182649,711.58704034986,1337.93933419485,2826.40027470835
39588.8164251809,36683.5744672302,35336.2037841565,34712.3117454761,4049.88011351367,3743.5714012092,3568.47046115443,3047.04076691349
1053911.08640397,644358.752263574,502700.9226374,278108.184743915,209872.239323605,134868.422141101,108217.980863148,60628.4302616365
134833.412877436,133778.351563776,133275.787984063,136034.619094404,5278.37138285149,5394.71661161887,5477.04043104997,5831.62423139214
223298.836012252,218448.694775265,215482.017029952,201840.974978141,157725.91308047,153758.630614442,151584.175849309,142350.935907444
215683.345722033,175771.03436051,155803.045906836,118099.967033481,-3940.88575762946,-4550.15470217349,-4395.49356164255,-3163.70421669008
98852.9599055604,75567.7272608431,64687.430695127,45895.967468979,9971.17098467051,8768.98320768178,8021.54021968874,5793.44131983777
250259.353254989,256044.896415007,272662.316797923,414488.524243755,45519.3979522571,46093.2586360042,48773.4226642237,72239.2988337523
-203877.641905155,-159479.777760721,-142886.174081638,-119958.656723008,-74458.0299807795,-61525.0133351288,-55653.516388503,-44460.288861851
277104.68622018,276048.564846374,272650.005746916,262668.797766482,127088.666455927,124750.437860593,122434.094990462,117701.248805829
-71014.9555524401,-82995.6610962548,-91595.8287162854,-150985.409170602,-783566.131355706,-775404.696679472,-812077.810622465,-1332840.67408847
4449.66357092423,-29577.8989880858,-42832.7673122793,-47420.2096371585,-264778.993697777,-206699.565307116,-189359.520902679,-181562.076618827
47371.5389889339,47748.2290201124,47258.1462243998,43312.7160295633,-34502.5728597089,-33578.7868169948,-32985.4490311426,-30597.9397912238
-52494.8601652751,-63206.4247095955,-66646.1521221571,-59700.9606353385,-31522.7049472867,-30527.5102668334,-30339.8550429652,-31544.6591730297
356508.598170189,296406.851468354,262657.456320435,168236.219438146,144950.51972622,143880.042364268,141869.836863033,101444.41527051
-28509.4445839883,-37416.7536560363,-44703.2195247475,-56040.5266219054,-33439.636998794,-36623.6414417106,-38731.8979336731,-39977.0189599073
52434.2601566374,32396.7257764138,23052.386583262,15968.7864838026,-12106.2661747822,-13216.8622989111,-13660.1545154165,-13070.2247790347
297236.806663519,264277.056151748,244349.74981106,188883.932874973,-4085.38946516736,-5157.31127753919,-5428.35598148421,-4699.98850020855
124803.757608781,146054.963711437,159135.490956893,185802.762808377,2357.9095800366,3183.03007897407,3889.81036963993,7242.80145167312
12998.5269833585,10656.2618174079,8975.95755769429,4121.24202083745,5087.07406057267,2258.97992980438,1247.29295411453,123.320798136024
208187.330329458,199129.043058586,192886.663864721,156311.166338019,33064.0249676116,32307.4213064644,31794.6005615788,26515.4692100801
-23176.5146437849,-22466.7158645714,-23564.1504498096,-26878.7095768686,-15652.9912219205,-17613.2866409832,-18977.1137272771,-19332.6589217709
58072.1207408768,68810.6778919236,75790.6963642583,98719.7088575263,14156.6842542721,15272.3674679614,16321.1109003287,22381.2008171949
33813.2902096738,40921.229350469,45508.2080237858,60010.3871503929,-111808.051433434,-124592.758039654,-134301.075136361,-172540.325398162
111490.739046056,130270.487584417,145663.360335746,226893.469233318,20873.2899811502,23074.2982176107,25439.9208555281,41469.7221230543
295327.71090605,186489.012049848,150439.913438912,85144.5542420459,26943.4163360251,21304.6227650269,18423.905593057,10722.1661457435
168052.371700812,168895.938713294,170331.590408103,176169.356232369,9325.45326427481,9434.53902957886,9532.42689540794,9506.71942955722
-486470.410359886,-382515.983929232,-330787.298391745,-185776.102335493,162748.495999012,102651.012663493,80462.6935559634,40923.4487175687
317688.653423333,299800.580848109,290137.39687402,250532.396339057,-10852.4074598883,-9948.8631725779,-9640.63785473801,-8548.54819045803
70578.7954191127,62765.9734702166,57280.2650517857,44493.639266475,-1362.41146757998,-1261.28315780988,-1190.68147503532,-1039.57837147691
48450.8525525085,52779.5018576307,54415.9135780009,52898.3619697552,765.325767974843,2272.52047858073,2784.00754387539,2438.94070405546
145127.379753215,182173.175268087,205498.995401344,249934.195243528,10819.2600289662,11976.9718459164,12932.2506881426,16750.3696495159
61463.5940603964,60680.8883235853,61060.3050480702,66683.2581573056,13924.9480805944,12345.7080463675,11664.2434018421,11276.4898863964
236067.922867115,228667.212462312,225138.544099487,201483.95127952,-40808.4007378202,-39590.777796293,-39091.2441635428,-35071.95547312
249723.388658365,235015.733836961,226303.926403993,208676.942143375,3830.19291300509,3567.68314013382,3396.10415814431,2908.40461603613
128575.49158625,133390.949277193,137090.391345416,156974.259742889,-5378.47474437785,-5640.05319838737,-5845.05902945176,-7049.91132766822
145012.554978978,138547.757007244,134999.356385665,125576.803710498,-238.212600949223,-344.0917142694,-398.853121225249,-539.853701797562
110670.688118814,124104.528522934,132476.563252961,158268.863189586,-40147.9872097856,-43069.1103319232,-45234.5666851549,-53951.4459311137
57055.1318056092,61154.8890692841,63309.4761096551,62518.3137596846,-49156.1434597033,-52386.5326561012,-54486.724823287,-53317.6075780112
142395.619206399,130607.714977668,123275.082626341,105416.045494623,37874.1565083431,35232.556856529,33629.7461103675,29226.9806198647
-10688.8829524617,-8569.08201914018,-7983.67829711453,-8766.52841310243,1196.46629604052,1460.0600435044,1564.75444722405,1728.34821164704
195089.769896921,170098.712451195,156869.738306385,130432.220926881,2949.43305515583,2148.17738251719,1744.06493078953,930.827849202656
114176.01336699,100147.199791142,93600.1168536825,84310.4713997189,-4525.88262473313,-6994.94836499654,-7779.3504900522,-7737.04673440159
161832.808033317,155519.888338511,152227.586655667,141572.134886972,56838.3543071344,54549.6750392317,53244.9401791617,48926.0003734471
792845.755981823,661589.316486073,579462.914435886,412610.077485728,42130.4028922474,35837.7207645552,31599.0965692676,21861.7116218839
227824.363503793,232660.879859726,234830.741096411,212304.086929119,-617.051401932302,-689.218064230982,-755.767292716985,-796.579906003395
1041239.94234548,970211.021198408,914992.803800355,922484.443219004,7556.24489900079,6255.00648299924,5433.47392454281,3785.51854718352
48677.5475151797,53325.4455536198,55710.5024424155,60132.87059722,-2905.54400180678,-3280.48590128937,-3482.06787624064,-3775.611521462
-433107.214454888,-937655.267178457,-3974566.28900283,935049.211709282,-994286.528348355,-2023933.22560857,-8246380.42458332,1786639.9115243
-2171.94896639674,-1974.98613554387,-1817.55853630583,57.9404958469817,-5358.95896299901,-5858.57593615231,-6239.74726536269,-8142.14846056137
9789.69017504215,11945.8451966207,11997.903921626,8227.41493099416,17833.5429939263,18151.6086644737,18423.5797675043,18758.6627844408
157522.699017943,217381.213373669,296389.367693602,-762318.013089046,-52040.96432865,-69943.641688139,-94764.4874971576,255814.466762554
221705.985574732,196330.549726281,182157.345792718,147516.23268151,2523.5907985508,2185.98106182565,1925.11846638961,1237.79641165431
-77720.3712578023,-77584.4328824065,-78536.1523075944,-104833.730365288,-20773.5085425525,-21454.4705678079,-22012.1304937679,-28655.0026825444
-42873.6305362193,-58969.6118205172,-72702.3673042091,-214646.661562346,25701.4009572341,28994.3004881463,32855.8303125586,84773.083181685
164879.962523297,171761.134288771,174946.166214883,186403.260369391,10497.6012496021,11072.0149747483,11226.5666357412,11740.1066250333
-15143573.1973279,1415162.48769095,771195.383876147,312632.707583262,-570569.601640364,50303.7043752638,26832.7047272693,10057.479613722
90622.3307725499,91822.2486059668,92045.3813021318,89323.7510760902,15306.7168810777,15196.7926233478,15106.1157301903,14612.5981522589
-747142.535328942,-1019922.58409446,-1377149.85794303,-31947041.1880298,-87828.2369287307,-118457.411259696,-160137.204334957,-3811611.43951016
377010.284753126,379773.346305097,379636.200693237,382277.426235919,-7878.2549040481,-7366.19800862277,-6804.09956411579,-4689.70249739814
25387.7532383213,49194.4107199033,60736.9590655999,69869.8435867719,17552.281538775,22041.5991667158,24414.3661456618,28048.2089451429
-3436366.36394877,-8526558.47222832,-45274163.4916501,5032999.19597422,-459660.05643339,-1218072.91302904,-6644128.94772605,762021.93344766
207933.411268531,168932.704265264,149210.437754113,122460.496518224,-20706.2107728516,-19552.5915730056,-18567.8907202758,-16403.4630643149
-318959.111784028,-613078.803477464,1072309.84718193,51505.7856959111,18006.7089267508,79679.0355696156,-232122.728272672,-21613.3962563255
40831.6275279184,35493.4902777527,32806.2058998476,28511.7039759557,5328.56919817613,5214.57291095712,4881.07016837737,3522.12325260467
428287.004064673,415577.249123328,405436.356603002,401238.809988426,-42380.7831931146,-40784.7631106022,-39684.1831133837,-39786.2305208985
80217.2370030944,76735.7767458066,74620.8315789737,68044.0081203758,9374.6302453958,8712.11152854417,8296.92310437704,7063.75240351256
-40127.6302808054,-42809.3473079004,-42839.7074766053,-36818.176557116,-3630.62028309268,-3417.36248325927,-3362.45523292031,-3374.09384739563
9042.5747005884,9000.66349460842,8588.11028130495,7249.28573916436,-2737.6150494679,-2645.52724028341,-2604.52150300088,-2403.27797981243
-98845.6391339812,-97051.9543138094,-89122.3144002035,-61773.1967311319,1268.2060463136,120.37929527389,-444.074034815867,-1512.95688127952
105108.488491845,96632.7131049997,92810.4506681988,88848.2444370585,3881.35381979636,3829.31143933216,3719.87585582012,3212.67712697691
141373.801332782,156214.052511335,166540.569737301,200488.734047991,-22989.1742495135,-24329.9577803668,-25498.5847372286,-30217.5889631676
53222.8955869294,44375.5082068573,40355.1391126637,36664.2727563548,39353.3230792483,37377.4132726336,36320.2609757212,33765.1338304137
106665.785760326,102424.670913087,100281.382603148,95711.3290546934,-12143.4649741192,-11895.7975831467,-11750.6228851965,-11033.3377648282
-1613399.71487005,2503337.6957277,935882.985636522,369379.535483143,1008765.73396118,-1400606.59777476,-496180.869030672,-183542.890539239
-7699.98982976338,-12870.9584274403,-14308.7993254443,-11937.478299033,1953.88025541492,1252.63136176654,824.243624783855,-419.507129942422
41781.8407832577,34389.6065780435,28953.7710040803,16196.2050860709,-17388.5211349421,-11174.8064030139,-8736.69202761356,-4260.39700741282
308202.251057409,384314.968352438,437192.443637804,791465.862432485,2644.38285229135,4319.48563248133,5471.57693183106,13098.8783767651
254428.852036394,215208.196008564,202215.915835858,295237.50652022,-100051.146720783,-84681.3444772925,-79157.8286635916,-113849.286062764
6340110.17375841,-7392460.8679105,-2661556.6866526,-1311686.81260083,32961.5515907791,-48464.4704035753,-19732.2396726279,-14240.4791959441
421083.366208876,453926.353383257,480872.421111094,574342.410244337,342.257341700495,744.683878768048,1021.42466195047,1942.37492826747
101436.742501133,102413.713291939,103097.927051671,106931.356155867,6713.4958397678,6626.71073364715,6581.32506217035,6543.74284096864
68590.9795975643,59618.0010361132,55796.0700921202,50730.0620936513,-8513.37710127036,-8155.19853928815,-7982.59497614515,-7415.47841055232
150588.269191818,168397.649158994,179716.949277394,203912.782957481,26684.4446624221,27259.6486721922,28269.6602607232,32846.6258164049
93069.4846687925,99221.7746736135,101111.743038063,83704.8338267633,-164391.741842647,-164185.934792137,-165284.346936553,-130705.565483299
145471.854140006,151466.540733226,160465.500114381,228676.713724445,1795.3049879651,651.573289537377,475.409957577804,1805.61393109247
136464.317896653,116489.147184795,106834.555964334,90451.6155249391,-40136.3688406659,-37764.8893196039,-36594.3046968879,-33170.0386766471
-76509.0388426213,31222.7839441183,-847569.896834451,-29700.4174561235,147263.035043046,369773.654838579,-2586820.83758781,-91179.079158008
190617.548263296,217602.082902366,241008.654024448,334929.412247258,-10464.9457885103,-11426.777109775,-12311.7654988615,-15797.6294951933
204174.952517995,208169.486340338,195743.556351366,145600.490784797,-33591.0919183513,-23524.4900104891,-19222.2387616397,-14336.8491912088
379116.675904341,314177.882774676,281485.697617892,219903.154275691,48830.9174861915,40487.2496523985,36214.9911313047,27726.6483325542
-6608.38219084097,-15592.1718602079,-17398.3133251587,-8987.39093970729,-642.812703655793,1145.28724171979,1668.09745053762,1509.76547720678
-1203135.57813928,-1248115.34906833,-1225537.24507556,-838328.767384506,122394.996200309,122943.577696284,118758.002273631,80528.7661957633
-145838.894987663,-248438.259835602,-517438.362300562,252586.318524238,44472.0983632238,78893.0654285477,167881.000619036,-81988.7049809481
-12447.622451349,-12045.5720033308,-11594.196036479,-9282.40035519424,-33123.4188344878,-30327.368722344,-29073.5593532676,-28055.2780858698
64996.6891154189,85576.1831285066,96177.7174629179,103650.919849014,-113.251308059412,134.717346266659,374.204377020712,1587.18083834393
196342.366965753,-1076985.86280152,-248913.124936873,-62431.5967450424,-448267.735750044,1838258.95777107,387324.010698255,101167.021583291
122859.344366588,115504.853538183,111322.0811086,100295.395595607,-750.986022045379,-837.315365016579,-852.519027295043,-765.957386611727
13337.4062109846,11273.4011952385,10434.9633209146,10498.3150940879,102.954989396992,9.27345037223232,-37.4443107849525,-169.827431158055
285379.63143011,293642.667358831,302542.190488651,306276.958066644,17000.8147545536,17292.8240644308,17823.9942489865,18690.5178699621
126926.17705354,129441.397724286,129007.255625731,119185.882344584,94412.3733978039,93176.4438566809,92042.679066728,87313.1736096107
874284.284664384,1298195.84059266,1954237.69921715,-1678672.06022177,275112.533121189,392730.743474039,579427.779681411,-483597.415747689
52900.5537606699,52640.869634658,52425.1098650627,52637.0072709217,-1371.06434790157,-1412.85096801812,-1446.64357041003,-1651.51888979279
45399.8770862606,47548.6430307991,48281.1039436963,46021.0039877873,616.222509447705,669.302360920289,713.593564608374,858.638756902913
230174.021531704,242654.050404901,251263.200345257,273372.970623769,31195.4300047865,33055.1452891362,34317.6362616483,37877.1804831881
214138.777749612,227358.556319758,234353.426558042,240169.110317603,337.696426700046,629.790013838558,816.670144166474,1428.32058936569
-2706.31065441535,-5535.89163070672,-6451.88485245039,-5767.59353999834,-9114.18876457946,-9218.42886598908,-9264.81620130143,-9478.52714125856
261969.322833835,250233.00659589,243240.592795445,230150.600342335,-4372.77771201479,-4462.75854214792,-4567.95105984394,-5058.13307533162
-87345.5820849274,-83454.6632325785,-83117.7383858959,-85782.0296079582,-2942.67798714313,-2770.90418576872,-2678.75646554771,-2013.76735961854
28908.3600906438,25481.3683886768,24404.7506793171,26274.0214418464,-69299.7035945551,-68410.8832011539,-67181.2404693783,-66935.8445499229
20055.9201440086,25709.8257918997,27454.2611734005,21233.9375736654,-54521.840333664,-57923.7375557828,-59882.8142754723,-62354.6055254636
125965.35813017,127754.530692618,122138.730621769,82811.7905838037,-3179.35937642871,-2215.41224367164,-1870.77966235493,-1295.18261360251
304857.209271854,281081.449400685,272026.616068087,274689.071480735,-7904.01797195627,-7565.72470678466,-7484.37170220916,-7969.91821010127
115079.834136342,108440.989701151,104506.530918882,94422.5293002738,10150.9567330886,9320.22859084925,8903.11420547607,7890.17148842704
377385.011343667,330244.246036352,303923.690766912,233216.558183207,-13692.7786035983,-18132.3606802226,-19690.9877372264,-18597.147555432
-44286.1168349737,-55458.5823911281,-59599.4442208809,-60268.5010657393,-24469.4547029579,-23385.6561897971,-23006.563755612,-23672.7019608583
108701.406780463,116467.127220304,120399.95092952,125917.914687248,-6935.52261357281,-5610.89650912298,-5043.4404954665,-4528.67748971376
103415.558535335,102438.957823869,100830.286183887,91589.6927824545,-387.227943632946,430.912480693822,709.459148802131,727.458261856268
-197581.215246352,-208495.53348459,-216390.856685126,-245279.915956072,20643.8865030064,22037.5355053092,22657.7533430077,24979.1629302819
47178.1474766505,53445.5763217985,58067.1716826628,72438.7763731259,-10975.1821634159,-12769.2167540151,-13895.8078427617,-17368.8884829217
13453.7736995513,12168.1608060694,11630.4305200376,11449.9231659531,70.6236540151369,-408.151187446788,-583.208651385509,-939.400270396974
62436.9802211087,73229.3984464977,80362.3044972598,102178.460327258,-43310.3700074721,-49346.2222848743,-53800.9261459865,-71769.669647792
291107.932274881,296152.087971691,309978.399798256,390553.940514351,-24131.0339680368,-26571.3684674794,-28801.7025087892,-38130.1672546375
101002.501355699,96477.2774821782,94377.8549903107,92498.4347000724,3737.46246149309,3392.52695188112,3228.32076110104,3014.67857220028
15615.1548929511,15110.3747910537,14723.635157437,14268.834248763,497.555648994601,503.051715057923,509.287647556119,547.474807352062
-78859.8375464174,-83846.2787558091,-85809.167312742,-78409.4173588272,-28522.9447740786,-26951.2025596186,-25649.5309605236,-20723.888540339
141892.142506025,122078.846798995,110594.784377709,85296.4664447551,-15501.8513422857,-13360.0439147032,-12203.6134814367,-9626.25296889799
-164737.542800723,-160488.483277446,-157927.288270692,-147611.928702356,-127598.543472869,-122565.463513829,-119801.046622636,-111626.940013779
-22563.4855634639,-13482.0869882093,-12312.1640760554,-16460.1362277705,97007.640103597,70955.372172055,60279.1926252287,40585.2094251294
92700.728004704,101385.231924227,106152.704066776,113586.168966959,-9294.83328555043,-9259.66356628754,-9377.35896361096,-9898.72312831281
381274.851750357,196835.953750027,143587.476046502,78810.566218509,-1135701.35480361,-604575.979386635,-460846.56693421,-378753.875737661
77074.4991807571,49393.9621791043,37621.7273052134,27453.0934226527,-281.68434649187,-301.683726336731,-347.850627911435,-442.511049131083
5222.27821287634,-2802.94557879551,-6569.16814369826,-7932.21370635007,-2625.58558768427,-2492.07454213007,-2446.3382976746,-2431.22301298794
-24035.067968041,-25140.1890178059,-25831.9837006703,-28870.6686027551,-8767.94664404024,-9365.76706204939,-9833.67016004331,-11304.5116824101
69046.9031177521,70401.8713823862,70624.9010269546,62580.7729694413,6255.29544550711,6284.51296322391,6344.64996521827,5862.64983584957
115029.737549896,91833.572626772,80393.4132740644,59554.6706544324,21417.5085902328,18457.5506405177,16807.0181585132,12871.8782762204
226768.287964953,228676.754982513,228763.474610885,218833.180170711,-19082.3735078478,-18782.2855618094,-18622.3023266881,-17601.5159748511
-11399.817247614,-10731.7236538693,-10983.0965013102,-12383.3614553491,-15678.5991727422,-15207.7255109791,-14911.3559862263,-13461.2782588001
26103.2158245975,31126.4198968037,33101.4346956776,31668.0675320401,30152.0872898333,32555.8811502014,34137.5956841677,35820.0046313794
105627.504298472,123089.510092208,134861.851510985,188082.150709369,-38656.5166374679,-42770.7946226719,-46111.3897631082,-66626.08396394
194019.682013976,202329.324306405,206886.864130806,224258.09050955,19542.759159972,19746.2674795236,19928.2133477765,21560.3812400189
171862.29160518,162718.739826019,156232.346318077,124268.431564868,425.722519690357,84.0231492889687,-16.5217869009154,6.42655842778616
81716.1201579508,73788.603808109,69627.7377031896,60277.5847050528,-4670.622501447,-5107.86426201447,-5263.5902823781,-5101.86045683748
254736.1687859,303713.186442628,334433.134314036,374176.058557992,7128.09705039064,8055.49447951022,8907.42444206906,12032.4099760505
29264.7900777398,-71967.0689638214,-151619.836496443,-250155.055289327,-33941.2272448101,-61928.5474470063,-82635.1744242334,-103057.325165604
-2671.12536025717,-6991.8786633981,-9811.31561779597,-13616.4425765241,36880.2986754731,34254.404300318,33187.8204723127,30481.6079833546
250785.007064706,299874.933732731,347528.19950769,619561.987906207,-39512.9053816006,-46533.2695430615,-53327.6090538828,-90805.6607653618
-17892.2284274844,-28264.5003139417,-31392.6437941646,-26199.3990248741,-29532.0429245086,-29598.96597976,-28452.6712005416,-22689.2843867262
50126.1520695044,42306.9956710391,38867.9410552014,34707.2322019624,-809.453363329196,-2972.69801536627,-3792.80294086415,-4392.67944443481
97717.5430727185,91990.4640372783,88209.7638458404,76095.051989605,3208.37367495816,2821.19877443621,2575.90966139426,1989.67491930797
226137.479553721,238782.591406816,244219.0996889,247248.036926965,21762.2582112578,21709.3834932747,21861.719554357,22809.1595015866
128655.308326334,116177.42158446,109271.13455285,94268.8077588222,-6526.31164038783,-6704.11582645681,-6693.85263584138,-6310.61966492544
57185.9912996715,69546.0094602684,76155.3491723874,89566.7952155247,-1106.51658928319,-295.195290834338,131.083366867408,966.674833130216
28637.9193381328,27526.9010629398,26958.1104348071,25607.964075327,-21848.0405637618,-20976.5176235054,-20453.5344966345,-19149.2370934275
-378327.630435228,-446881.569058279,-506420.400259059,-5956498.91303598,-83679.6938972595,-98944.9658278944,-112512.916041501,-1332934.69051628
104999.688557761,106290.854310215,107527.681677969,115484.936639288,-4680.91082838862,-4779.39069742859,-4779.25545386506,-4740.51156553126
39178.1892613762,37541.557434193,35955.7716280932,29022.4360472193,-9914.26989753235,-10310.984852446,-10391.3634450251,-9418.57194233795
35820.6515410229,22968.3978248506,18397.9965986874,17784.532949739,-38562.1202321104,-36833.9990150446,-35255.3397060272,-31203.0943988068
96948.45759856,99757.7108966794,101888.390652777,107490.847493733,-20682.104395139,-21503.3540789439,-21899.5054171767,-22626.7800831195
123783.112668557,132414.947901392,137441.132257652,145210.575322514,-5340.04435327748,-5402.33855272147,-5483.79162468282,-5638.06510824924
48883.3220242454,45509.8157952869,43954.9198389319,41780.1288441407,-14635.4758607788,-14808.7088781087,-14751.1340590116,-14029.441872962
239688.689327978,286840.570287517,320820.743827112,465337.293910271,1823.91356092414,2089.54631012991,2412.67100106565,4897.32719031988
210102.1675044,209477.188620276,210036.460641714,225622.345281496,15347.8915435032,14970.801093274,14870.8841838641,15787.9781764998
241756.918902261,215861.110662108,196588.358692763,139511.617181102,-19266.210521385,-21860.7013369134,-21980.5789576694,-18146.1236715735
99438.0995635421,101488.082256815,101201.379581933,88066.2474268339,-36689.614164204,-36276.5631937889,-35880.9036285682,-31118.9168346697
87090.7775678031,88549.1096171947,89506.8610020083,90107.1202352059,-9964.66525933155,-10947.0837484969,-11525.2859056061,-12564.4051961438
645604.863022915,478186.497826118,415109.86222664,296725.910192352,-9619.85965676276,-8907.09582395537,-8694.05048268656,-7848.32656887979
532957.38206878,601321.516521724,655720.176753183,1080361.50081619,109995.898170881,121587.040196976,131380.742714904,213956.456132029
86448.978323653,89853.1317883715,91390.2145795446,90887.016831374,-1151.09235446354,-424.747170013697,-138.567355556617,64.4023835270902
49545.4895299784,39074.1033610493,34336.1115277887,28100.8223939709,-131853.773198549,-109933.903462591,-98845.7639968513,-81152.6709248639
148233.510382592,143352.643798031,142117.061004814,144965.128985916,-5228.37642798462,-5745.12122925356,-5926.77495638702,-6138.04218488429
142373.020494815,159886.059758546,169187.546172276,183545.338027557,5998.60579110699,6628.82550321782,7101.44067025298,8830.723589519
115365.306360413,131007.814812856,141709.492479036,174022.705484792,-20710.5775135278,-21565.2064602121,-22401.45834329,-25614.2697519035
-2226.12430261363,-17694.8338534808,-22255.8619247013,-20169.3892641282,-33524.3453779142,-32510.7272483761,-31682.7527303536,-29685.9381130088
89657.3212154803,83687.3444261746,82022.4669983531,95303.2251577768,-3379.76782640274,-4760.93672348342,-5121.79722573212,-5269.45957393478
232961.429845489,184470.44331547,162176.87199853,137361.44387855,9954.0166696283,7835.33619547575,6659.97455368225,4230.68531875992
193052.186374282,183654.065749718,177908.601963911,159303.382761074,-132396.111277848,-123627.970558887,-118550.385172689,-102717.74591171
353433.898734838,454216.56240211,566295.863078996,2190493.71062446,10494.6534706365,13151.2771488297,16665.4354407273,77869.9742559276
210943.29932901,221099.502877793,226919.619047529,222187.318211839,-29730.1974882333,-29510.9867896242,-29793.4010675307,-29865.9779282857
-101368.424714112,-104505.628603348,-109705.045193352,-170200.353362486,-49012.0144789035,-54939.7408944783,-59776.824307346,-94814.9253653228
90155.1702372738,73911.8642786189,66863.5702810703,61534.7571026149,-19684.5085784175,-18747.4963641359,-18146.1981249322,-17121.982271255
999808.058188654,1082323.85767532,1163786.67584651,693631.031546539,-31564.3300184717,-39106.682171959,-43067.0997520058,-21514.0799539506
71435.9292438157,78645.1855077962,85541.888878891,126141.602520469,4038.87140304232,4527.21113043372,4991.59092305895,7946.08469323739
151216.858127165,168765.146542725,178863.502853968,188610.75153737,8070.3398213324,8588.59635882146,9019.3350307957,10238.1627234869
191692.354216845,162168.492786369,145453.15509203,113661.55306318,-1215.62462982804,-1392.10624991629,-1413.52138069121,-1381.32596199892
59656.8816648822,66714.4619170634,69602.5085648937,65734.0397986158,-7058.84502728104,-6151.81664481425,-5724.10562891656,-4466.56309897064
71272.3593921839,73892.5277224318,75264.0010233319,77513.6790044372,30372.9971493867,30819.3939319014,31102.2450899463,31925.6498475313
15149.6968722618,13392.1731617131,12424.1300636252,11216.3619140344,-268.998321363333,-368.046799058826,-414.501042580196,-497.472545911881
104557.848001394,90434.8748502623,82961.4315222978,69157.0871333564,9560.86787599805,8750.02055768534,8245.15685708117,6742.4828984663
130620.349946701,125537.147878594,121454.617451681,114207.501507859,17430.0547533594,17093.2875511851,16762.5833265551,15757.6198082078
-29632.9620893957,-37784.4795368344,-39546.8165187204,-33354.9251826812,-2220.45845889345,-4839.21136761199,-5756.16798623535,-5707.75806133743
16930.9018199983,16993.2643661793,17538.9708048682,18935.2176375133,-8351.01962673693,-8366.33967089151,-8384.91636201066,-8277.5058738851
139972.835888819,120913.313842302,111454.276320028,91789.2689161056,-112276.167769015,-94204.8067246503,-84991.3482899865,-67620.9425054402
14537.2213466769,17079.3505025726,18498.7721255876,20905.5949090093,-748.916688173388,-403.249683936235,-274.636055392018,-93.614177716389
33301.6578998182,34246.8829255922,34397.8588462881,32686.787024851,-18124.0657372367,-17996.5376828009,-17956.036409511,-17292.6693608372
120317.300551504,119756.172576094,119441.732147859,130566.825790652,35356.1882891027,32645.4375927924,31002.2560619999,30393.1444783961
26949.3115124705,30289.5739183877,32822.364715898,41497.3905549415,-25963.2759378795,-26742.8005588069,-27612.954922475,-32975.6479199105
42031.825049276,74306.7086348468,97223.7607580002,205091.656925141,15145.4529058313,19850.0593138504,23701.2875154912,48937.8183019703
530267.23433427,577933.983344272,609031.322058926,631492.286857608,-47553.9965718254,-51965.4183442731,-55072.5894722807,-59273.0291293736
316797.027573521,295220.24011638,281876.771523571,264144.969520252,1878.14978541407,1425.51567642137,1121.43964769711,166.500161587197
132294.809436136,133431.243318909,133261.864315095,134908.529893214,-14193.0528097422,-14241.5055518939,-14203.6204277478,-14651.3481214235
53590.8774818385,48385.7633044055,46143.6500303834,44085.4522956925,-5200.6021987456,-5226.66471175477,-5280.44171586167,-5559.69654541355
31481.7668045426,23624.6813710521,19841.5768198188,16758.8391387905,-16760.6501509488,-16118.4096801978,-15361.3834901156,-12432.47311329
109415.646298657,117042.140175676,120619.105538572,117345.247263337,-27150.8006475991,-29482.2726684854,-30593.1320314463,-28954.8742493284
16457.4396333612,37018.4961180566,47720.7259121963,55214.2332885639,-4.16123183248092,294.739106350211,556.549016963529,1510.2039623394
110883.785473413,104863.869137636,99725.2936286362,85963.386820858,-12205.9007969018,-11016.265662944,-10307.6044681911,-8888.16988698773
112913.464156852,116937.26684477,119129.58375656,124818.671630594,-10064.9101548692,-9967.33597390648,-9987.56473974331,-10677.3704743013
145958.278278304,139769.441628308,135767.230533339,122247.391485678,-646.876815503277,-586.485643019471,-569.410838415227,-547.588731571116
39614.2290499361,39759.6543933739,39305.3454102298,36429.5274881935,446.636894729677,519.004225340101,545.962401831454,569.104023841998
110541.857789443,101132.59805842,95306.6087470874,82674.9462689548,37919.901442004,35672.9820006215,33965.8007027209,29395.1789159072
608659.609409682,567653.325245704,542185.17411803,476447.08495112,-79949.0900177319,-74585.5213450468,-71407.7800481146,-63211.7775283762
-143547.984743826,-150825.712273153,-148726.992000988,-128848.693018676,51819.8403697786,53319.1109346702,53066.1144680274,50498.7267768093
391536.580983866,313181.305299715,274680.594503774,211242.200786576,284553.86614652,221957.508058543,191513.136822971,139882.348849906
211233.866276892,204954.449780586,200178.730022851,194126.625503021,-9252.76855517272,-8688.38433537329,-8345.84176071452,-7944.80164606584
-425965.712209226,-552192.0400976,-701002.841135791,-10158497.7838329,-104838.61623258,-135161.781004699,-170034.096525267,-2369323.67266524
64489.5138643272,52961.3098637795,47602.3802728797,40038.2765861284,-19855.1918930982,-18545.965959452,-17745.9641986497,-15058.7644831268
131763.610736157,141034.522398075,145962.759196227,152477.068958874,40113.5034240738,43022.9641391616,44661.3346422503,47239.7435022434
90814.8417073661,87734.0012103634,85902.2880432339,80480.7258201628,3567.45071321056,3519.34762976634,3384.40245067474,2760.21038867675
-111925.589120335,-106236.132025414,-107303.922553458,-146540.080500636,-46040.2860960822,-49324.8897784419,-52803.4191701654,-70052.6304928891
139357.855779264,135525.156528867,132826.451439382,127500.986642894,-1001.50651954503,-256.101380776888,39.6226973486637,347.636698908998
55060.9592299437,52426.1404253037,50315.983107347,43711.2846186252,-16196.3575877624,-15272.1198740473,-14716.3735067046,-12957.2702575635
91495.8206437743,97076.812100274,100768.136916239,111912.277209107,-39528.9675237622,-40591.1118021719,-41582.9264922088,-45371.2692694023
61529.7726014504,66587.5318033438,70221.9746314178,79689.623689583,11322.3542697745,11723.277862683,12172.8791815587,14037.0702106791
216801.068812481,207279.103969003,198694.788580096,168894.61423639,-39872.4016184983,-37973.6110748105,-36360.6504773383,-30878.2904333087
53546.4443947471,46000.8820074654,42718.1341240177,39110.2759109389,-3380.35554399689,-3046.32049505067,-2877.15124887382,-2622.7513542297
138095.906741896,132965.492644905,130101.853755579,119207.057197516,-22103.5183543777,-21617.0897233606,-21412.3760312274,-20216.4287650725
189970.852926415,158413.934801902,144961.392206636,124865.04928561,-10706.8404780139,-9406.49574852435,-8877.12402244815,-8530.7783791682
-34564.6309747271,-37365.9614144291,-38572.5629905413,-39008.3188233193,-1088.62121756434,-1247.78095362859,-1334.90442323444,-1591.84210954155
-1643778.4273631,-1504244.9413209,-1456346.28659535,-1759140.34729714,20869.3829926336,15873.1453759818,14238.8675271762,15516.9433514702
99376.8924220302,94460.1201828931,91803.869545241,86516.3663557839,-3007.61846974986,-3119.09243279414,-3187.36901513574,-3434.49993842685
132701.607995094,134750.236055838,136131.889372941,139335.747719818,53297.8941498078,51646.9024148724,51276.5587346271,52669.4845036213
92800.5718174734,93073.1949422671,92652.6896081581,89616.4193908608,-2626.95283044776,-2607.38022688168,-2561.70656392675,-2325.04008906057
128212.190810806,131046.201301497,132530.60085482,127436.076102379,1008.60713445785,1288.12122554654,1437.36066680229,1728.11786277407
392472.702272974,384408.094019351,380027.269376994,380922.549670196,14406.6627670267,13404.9620091646,12761.4936991666,11095.7204742121
58092.7939498261,91225.8340880862,118667.603294554,370276.39010968,143421.359667002,163715.352091501,184937.670495864,497401.496390491
-9917819.86908781,-6873052.71500457,-4674682.20979788,-1746954.14790799,-1035156.74275824,-773380.860710667,-543800.512927421,-213677.292229946
56563.5269741297,46283.3804695166,41183.3155651532,32571.0057844434,-20809.9070674043,-18637.1939534752,-17378.0734742749,-14776.8762586599
27674.0220548395,22309.6916249826,19754.3702303067,18502.3601523377,-644.034527718268,-439.57824054591,-397.575949732686,-472.498090379548
-45382.958287634,-43756.4933627082,-43840.4962334578,-40807.4478759078,-51413.9875063608,-50580.440082922,-50051.6490084044,-43597.2850855411
-424123.453672311,-543505.954829446,-699822.36043608,-2727486.97519338,9687.97215031676,19651.6086307376,30088.0080231034,156409.783647822
76302.6234139637,77193.4178030341,78384.7708497583,86574.3870207755,28989.0986302866,29134.1183230523,29336.0502114193,31176.0112857626
412355.113831542,389505.191769518,382001.234885345,385289.19759081,-24211.7593278251,-27581.1847141688,-28789.6570868498,-29081.8712492481
2132927.61126724,752728.120301547,528767.795620816,298065.584673605,-17950.130775467,-7232.02523192473,-5637.2887014607,-4618.70945330397
223817.734097093,257845.713486544,290585.910789717,542955.410057887,-83618.7964651716,-94458.1999341427,-105761.388630251,-199235.364565846
15926.3904437161,15809.4640046189,15763.16028291,16293.254694568,-9143.78463951062,-8889.89430687869,-8735.0993287912,-8546.68782337524
211361.159555556,214880.444956428,216662.582537303,215122.923565231,-7104.47773697506,-7408.30166949434,-7559.76498218742,-7662.92914097532
77364.9634162741,82046.6097202702,84479.2986816072,89568.2354248407,1827.43678269159,2167.44874099902,2284.15511784084,2531.98747429307
39880.3519802169,43290.2801164047,45274.2249178945,50255.5970905648,4352.69477945153,4279.56643831913,4292.46600274365,4986.73094501196
31985.0598206273,31176.7861666301,31277.0351939616,34217.2528070761,-11358.0122145598,-11524.1700413606,-11547.5032407478,-11778.885937255
-729835.188369323,-766363.212279216,-788291.179033198,-946574.158009339,-147687.514673223,-154188.749055534,-158410.668139246,-190274.683193106
51155.5024488215,38759.1035170575,32559.5646949913,25031.7953109912,-9565.73971840959,-9408.03574950124,-9154.18484454718,-7819.15408177626
-179674.599458602,-194197.337532545,-207994.637392305,-229809.813315622,-4614.07647995,-1793.52961195512,11.773565105752,5240.10156941163
-16053.224829911,-14778.3274534051,-13646.1703264023,-10998.4953603497,9767.52802513707,8231.36542686566,7410.76442333135,5877.56425186681
-80118.1593080548,-80895.2984087218,-81968.4607860682,-91785.5810802481,3071.32622301597,3589.35473131157,3634.53781054822,3548.15157232487
153116.744479612,145559.738661725,139880.707853339,123953.856285314,-4472.28468715626,-4405.95638785702,-4316.49136856895,-3960.41285234268
-48921.7971345722,-47052.9401742849,-45735.6021598973,-43105.3343742825,6980.90235934329,6862.89769073062,6674.26914258539,5853.7677579942
185190.783553956,184218.641543894,183490.965655583,186873.988076596,-14755.1978777889,-14673.9144703545,-14600.2719422706,-14668.0488219479
27453.8183901977,35864.5811559697,39559.6590107773,40878.4504250922,2194.67928830869,2297.44155349952,2437.15600558008,3156.90259994459
84562.8757246893,73791.2000130109,67973.4400829871,57002.4796947541,164.52096080979,-63.8890385170065,-186.51612378729,-506.581235479294
58216.3219169841,47689.7819221333,42762.0205974704,37240.7692393172,-7425.68629741994,-7565.90513989827,-7567.745164631,-7285.72436228355
367700.153763934,334953.126061611,315228.352090905,316399.071749935,-5641.66236364233,-2379.14198410819,-823.527909531139,2037.91117435169
64739.1984938504,70784.8461230052,74227.9191915521,82042.5727394386,-9210.96265857427,-9494.66275701476,-9604.77600529099,-10154.7500996135
495505.995867496,369867.18691067,312584.778446531,278272.547333771,20500.1561943269,16617.8264497256,14016.0517162233,9912.00524274278
110560.45273097,101565.976430161,96454.0640637171,81611.7671654013,25308.0890641975,24040.5285350603,23373.3186319887,20903.0168319708
48227.9422368474,42599.1676426422,39651.2736502526,35703.6586892666,-20763.5484535208,-19360.5361493305,-18406.8825329617,-15558.7997032924
397925.172880584,346764.632163019,319093.793693142,235851.216822047,51031.0737927979,45692.9923519822,43194.0541423451,34684.2160706324
52220.3790362771,53408.5922367728,53911.1232602855,53155.0645958487,53311.5601866198,53662.7604363085,54255.347996838,55523.0269291261
-2510.59962965744,-709.237629808669,-188.754991396334,-680.551378561111,-54316.4500987122,-54203.666108276,-53926.4799712671,-52277.9700422635
720871.827093389,9275591.81705653,-1552230.87624175,-344380.091276459,-414902.023339313,-4381787.18308938,668551.652578364,138914.862515819
83082.226687844,80994.4121598147,78796.8636117696,74122.3949679972,-24602.6587994524,-24226.7848243834,-23845.2239363208,-24028.7588487198
-1140950.80805463,-930586.239062525,-791256.854937179,-661724.711847852,833545.631043871,661658.598434127,560989.456741013,481098.573414851
604929.615254501,650998.811493132,687941.128082198,908679.032348592,52467.4144142561,56060.8189665969,59280.4594856616,80383.613277735
52103.1641977521,52403.8539112006,51828.6163682983,49418.7233948412,-323.726513577074,-114.11102237979,-107.542456679015,-687.897516145555
-48542.5650563493,-69759.891370582,-76436.5695873081,-102868.435887303,-212932.682306201,-197170.431269283,-191829.223866415,-282042.371922094
88754.655769144,97058.0069238401,104381.392727213,140947.663350703,7270.30959342242,8613.99674444604,9582.77201835637,13860.554094695
78366.725084275,74215.0047914837,72020.922688244,67168.9655238871,6759.92822999285,6658.94633194104,6593.30727562751,6249.09938038713
139274.925033737,140564.056385988,142523.846664187,155991.423404523,-4047.20724019193,-4144.02983405636,-4233.03525372737,-4810.80068767453
179725.006876689,185542.520137789,188826.435024524,202318.075589647,38722.4732820774,40100.734180572,40541.8224478183,42343.7010564503
226079.366704875,178652.06271461,158607.564749624,136660.903190233,-4751.19733615941,-2515.00236474873,-1852.08106677557,-2267.15551559029
225075.960968496,181052.369589409,162915.25674623,119373.866254131,23809.7997512562,19314.4387276292,17463.1541047825,12789.6336690934
-5456489.6447838,6501464.16146647,2201942.12713997,635458.449906172,1783751.7248067,-2125302.19080475,-720349.315693335,-209620.218605521
22151.106237235,20691.5300071222,19364.4962878912,15601.1545678586,-7002.73857661145,-6835.27562086302,-6732.61006772427,-6271.01840829111
35971.2239623238,34658.2127898766,35085.9850237422,41787.1962989168,41804.5280161542,41268.6212700603,41649.7005917679,47123.0723730325
2800.61464785825,8818.03546360043,11612.0504973642,11863.2734005525,-68425.8162028378,-75784.8058415514,-80237.3907223516,-93941.414755741
170605.280424562,163616.094271141,160055.398639024,158746.133985717,-18241.461633093,-18153.982073457,-18064.4911213851,-18411.1593233688
980053.223986788,794554.218191368,735322.756339941,639207.041401547,-21154.1889262377,-18537.4303223357,-18207.0339955471,-18756.677427191
217428.170491713,210698.460251812,208920.720704651,216333.018658529,-781.03552592106,-1033.68013469632,-1185.10349670641,-1707.80719052383
19965.4669443803,-14160.1645700003,-26112.7369173492,-23569.1866403873,-84424.2403067099,-73232.0267080783,-66912.1294099631,-49999.0275602922
52393.310857052,46956.896119153,44994.147305855,45357.9801010661,-53388.5792797552,-51513.6132908501,-50889.4651421858,-49140.737439943
186895.777139586,182831.991184025,180754.573891092,176577.106332683,-5722.55575374406,-5649.02367615162,-5623.18591746627,-5662.6372007761
76761.5506284419,66898.7170172592,61714.3707882479,52225.6827117139,76552.8765954368,74549.9416913488,73127.4761076519,66149.5369223148
101107.831298523,117910.772047232,128830.621265423,156152.779006609,3172.32245317387,4491.06828465772,5336.32255384647,7721.04734955162
143980.176521534,92649.044814881,72809.5922445534,52744.7143184309,23823.3522599501,19096.0388416956,16840.025227777,12226.3556783752
75328.8214560815,79514.4126773348,82314.0047898151,89170.2382504516,-1450.06382151745,-1486.81305240284,-1493.20201588181,-1408.98847917989
50957.036466044,50147.7901859585,49490.2076190879,47314.9429883517,6339.06774173551,6658.62096182082,6757.48651297091,6736.47310345648
109871.945806715,99711.1821542696,94809.1717526103,89487.4749045009,-57597.7966789194,-52434.7528394155,-49538.3008797166,-44438.6890837848
136460.629136186,110935.338389319,97981.6729436056,72935.7332638711,-8043.22299644599,-7367.37035487903,-7036.73390324368,-5805.4527341889
97246.5256863524,95203.2061168006,93005.877317156,84399.3605673681,2185.52293383114,2010.92026791322,1830.16907529138,1245.92709504124
37839.763115586,39695.8013421092,40395.9759773032,39900.5005744998,-32621.1835796264,-33952.4795650367,-34738.2849225068,-36556.7629920239
-112165.7743698,-110604.713712382,-115404.058167607,-170118.668460677,-31336.9421433439,-34084.4253154045,-36795.5165282208,-53395.2396019135
-6518.32845558449,2750.02197730757,5749.187592365,10162.7414879367,19578.2658377916,13325.2157748916,10995.2928524407,7616.8735093265
-6261503.32698158,-4021010.41744398,-3694099.04974973,201052985.855966,-357791.78459502,-222528.426547558,-202125.215851121,11314835.112467
40010.5788722674,38804.4777406028,38290.1327659317,37110.3370144861,-24630.0500618799,-24833.4143157499,-24756.5216978601,-24384.2168526072
-18989.6910909263,-20607.0433891268,-22267.6520590206,-30861.6630923041,-24245.3323369115,-26290.8298400317,-27924.2510065723,-34801.2751516362
117195.65370545,110636.665043468,107271.507844921,101522.762037522,-1298.00477359426,-882.491749323577,-727.545156505698,-711.528890835979
89228.1524317236,89556.0587200452,87252.16360494,71780.1280008427,-7147.00979072734,-7476.9605105139,-7309.62179409953,-6040.84039705548
248607.443404484,207951.69955468,191769.609714083,191443.349690912,-101537.754794935,-88949.4833026853,-83539.2146383942,-85017.961847987
174643.017440176,165237.989761073,157137.501856314,127563.710688057,-609.67842921077,-553.143395310485,-488.226604207522,-186.818632148699
55624.5434122259,56440.4723760876,56511.3517839613,53527.9137541554,-6353.70715662985,-6569.15000362482,-6857.96934163281,-7639.30673110976
129020.878524147,136228.920716583,140031.449096754,151061.07663662,7938.47003395763,8025.10858825604,8120.23990860055,8675.21875997958
184034.062017761,169635.930219349,161469.274369569,144254.555992909,-6158.79670820055,-5918.08137589605,-5737.03244588383,-5268.90722075302
44053.2826364774,37390.7634916106,33828.5470864154,26744.1848965173,-8080.73281642683,-9269.489772742,-9716.34898453894,-9557.09570434253
226043.469720194,191405.860659649,173644.128841661,137608.306179019,21110.8047116577,18642.5245821365,17191.2157311942,13398.5725907835
65204.3402945535,59541.9029876473,56606.7045956874,52951.514019494,-1906.40668014168,-2512.71225150088,-2821.61917708926,-3213.71259687663
89871.0874345707,75555.1098579149,69517.6369474378,64866.3146818286,-16438.2350049028,-17470.3959251599,-17268.6492709903,-15667.0664199459
133403.934198841,141152.919485984,145770.860698861,152471.395011165,10296.264529936,12515.9571144304,13510.2725394337,15072.2073677057
121549.566269558,127101.698130634,131874.343776523,151308.559217845,14711.4564415457,15106.9887559469,15591.7278292847,17932.7033266323
1559224.63197174,-15425747.4641044,-2197712.40124126,-915487.717845258,1478553.64229556,-14876203.2939867,-2130744.71240268,-884028.606767131
169312.667134065,170121.613088055,170502.65613137,168747.182643464,29859.3746363884,29865.9380016804,29966.822388279,29986.5156674046
653397.429005054,513374.646872807,443975.488314449,286357.002256698,-39110.2025521418,-58763.8345935201,-64636.3586493013,-53196.7283776951
129159.273896751,108915.534338067,99885.9334983838,90981.1685929747,39711.8820498431,36906.829040838,35115.6627682628,31106.7977592592
15717.3248957864,19298.2736986657,20876.1028223719,21284.6293725319,-71545.1711968211,-70981.7705938364,-70340.4687608408,-64436.8717672332
9946.20623236441,8895.82564481659,8257.20411732598,8595.97993641123,11506.3288052115,11492.239397158,11373.677030017,10625.2084658552
24431.8138848361,20951.8298420918,19636.9898437661,20500.5828595011,-60623.441557887,-50275.9556838087,-45648.6735129307,-39563.4744474269
66508.2645426938,86354.9043231819,98977.5233255218,128265.080297362,14018.0960409174,14868.9112319437,15697.2164362804,19309.5283127352
56259.8444250085,59602.4183410894,60332.8242222609,62380.798955163,7617.27545906014,7043.85619510701,6730.49902061384,6408.75193602205
29281.48622897,28215.7214068376,27868.1926018383,28291.3693637852,-247.526962687651,-239.964077636284,-252.652034115338,-339.684192829666
232932.984902094,196946.951422436,179883.157590067,148764.650333254,-1941.38032424392,-2348.03135424604,-2450.7868232449,-2468.15130321117
42193.3321863119,40204.0418000132,37120.9607697587,25739.5591639492,-3366.90523835712,-2771.65232511608,-2439.31165676478,-1413.84824249161
1179.9005097858,3228.03666199035,4032.44802458091,3530.71495223457,-4515.28583752658,-4912.63768439731,-5324.10311607775,-6890.90625796097
142943.014426282,132793.149597153,127885.821129809,120289.463310592,31590.6376832614,29981.5473428005,29170.0244729076,27566.4559297667
98492.548288936,88940.099120887,84329.7242866174,77253.4793774576,-24793.6267968938,-22372.6838622298,-21119.5977486142,-18466.0409826206
-29073.4947689813,-27020.5789015206,-26050.2978602943,-21928.2288561418,-18804.6398912959,-17751.324173006,-17218.6489945853,-15181.662943678
115079.930289017,111108.121738636,111340.995272006,139620.880536444,20528.7506814068,20002.3594803921,19811.8614779398,22486.8521442739
37342.4729528213,37573.7923962963,37523.0509480728,36399.4051559954,3078.59061937096,2946.20901603073,2948.15644155178,3250.889112705
1030059.92408534,700065.237244476,581305.400496261,394678.975615751,13907.5923234761,1674.91909665221,-3031.39683557691,-10817.2525138809
68845.4267768404,65247.3741780275,63261.7040364275,59561.5468947059,7283.19432376657,7114.36669305024,6974.30376848281,6451.81915148277
338108.207887208,448222.086101015,526228.189718985,939520.784814756,-19977.8831706766,-19920.9084853716,-20036.2615565886,-27070.1151971764
43494.6627404079,43204.1333971997,42985.6729061818,41645.4797241702,17388.7406459005,17097.9123454999,17057.2299849692,16792.3402718565
34828.4999708423,33367.219698201,32420.2970945972,30527.4220101296,-14649.0807157285,-14499.9714965287,-14280.0367189764,-13234.7897850678
-2339274.16108094,-1157005.13853035,-1143886.72130754,-1015573.02393738,-1373896.30810229,-563264.29425,-500567.556025504,-368943.768429705
33175.5869710384,34589.1416037335,34652.4773276992,31844.9092685317,8780.17171765238,8995.56758183587,9100.58797400664,8908.85800735235
52847.4348705558,50114.7626714541,48186.0357028704,43436.6369190656,5154.35473099213,4963.96955300584,4772.14212930346,4122.58131123266
-13005.1731388885,-9167.1533745823,-7782.46465218484,-8743.96380463408,9465.29193948382,9535.73399823252,9671.78613922212,10692.4755490967
45849.7031546071,46468.4874455513,46698.7366160554,47522.5394968815,10365.8988485983,10325.9052244702,10265.513818905,10047.0313621786
10181.0087840131,19631.4918345447,24409.4864270028,31253.4865933643,-7189.13755317511,-7093.26768256377,-7042.98604421011,-7221.51253282903
42074.9570212384,30533.9176663056,25483.1135506412,23554.7731191807,-1347.20255239437,-2167.8656622675,-2584.96539833963,-4155.91697162963
64227.1513322098,62017.3973955953,60792.1772390876,58591.0845173358,-36070.538932637,-36062.0863537598,-35703.9667710515,-35079.077657956
-5619116.36667747,-2975534.45730665,-2330119.21080394,-788900.14584326,151117.802354661,79681.0295719385,62751.362380723,22537.1049607992
-10208.8841041708,-14651.1586580537,-16970.5194893631,-19681.354639496,565.528363226716,480.219314500601,417.171808199103,231.147558868494
1092995.57075637,1550227.15399271,2363141.08354266,-2298247.32571809,3823.32155123536,7113.47346974215,12364.8367295811,-16605.2687254918
127650.764386817,134808.95056728,139980.956254876,151044.866051874,2026.40204329563,2028.2524507662,2127.40872317477,2761.06941150764
162724.410562775,172412.756654531,179644.502256816,204060.580919175,60448.9374944549,62716.5420623691,64777.1036603685,73316.3400795249
604537.697261638,594649.665166572,570607.120597957,489173.738494493,25361.3454448704,23900.82830941,22485.4608305693,18602.0514904123
85315.3229475711,87831.1228468254,89506.2534210713,92828.066447373,-21356.1199101145,-21962.6846991287,-22362.0713887591,-23330.5337458908
42247.5679254413,40835.1253709379,39769.1520979867,37306.6806234696,-23798.7462729035,-23367.8182474003,-23107.9476411077,-22223.717795821
367335.13868284,511522.442999671,718518.048896782,-1994862.83120803,-10853.6917794432,-16476.9538625654,-23781.334429769,62936.1194094577
41304.1049484725,41763.0215770221,41897.5787995174,42852.9961970481,-1448.57090274757,-1671.0296045824,-1760.03577071884,-1982.61394150843
177392.703249949,174124.945186878,171800.121715716,157813.305617586,-3275.35039099811,-3083.96557911932,-2986.64651255625,-2562.97901094271
343808.190726543,348143.758523747,347246.533148983,336768.561354318,-8877.82624074626,-8048.15325640569,-7481.37164063716,-5628.08077990069
47584.7957503059,44490.4724857459,42470.4115779303,35936.5993821112,-3270.89016626519,-2879.02888080349,-2623.04352667027,-1773.80339988456
143651.220490211,150078.164489939,156088.320766567,182013.178787229,14473.2681189879,14588.2364250724,14973.7799169771,17529.6357904471
-336.912210196867,326.330995754542,916.126556913413,1676.18077817254,-5001.70175940737,-5211.1090889282,-5294.90101102993,-5941.67251925016
16491.1485032238,87686.7053363663,166285.091651478,-631931.270218137,-321055.886461823,-515604.151349383,-758689.626039581,2918103.7549838
86323.6154375717,94433.5264734984,99449.4513379246,109107.122275629,47476.533848867,51846.6093174911,54695.4271632497,60894.5191640763
-3023408.04858325,-1064875.39355169,-693352.169584122,-336731.959229615,-297366.578805151,-101994.432286494,-66073.3466117984,-34118.2798092402
52490.8389603463,52576.6818929513,52736.2869830559,53544.39825316,598.02658227242,561.278783084418,546.484732085925,485.53029062273
-2521046.56677062,2162018.01196412,1011130.88148246,624128.658113365,1199484.14932686,-1045579.59462243,-497919.76730666,-299607.847868247
501358.120152373,417243.845950075,377359.743157683,311622.313564088,-94995.4136609232,-78591.7477365337,-71001.2132612629,-59260.0254256974
56926.7660749615,52544.6078782142,50582.1290279397,48641.0324588481,1436.25283594044,1441.78207312801,1379.69843607301,1023.31165875189
121136.220017318,120962.529360403,120304.910460215,116601.390995378,-6552.69933161366,-6461.71722682086,-6386.4713243592,-6164.20533721857
-424287.115888484,-367597.889240538,-342149.506488944,-441705.08976104,1784.39407685235,2003.22943870924,2229.82502738114,4526.73660437481
-91600.2399888868,-90072.5964917863,-89005.4115959854,-80652.7781902441,-37038.9803935962,-36292.0400845166,-35732.6769636643,-32134.2298856996
-187181.045232037,-219569.469061487,-255089.336675896,-819016.260938834,167697.666726684,193394.067370494,221288.135163978,650087.583376993
-12320.4886350821,-40470.8029697447,-56221.9191721606,-66991.8484632739,42434.5282777548,47279.40994391,49990.6778264055,50168.5375583152
112968.733908233,105125.92554659,100020.029871473,87087.3615018893,9781.93277032168,9047.56124447747,8578.16467060997,7365.75473660799
-286.653224241401,736.841981403824,-1982.25648178524,-11371.3884410577,9620.53183303126,9219.14947897333,9018.60079803812,7821.7344299534
185050.206930236,187532.805506882,189662.709031202,193021.209141153,-4631.56596510326,-4768.62266133396,-4743.72726143828,-4486.62799726066
136018.786969656,163800.002623277,184514.93707107,275594.526877351,-13754.8408904732,-12510.9234003781,-12300.6767668364,-16868.4536184821
162062.908468379,153221.770595482,148494.662531951,136651.18042041,-30381.8057324608,-29393.3489562012,-28756.5568489172,-26646.61473787
77796.8519736517,73020.8647688745,69810.9612913472,61201.5956482285,-24681.8797775839,-23735.3807617047,-22987.2247979616,-20121.8295108158
-341541.282810668,-267559.070903442,-231746.989465239,-137305.077346304,-67706.31876352,-44648.3167349907,-35912.3645888796,-20634.8896075835
49204.0239577722,42453.0352408109,38627.8960650322,31883.958557346,-15581.6678109463,-14357.110005175,-13752.517004348,-12661.4014464663
271619.400720362,235901.41122817,211770.108531022,155298.660838,-23492.6551762975,-21231.3784376996,-19624.7551096709,-15566.2465370658
90642.9513773454,89459.5808793,88661.7707998759,84836.2322738016,-5432.9615618627,-5397.75593063437,-5330.33889800618,-4790.69407953266
129011.12962537,127510.840953828,127219.783861,113224.801311069,-96819.913328308,-93996.9665758553,-93784.57381975,-88834.634687328
227462.210511917,227407.755069302,226313.985275805,221559.014703258,45021.5287794004,43298.0166160067,42435.2079809191,41159.8672918423
75903.1523455076,67776.7261851267,64138.8286672928,61024.9543451546,-4317.44971103941,-3974.75630955567,-3840.61630761704,-3916.8077771627
48732.0834346202,55749.9847377193,59712.7610174908,66468.0087898862,7971.90084922998,8529.82261153041,8985.12585887729,10774.6034690845
41958.6642591018,40775.3461900182,40424.7625281133,40947.1793465525,9263.16075235185,9096.08759783482,8955.91822793345,8515.00008565117
182982.192994143,171991.968025126,165992.242178302,144533.537059989,978.048867642422,989.593645405926,1090.17379767849,1591.72766870375
178679.182755698,191186.158618143,198876.508069023,229827.113860339,-1069.25691899638,-462.527259196913,-29.64400670513,1086.25693259167
203956.933697292,372196.727048299,563504.968265329,7127446.29864699,-52670.8133325507,-82525.9716451171,-118794.277457246,-1561359.01926951
885405.674584358,704511.347003119,634165.978597982,482990.165030101,42337.4840013719,34450.5035607413,30535.6376427835,19722.94931615
26430.443259396,22933.5245244195,21329.5916462263,18571.1120036831,3227.60102993405,3007.28558926492,2879.7280334831,2408.87452878781
487848.774591273,549152.482208359,581402.374204117,546993.432516759,73277.6659313793,75979.6813313309,78365.2544684998,76677.9741394241
409935.55151651,344822.014654692,309405.71388839,231683.379222214,205951.029689841,176576.291912565,159580.252072196,118541.813318815
168919.739861251,151531.762886422,142869.56249676,128923.503110873,2271.96025451166,2175.85899497863,2067.93526146173,1557.52868565515
18909.0275276603,19374.1533341728,19783.6925896974,20977.7505807771,-33861.5388000896,-33706.5389008404,-33727.5033566103,-34812.4932894851
140045.570953727,142305.297448898,147085.941187344,154338.202381662,-14107.4705033507,-16978.3613604843,-19607.0709259971,-25165.3462929417
-19053.6508933951,-17005.684949631,-15893.5524037028,-10898.9331497859,-113716.267837117,-106407.052952874,-101696.457964069,-87346.9327951997
94380.5981857085,87660.7471367941,84593.0396350178,78595.1766990724,25472.4613172333,25832.9108195872,25953.0626145871,24723.1016317355
75065.1446913233,88478.3227990194,97954.3312064678,130994.257043731,-3721.92439182499,-3791.3559763617,-3744.24758034215,-3414.73854562271
104247.241523214,62192.223591851,47874.2059741824,39829.669332015,8240.47679004291,5245.30013382378,3993.07297132036,2395.40360944537
498139.968263252,515793.629253796,538608.105841267,747759.753470333,160330.04760099,166699.067392183,174026.672599124,239299.310527699
38237.0217492557,38107.7083126488,38359.6876698562,40576.5126742458,-21146.8680702047,-20646.1228220949,-20442.688343252,-20785.0661786964
96382.4570127747,94487.5458924831,93771.305481848,96712.3387440738,-24149.7460555863,-23735.0184387998,-23432.7466284627,-23742.9547574451
-34317.6564121758,-30108.0724849185,-28687.5342360112,-39618.9298825269,12832.4888654155,12048.9991143857,11939.1725808615,14348.7341131445
453229.555744464,562741.486488183,661566.456591083,2820627.87314905,-15863.2555577949,-19533.792493688,-22919.4768410587,-98394.4777287024
118384.092631405,111201.396217321,107007.764918034,96925.4631760833,-20640.2782343672,-19342.4949768641,-18661.5854721658,-16816.0479429419
10195.966321526,4901.34035341705,3113.15637236911,4103.08843404024,-12112.8292303774,-11557.4657480494,-11189.374792622,-10141.2100160838
-56497.2672866312,-53266.7397778424,-50737.6406997021,-44463.6409801117,-3595.32875431046,-3351.4345614162,-3147.60499895425,-2513.15458061484
90303.8450410383,88120.6783015142,86237.0223191286,76399.3122202601,-17476.0364275909,-16953.74308595,-16551.0121734656,-14279.1204763299
364752.82080088,333987.551169875,317585.331732476,251785.334220818,285.238165925411,-378.393171307277,-811.938125548734,-1836.93987600101
169629.800555437,160623.660782954,154908.130340474,137265.956732543,-60055.9773441061,-56086.9377861876,-53837.7406939611,-47876.8222040561
53453.5038434984,46229.7502842235,42848.3270245702,38435.476648793,28769.5224222397,27637.1406279359,26838.7837430915,23588.7346930084
-951494.909823364,-918475.989122491,-909676.465416826,-1034009.68702842,-342.095024246902,-5124.31123738182,-8545.97947638519,-18179.6710849658
47518.1923684714,48152.0557550657,56451.4932991809,-719129.492144785,18494.4380887635,18765.9088758186,20744.2029581338,-191285.362823495
365262.474977074,507452.755695605,707630.356305472,-1362351.91647808,-12473.6005158017,-16389.2725845196,-21860.1150848095,36822.8327218444
137466.007898321,154032.849912301,161832.043880586,168609.963183572,-19636.314148006,-18030.6088691338,-17284.9492418202,-16990.6421187751
-365558.341812548,-362831.543031694,-356432.230480912,-362546.188419874,26.0239611171859,-117.07819595302,-255.424225481804,-1020.34443091836
112608.034699982,109976.707094741,108169.900692266,102085.126281367,176570.595828267,175255.853502141,173666.765585022,165041.764965281
144601.754655392,154265.689002477,160330.919857528,177904.369748619,-13722.0905939857,-13679.4824689302,-13868.2888791672,-15135.2862591929
-30458.8723607403,-35820.9626923386,-37745.0824078229,-34633.7982950828,72129.671164229,70369.0580905395,68838.2805368197,62024.0020538434
162363.447896322,167799.313565429,170374.703741479,165387.186196754,1715.60572164944,1953.61281127324,2105.67760388113,2514.10628430272
83057.8928707341,81074.0581853435,80532.8031021418,80126.3670584756,-18503.4927264972,-18214.8990696266,-18062.6388886991,-17519.0361174965
105294.283909766,115636.012214958,121978.669669523,144054.686375492,-5274.7606102106,-5252.26652384403,-5181.17997023366,-5160.6863180544
-148659.236305737,-126481.781004112,-119010.131050541,-165850.933099187,-117917.960870045,-125340.921597214,-131698.995687875,-203043.335763642
514415.915498095,1057380.17614581,4840335.07436523,-424996.352246033,10566.7876411861,21288.1505217754,97999.3589034216,-9484.57689340722
441214.93646014,360455.729555908,316930.197989143,260821.114344097,-45158.6897797258,-36583.1303440842,-32024.3400205287,-26555.6457447165
-27951.9380464852,-27764.3630747524,-27075.3314120783,-21011.9082122033,15476.4957289951,15026.5614379636,14344.5673170779,11391.5631398305
45884.7352647198,47481.2267202643,48419.8401606808,52002.095800123,-9366.47391775795,-8452.7218860755,-7791.51052428979,-6617.38614766455
235654.704259331,230695.339837994,225545.718075531,210820.676735393,-2394.8858599244,-888.275425580521,-443.762592515254,-103.898296255821
39775.6421772959,42673.6239992783,52886.5412722365,-94929.7564785317,63657.8742154938,91232.9892799966,138427.752357043,-422575.062836021
35882.8740020972,47970.965031766,54270.7730811541,59445.7053671692,-2527.56292474965,-2668.79999737233,-2731.32719999481,-2290.3932979832
48526.1424962401,47965.8952844385,47294.3431313172,44540.8524975523,3593.73526180977,3506.92043565802,3391.04022185468,2953.13756489824
77011.3500237555,85756.6355689018,91723.3611832325,116680.576176816,-16532.835913873,-17362.7932673899,-17897.6303589788,-21463.406672973
145944.53462823,141722.054564207,140673.73142565,145607.358829224,-7480.35587437881,-7583.69605854644,-7884.9465423866,-9601.36080021308
263730.318457606,242174.9659785,240103.05160267,299224.736530916,67419.1353797622,61724.5678279575,60815.6734967291,73596.1235200755
149262.742297359,223165.151569312,291683.6472561,1411849.25127976,12856.8347523568,15572.8794905527,18922.2475057306,96819.2975714282
-813.870311567669,24015.1039127599,33225.1770195516,26575.9801440426,1926.7282597494,2190.64672122905,2479.41936767861,3654.03146899831
6671.28686457958,9663.50925944552,10741.9501526783,8796.33229152018,-4428.7152097233,-4557.93044464345,-4566.35649352076,-4177.02183175271
96915.8751006599,97850.1709002232,98468.9360377202,96519.8548888856,23253.7719345029,22270.7621138899,21903.3619525153,21214.8207604882
37520.9796094811,35601.5692924482,34374.3220964586,32045.7376119928,-33192.8694288571,-30566.6899080354,-29006.0158226467,-26211.7383736895
-3336280.69858034,-2288843.10714147,-1725648.71608145,-817985.757483386,193538.211482201,123785.994484748,90201.1270381174,41354.132381724
96675.6186391447,92920.5208771112,89078.1513803634,75433.0625476472,-10909.3072651066,-9613.90313233771,-8924.85186551152,-7328.10949908517
80270.4520687872,88162.8343897131,93476.1279211052,119002.158499059,-23738.4386532923,-25298.4389469024,-26514.1951668968,-34021.1042494884
532473.915337248,476320.374657532,449687.928230514,400943.555922727,-8275.22693465025,-2394.73752159139,-364.266082577811,1849.21923246714
43036.144510206,44902.0828225209,45595.9666274222,45835.1022776971,9913.83067453825,9902.26198681237,9902.65060282488,10020.4890382888
1163715.56109153,702880.022973538,589096.003350798,605758.02015633,441738.990688111,288470.605058609,248025.70139604,246503.718853471
139521.537255129,136537.815009987,134182.78328889,125246.695498215,-4945.85726270877,-4759.62164698808,-4643.902135404,-4316.8060384276
-438691.084707156,-757871.319038441,-1751157.98029812,555194.39919123,204616.701569194,385875.254321006,917007.562267765,-273721.126219746
54164.6836009809,103897.333179672,150041.549062658,-279985.164345251,84156.8874503052,105989.125259701,135692.508304747,-304931.930090871
1246909.58420798,564052.969024185,429873.050598355,275965.904819519,464890.342201546,217222.463084923,166966.227533331,104383.850198321
53594.0445265764,37488.9989336204,31108.3928900836,30454.7620899018,21135.5571624187,20392.1853710438,19664.3638116854,17146.8507338367
217672.925816245,280938.659052295,324601.752492419,505868.879628771,53268.6471899007,59816.1520435773,64680.7607280792,93435.9247697167
78164.9455957202,76456.138407061,76329.2719932842,79787.7404978403,9731.84710785863,9545.42041549754,9394.16130142088,9054.12972559515
236201.05079217,217793.75952226,206646.442263465,169664.1359546,3491.17992941,3844.24416528384,4041.10941152405,4532.87874949681
357839.012220887,283944.751582765,246484.53501008,173324.036825323,25215.3337737912,20049.3659633717,17421.9668541934,11950.4001069503
-111150.081556423,-112980.648916124,-115555.544980705,-125226.946930928,-52678.1294215442,-54577.6996608657,-56208.6967983502,-61279.540236509
262262.425958304,275109.299080042,282178.076954752,243205.720530411,5056.11880530672,6551.79816824613,6706.44302656094,4765.70434908956
57781.1286545798,58416.2594673183,58787.6184180613,59534.9820402434,1304.66233879373,1326.43445503618,1257.78423571564,856.902290882586
79928.4396346587,81879.1881658389,82173.589896435,79302.3930844193,-5198.52420413988,-5628.36949931395,-5748.31678278052,-5623.43585759196
-541272.012091917,-716289.563608795,-915862.367444764,-2236354.58260883,-104276.089076478,-128909.563527519,-160495.033333652,-379907.718867197
373242.010580773,311408.256298812,290873.920732408,248993.913961391,213687.469201894,181619.359829318,172799.222382311,149632.050092023
-168698.436061986,-262496.224941389,-534314.551192735,113009.551511013,3232.37489437943,11330.6982149336,33693.8190713221,-14912.9241853051
63830.8425935665,62904.5872693263,61242.7211392992,53859.6441215303,19932.6516488587,19157.2472832941,18572.2487660266,16943.7368446056
126903.062586409,121410.258633905,117768.088340701,110624.683377375,47848.4080962301,46840.0348385777,46093.2872153977,44019.6170494819
33465.2514113567,32552.1132549859,32023.4611507669,30852.1665789328,1347.01896424096,1234.42254155977,1178.85110919243,1040.05641133179
58039.7913112553,66985.0749006048,71875.6103550808,78074.0832313554,13953.1002345287,14401.5992502609,14878.6073693476,16624.3715867175
321550.382201782,328896.244532914,333658.350755054,390503.187933872,-17294.6082317474,-16299.4836087493,-15947.5018692117,-18173.3884316912
72569.7007013682,75912.6155596063,78721.3792499755,92474.3451446189,15342.5404051148,15849.8707548479,16330.4201906207,19002.927676404
-242801.990622968,-263695.560206264,-278581.568731123,-314291.623429263,53623.6777548912,58238.6858678761,61541.0658024668,69548.1188939288
-23303.933874958,-22626.8180286262,-22398.5783823152,-23451.6923449155,-82975.5475935616,-82083.8128771565,-81852.5773033703,-84504.4076230344
2476022.32807881,1842357.09578351,1806096.14339863,-4052312.06215581,32514.5825994095,29337.544364753,31379.7827086337,-84037.8983800987
32517.6547684027,32248.9771300482,32055.6495179187,31892.6012516056,5715.7884235722,5681.17761129316,5619.72655138278,5359.15130963218
31178.105685585,40678.3529989414,46559.5390358728,56166.5566706514,-3098.09120912891,-2599.56386937436,-2244.34025878701,-615.562367242981
388812.420999998,408213.515655842,429068.22225169,581370.987493441,-134619.74450735,-137894.161295902,-145017.682899791,-207776.992057823
173845.588203305,185978.664027829,195661.975432452,239019.585706303,9904.61623880231,11489.2187215086,12386.7261643197,15248.4986660023
188190.342786476,186373.36614012,185421.451085112,187404.826181062,10796.4576788779,10629.7553033554,10449.7929238389,10149.2059678433
-64596.4486563205,-70500.6759811851,-73497.9616427362,-74975.2369267738,-97249.759221427,-98908.7424638253,-99892.1953021687,-101789.369992724
23933.3701749906,28232.5022601914,29944.0904325056,30900.063595575,770.41741987346,819.191072890596,851.155537374862,971.774307814284
256163.283509432,250588.124393869,276779.459613269,791279.610592287,-43453.4948389893,-46298.261642965,-53062.4221873488,-155395.653198033
-82616.1544006775,-144902.777900479,-379214.302032974,137965.201831569,-1156.33783587234,-2555.09529378368,-7542.92116303262,3705.48809545135
948598.653719195,61085893.3389956,-1286423.20454846,-282767.405665785,-24833.0670484581,-1314412.53412253,25088.3667907052,4384.00606939323
-108369.686341673,-100213.411507085,-94349.7828999778,-75540.0452038885,-32456.6708772128,-29760.7430471643,-28053.4133003886,-23359.51168329
105114.470966203,103072.253710741,102080.087165834,101335.389206583,-23536.2156189909,-23200.6746377057,-23039.5809428115,-22871.2734208676
136699.908263243,127469.628760595,119234.642749904,106429.324879842,-9834.42792443233,-9902.71749563795,-9588.16367818277,-9106.92663357631
-3649682.03742712,28635618.4094138,3890667.47129559,1014038.25510943,-856233.776380701,6822529.97976074,933529.04865422,243941.811536107
114840.728078564,106605.644391771,101467.288028445,94093.230419376,-30338.3196169823,-27683.7240303248,-26160.2145493185,-24128.4733253765
-45193.4023843711,-41804.119417353,-40544.1959232967,-41287.7112128638,-40463.3023024408,-41259.2270413385,-41803.9420424317,-42863.7724727378
29276.1594564141,15931.1411828043,10290.0353442229,7394.08727765105,201.332122701874,-1573.08013177065,-2425.92037823423,-3544.13056269
29002.6771225211,30958.3622587253,31784.7854810197,33041.5812222432,3639.38675124102,3634.72171579551,3622.525279949,3591.45711118498
