"Total Costs (1-year)","Total Costs (5-year)","Total Costs (10-year)","Total Costs (Lifetime)","Health Sector Costs (1-year)","Health Sector Costs (5-year)","Health Sector Costs (10-year)","Health Sector Costs (Lifetime)","Criminal Costs (1-year)","Criminal Costs (5-year)","Criminal Costs (10-year)","Criminal Costs (Lifetime)","Treatment Costs (1-year)","Treatment Costs (5-year)","Treatment Costs (10-year)","Treatment Costs (Lifetime)","Total QALYs (1-year)","Total QALYs (5-year)","Total QALYs (10-year)","Total QALYs (Lifetime)"
23716.3526510094,114533.480826393,212667.381044154,506928.160798287,711.133797382866,2939.5125219767,5574.54911799346,18266.7918496745,23005.2188536266,111593.968304416,207092.83192616,488661.368948613,8.80234203833447,39.0900710286914,70.3545415140498,174.190014580084,0.579727297107739,2.69357144374456,4.90922401199755,11.938686664956
15728.8195587849,78036.1648780246,146575.550906225,358915.482220224,1507.64360620565,7452.95570950979,14233.0083087424,39941.0516462255,14221.1759525793,70583.2091685148,132342.542597482,318974.430573999,8.87554466530383,39.1639386689677,70.267787657528,171.071352954881,0.54601491481526,2.52646783451259,4.59218672177697,11.0461013083577
22760.8132020564,107581.741170339,198861.402496513,473694.699591161,4842.77895974423,18196.5349491133,30773.7300730218,70127.6054021962,17918.0342423121,89385.2062212256,168087.672423491,403567.094188965,9.15342335523638,40.030779104919,71.4715394844799,173.570453862918,0.579190218943994,2.64584697158967,4.7823519511367,11.5461391670589
21596.5486001311,101492.3189263,188634.184372983,461720.265119258,4800.2247586135,20121.9794588552,36027.7911739245,92891.5700382481,16796.3238415176,81370.3394674446,152606.393199059,368828.69508101,8.96996815364106,40.1679344144829,72.4959347060716,180.422998530149,0.582035239688044,2.70391696109399,4.91492547468347,11.8701945332027
25607.7410472875,128038.028985127,240376.980613828,584835.265249588,3485.47541962063,15118.3503571585,27658.787914638,75604.7272206169,22122.2656276669,112919.678627968,212718.19269919,509230.538028971,8.89930017530021,39.4701513696307,71.0522372700472,175.766211761984,0.577399497909998,2.66698337139909,4.84795201636701,11.714763317331
14390.1061175819,75674.2832472898,142964.700469357,349405.096971097,1726.71055028049,7450.37629137847,13484.329852815,34337.1362570438,12663.3955673014,68223.9069559114,129480.370616542,315067.960714053,9.03841572913752,40.2694631190832,72.7173163572239,177.13324204316,0.587756827401238,2.73353203439743,4.99983164323168,12.3285846938322
21705.4094933079,109179.726939375,205658.869037131,500664.226125914,1340.88599426428,5047.58729101829,9258.64925175717,29226.4597062092,20364.5234990436,104132.139648357,196400.219785374,471437.766419704,9.14458666291079,40.8594003294725,73.8781178989616,180.808240306759,0.607773941543295,2.82649261072762,5.16111455083038,12.5760393582622
12569.2873028454,60135.9011136507,112160.75008267,281760.034281834,535.078486201142,2665.19307032825,5415.79216815468,19391.6996179008,12034.2088166443,57470.7080433224,106744.957914516,262368.334663933,9.0767598118429,40.1445580235029,72.0696926830395,175.017334380248,0.603544275393867,2.77654634559592,5.05325003336071,12.3744638859791
15791.6948907446,79470.4702849199,149457.910286757,365808.667061528,529.790220116129,2207.47994513267,4280.40513394236,14858.3942051396,15261.9046706285,77262.9903397872,145177.505152814,350950.272856389,8.70760642450324,38.246329970047,68.4935311037115,167.970955558046,0.564193759029819,2.61225886253365,4.74942153624274,11.4555295573301
16579.2749997894,90132.8547674375,172143.941503146,422989.05255403,1030.14535376667,5032.26819039934,9722.757293616,29615.5551290212,15549.1296460227,85100.5865770382,162421.18420953,393373.497425008,9.01373270205884,39.3658233551064,70.3311509654814,171.587738521771,0.602611095087604,2.73057184691522,4.93388764304291,11.9114863856022
15068.408751945,74974.4852673246,140571.151506949,349556.351093826,694.400561027398,3618.10093733918,7057.95613754977,20721.4819019012,14374.0081909176,71356.3843299854,133513.195369399,328834.869191925,9.00065213700837,39.539575918664,70.9157384396807,172.787809525248,0.604057936629266,2.79194573705146,5.08547289914612,12.4130020967423
15685.1711048562,77548.8548719276,145471.642747424,363009.265232946,1799.37846334754,9505.52922341782,18452.3323852138,53072.6002682072,13885.7926415086,68043.3256485098,127019.31036221,309936.664964738,8.82851518001197,39.0616688680539,70.1624450410216,171.020453136292,0.575243872946307,2.65954758212139,4.84321496528436,11.7954347119288
17751.7073891918,90690.130580887,170405.767974202,417025.867947918,3013.71781859357,15204.96964881,28941.4794245873,76704.0321716141,14737.9895705982,75485.160932077,141464.288549615,340321.835776304,8.83037046792922,39.5244172902137,71.4563408373457,177.290906042777,0.549681599837813,2.53479318121635,4.6024177726078,11.1024095166046
19551.6273208963,103228.812579352,195956.691796452,485907.024377865,732.897071804656,3970.61128307438,7919.35034992452,24741.7449066187,18818.7302490916,99258.2012962778,188037.341446527,461165.279471246,9.18351613897747,40.4156070994472,72.4703493761255,173.481855144783,0.552996386720899,2.5796412334915,4.7141048028191,11.6357854692702
18357.2999617674,90065.2611108747,169035.975933947,419304.041143367,707.857579590289,3630.79215456079,7198.62531523535,22802.7777202095,17649.4423821771,86434.468956314,161837.350618712,396501.263423157,9.07676144115279,39.6944750024618,70.7602471117248,169.780705718152,0.584955393318415,2.7009096398842,4.91820362927804,12.019931099086
24474.5446401709,118760.483623893,219293.757724583,511240.283893596,1126.47209092097,4295.20600056291,7534.91146988978,20079.2007370368,23348.0725492499,114465.27762333,211758.846254694,491161.083156559,9.05891518711632,40.2545040549785,72.6725584660488,177.861782704672,0.58887286164878,2.72405836244921,4.9681961923205,12.1351611347171
18081.0705618095,85407.6951949018,157947.398211733,384756.542303939,1253.96972153997,6743.11835382556,13259.5959956417,39849.0897928702,16827.1008402696,78664.5768410762,144687.802216091,344907.452511068,8.89356759992834,39.9893769672935,72.4750349014583,181.258478309174,0.564676199871256,2.61378594239465,4.74921423644396,11.4686030916231
21517.2603479925,104083.74571128,192670.961416647,463762.824636744,7233.61732759425,28065.8505291176,47919.4749768879,109231.366223382,14283.6430203983,76017.8951821621,144751.486439759,354531.458413362,8.8988182054248,39.4212019935157,70.9502178196188,175.241944759501,0.592633454079352,2.71677579351202,4.92551280056526,11.929840840546
21888.0687828002,109221.229948275,204966.994980703,490489.844775187,2886.39601617857,10438.2898920304,17579.8164498427,41479.5339328593,19001.6727666216,98782.940056245,187387.17853086,449010.310842328,8.90117027612,38.8591900215872,69.3953883516358,167.562979008907,0.592544373769644,2.71504498105343,4.9300161168807,11.958830356822
17684.066492652,85010.7103910081,157722.673945934,381752.847300375,2441.81277448772,10418.5742118719,18712.0122182445,46991.7536279532,15242.2537181643,74592.1361791363,139010.66172769,334761.093672422,8.94258939843672,39.8696190415648,71.9744379736492,179.379026835426,0.574704303697189,2.67702958409715,4.88027819597241,11.8259707337515
24829.1229937066,118667.330324601,218734.64099085,523418.221430538,2516.74374148739,9299.46415908869,16864.3205211732,54568.465762376,22312.3792522192,109367.866165513,201870.320469677,468849.755668162,8.74440386257364,38.3260150147851,68.7895730309867,170.292294804044,0.58394860025045,2.70532193482882,4.93139868466106,12.0158652153866
24684.6226833308,124880.760983097,236582.789208927,577618.370601221,938.763585042417,4756.91872813983,9487.57469252418,30832.9394997003,23745.8590982884,120123.842254957,227095.214516403,546785.43110152,8.68562441699458,37.7605914599268,67.213290632958,161.238373026706,0.586102925424341,2.71676222321737,4.94467201655221,11.9058211873294
21537.4060676118,101555.918549434,188501.527362451,452364.27565474,1896.17437045731,8503.95326601308,15609.5078063854,41178.6917488629,19641.2316971545,93051.9652834208,172892.019556066,411185.583905877,8.75512338583435,38.2913252000192,68.4126877573811,165.015099419654,0.603363663600495,2.79620358347257,5.10086884715259,12.4137887679784
18798.599825265,102762.610767261,197930.884894283,487662.739106765,2279.0972267323,10794.4709354436,20188.2696154156,52657.7341652508,16519.5025985327,91968.1398318169,177742.615278868,435005.004941514,8.76224316532245,38.5289181958827,68.8736707542753,166.94443593572,0.547995112765984,2.54856747054001,4.63809560259435,11.1351420876857
15211.2786730047,72934.1305390582,136685.97889269,340623.71936382,1230.16164975459,6452.59272529808,12546.3085542397,35055.64422486,13981.1170232501,66481.5378137602,124139.67033845,305568.07513896,9.03357111231097,39.8919959369932,71.5626118002915,173.887499745002,0.565823156083643,2.61609277701362,4.75906321087924,11.521985441588
19073.8275179621,100389.891753085,190649.852772904,469290.553978585,725.977267381327,3007.47525981448,6000.90108818392,23937.1722720475,18347.8502505807,97382.4164932708,184648.95168472,445353.381706537,9.02857355895537,39.9784218012346,71.9243633725128,174.869278610511,0.537001185864292,2.50669558923004,4.58459537310886,11.2544031961567
21853.1716296176,113434.885357383,213412.25653138,515285.7326631,1869.31996062341,9824.30036011317,18711.2483902176,48928.6835786457,19983.8516689942,103610.58499727,194701.008141162,466357.049084455,9.00988273355863,39.7778866906027,71.4863966026756,173.800118221063,0.565897082813779,2.61638932036112,4.76843577248153,11.6248057465654
17249.8534129928,71980.5918008073,130959.417134649,317837.452112791,877.104031032866,3556.2159683513,6813.51312561549,23785.7756208349,16372.7493819599,68424.375832456,124145.904009033,294051.676491956,8.73032756699569,38.6740756810741,69.3778328562228,171.020549120813,0.574048324229667,2.64657798738847,4.79994484205364,11.5119996066175
13494.4778408433,60587.7364574649,111053.714503036,274043.259727497,1824.75352680255,7104.83145745818,12840.4419760026,36345.3626426174,11669.7243140408,53482.9050000067,98213.2725270336,237697.89708488,8.84914122963642,39.3739390184095,70.7913537202887,172.374339243589,0.575726516401617,2.67247419599359,4.86202343336877,11.781763033509
15612.4656279549,70965.6479977176,130787.454635786,321214.950476545,847.532581248784,3712.84725197232,7146.99352380117,23440.7338980769,14764.9330467061,67252.8007457453,123640.461111984,297774.216578468,9.04233896534221,40.4525451761802,73.0026132431677,181.50176873192,0.586763260307448,2.72941334997661,4.98243935472039,12.2073533068216
15792.281247271,72056.540601035,132635.806421763,322438.394398581,3700.33513857254,14774.8590916655,25891.1867676637,62510.5718360476,12091.9461086984,57281.6815093695,106744.6196541,259927.822562534,8.804584035386,38.8683733396004,69.756862922672,170.983234608753,0.563941394856893,2.61385633311678,4.76191138656959,11.5734971872861
14039.838128087,67150.8517142073,124562.654187527,305383.145679835,1547.82721540302,7729.62950873696,14674.7618696014,39531.173155777,12492.010912684,59421.2222054703,109887.892317926,265851.972524058,8.97282072862336,39.6910065945923,71.3705678741583,173.522977592792,0.599950666077998,2.76851416596216,5.04392789156446,12.3046006353873
18044.4151158441,92292.8676801554,173837.986781158,425804.421136864,1182.07640212077,6393.38100317333,12638.3670686315,37701.940286572,16862.3387137233,85899.486676982,161199.619712527,388102.480850292,8.88927721619697,38.8023294505432,69.3286294712944,167.227481014697,0.628874896114311,2.90107472010026,5.27789745862051,12.8268038295917
21401.649205957,110318.48440383,209974.377388979,517401.536929921,1506.62911559177,6941.99708409999,13715.9947586438,48137.3543386066,19895.0200903652,103376.48731973,196258.382630335,469264.182591314,8.72882448551394,38.5731586204544,69.2419334109456,173.714812491417,0.574154157171247,2.63134823895388,4.76309734472924,11.3976509274918
17974.3397585999,90405.1743087901,170052.24768773,414923.30150105,2089.78410938009,9446.51343150946,17278.3294862703,44055.5957034786,15884.5556492198,80958.6608772806,152773.91820146,370867.705797571,9.06847961896406,40.4957444262443,72.9363345352044,178.678613373609,0.64458777115177,2.98762271637004,5.45821559971747,13.3561732052641
17524.0903374454,91866.3227711179,175480.748375057,442882.190376253,1529.51696464363,6971.4241048923,12888.9034166338,34160.5095113634,15994.5733728018,84894.8986662256,162591.844958424,408721.68086489,8.88589623162864,38.6933991953026,68.9547568000036,164.019887587182,0.559524993072363,2.59824471931797,4.73272111508803,11.4533179769974
14940.4213576535,79031.7556427826,150653.697907228,370800.631318935,284.042271201208,1120.92863601211,2178.23004485101,8277.67827965509,14656.3790864523,77910.8270067705,148475.467862377,362522.95303928,9.02856206510257,39.6693094750107,71.0078902655906,171.901386871069,0.575583233358935,2.6670651847837,4.85863908246327,11.8433702140444
17651.0255822779,80542.0605010893,148529.673255663,362014.708599017,2138.43362975173,12214.5717333638,23795.6286493456,60948.1676754427,15512.5919525262,68327.4887677255,124734.044606318,301066.540923574,8.99943675039024,39.8581687250209,71.6164072196654,175.69508060862,0.584444980215059,2.69867614510858,4.90320163330202,11.8753602317218
18559.6444368282,102552.611332909,197643.239432089,483209.059946397,422.058290473013,1803.6572960978,3552.37724552327,13159.4813490967,18137.5861463552,100748.954036812,194090.862186566,470049.5785973,8.84213984148258,38.9138294685724,69.8244085356173,172.014109802202,0.594541167854785,2.71616747565831,4.92239678748737,11.8524301852129
18480.4772804565,87413.4995998598,162111.150782378,396999.298997577,2140.71688408105,11846.3959108909,23342.8636797917,66163.1891922723,16339.7603963754,75567.1036889689,138768.287102586,330836.109805304,8.86185759128908,39.0396445287375,70.0530636772021,170.875639473858,0.590052470065163,2.7385565417226,4.9982538682839,12.1520190378575
15766.5218032839,78963.8083825271,149064.647471582,370120.93222964,2200.76184594631,9227.82248282883,16656.5004829967,43218.476119775,13565.7599573376,69735.9858996982,132408.146988585,326902.456109865,8.93979672815431,39.5006893137687,70.8441688718752,174.410434051241,0.579868566227465,2.67824369181094,4.86956821210998,11.8014281916958
17990.053384131,92068.5340656385,173526.50569694,428642.514695692,337.676638972643,1347.00282294847,2620.85726518132,9685.96686624221,17652.3767451584,90721.53124269,170905.648431758,418956.547829449,9.00654300931041,39.6747650448448,71.1214649567689,172.628686890989,0.632318705026377,2.93084220171004,5.34488596846355,13.1281660055489
17852.5204643569,84961.3849075785,158139.015093812,385099.53545282,812.476085918911,3167.43453498196,5793.05390684037,17822.1644582435,17040.044378438,81793.9503725965,152345.961186971,367277.370994577,9.00597876550444,40.1677441922095,72.4374240230345,178.819817868634,0.633288091407327,2.95387332674674,5.40236057981122,13.2680347751096
17077.1355463163,80166.4177403212,148398.570154818,362227.192968781,410.803818381529,1984.70311500399,4051.46495368546,15046.6398027704,16666.3317279348,78181.7146253172,144347.105201133,347180.553166011,9.02059862715321,39.6069854671941,70.8455552586309,170.175285570249,0.608782928687209,2.82532718712348,5.14746031009072,12.5198879521157
20765.4934413277,103062.130871031,192546.651738983,467397.975406142,2269.68574613449,9154.85157605027,16496.0985022727,45890.6804669679,18495.8076951932,93907.2792949808,176050.55323671,421507.294939174,8.75339638315587,38.8415641875571,69.7345157091118,172.125707514944,0.591964485142366,2.74290690424879,4.99729966676326,12.1673438440607
20631.3662821158,98805.2315506989,182918.374250273,444750.097430103,3619.53567591685,14932.0190871914,26526.3935761005,67166.095252903,17011.830606199,83873.2124635076,156391.980674172,377584.0021772,9.02880522001118,40.0125633643803,71.8940079378571,177.142809664242,0.54059578943062,2.502332526032,4.55325343855554,11.0451672312989
17271.5834917886,86025.1540740403,162580.766811063,398133.399306682,1131.64892917682,5901.62800196706,11454.2821826456,32699.9556682644,16139.9345626118,80123.5260720732,151126.484628417,365433.443638417,8.96498200276135,39.2750855113644,70.1489200611255,170.388580099797,0.570400728315937,2.62733762774883,4.7625575035015,11.5691086353405
21525.0635110059,100009.463715563,184820.98432069,440384.096899349,560.682819386495,2512.52700655571,4903.76750629175,16415.4822633345,20964.3806916194,97496.9367090075,179917.216814398,423968.614636015,8.93411705592515,39.8885635321533,71.9653536590171,178.099240742223,0.566110829291467,2.63736017308188,4.80633596218066,11.6233003429218
17497.0804531504,85068.8468183581,159533.452145127,390031.304249532,863.6414259529,3897.18489832257,7583.30944198889,24509.3081436313,16633.4390271975,81171.6619200355,151950.142703138,365521.996105901,8.79142653337999,38.8466491411143,69.8542239438968,172.0429997438,0.592355143777485,2.74498363905763,4.99166489801883,12.0958622074926
19023.9510978871,88257.0147610466,162960.229522757,394105.388389791,2170.65270880421,11976.355995013,23016.4648457622,58696.7640066695,16853.2983890829,76280.6587660337,139943.764676995,335408.624383121,8.77409561554879,39.4432479460708,71.461767864636,179.44719432499,0.597695573278307,2.77125079843508,5.04761520623287,12.299788482288
21001.8689629261,109264.313358839,207694.782553215,506080.989450719,1363.56395187,6881.65185436616,13254.3264743866,38735.4032063166,19638.3050110561,102382.661504473,194440.456078829,467345.586244403,8.7761970925086,38.7332975535591,69.5004653109448,171.547790599908,0.604016285706666,2.80483983721948,5.11129149493636,12.3999740523508
15215.2350758424,79192.3716254967,150654.760443395,373811.39928319,1087.90460573099,4897.22269661822,9143.86446397635,25663.7828141906,14127.3304701114,74295.1489288785,141510.895979419,348147.616469,8.9953428709093,39.3920605275896,70.4342657030781,170.205318528749,0.588674578334084,2.69553336500729,4.901784639696,12.0275546923327
17032.1338074681,89200.19787918,170433.352927978,423036.710651821,598.934733805016,2704.12622256023,5291.73171906988,17570.5774452134,16433.1990736631,86496.0716566197,165141.621208909,405466.133206608,8.94873827298356,39.1475815628264,69.855243647882,167.349148191693,0.571137702880304,2.64639543945151,4.81411233410121,11.6411085121501
12412.3206976502,64542.0209244336,121930.506953167,303191.472691786,504.458509672368,2086.68677172501,4084.79984095425,15173.5965089497,11907.8621879779,62455.3341527086,117845.707112213,288017.876182836,8.88064887715217,39.8896591367692,72.358198602103,182.344043532988,0.599648681880233,2.75835695426708,5.00353608509044,12.0888226562051
11831.489918332,58446.1649945892,109823.002455906,276511.215692968,1411.57450834574,5475.90588552837,9748.2002236856,27037.3122444811,10419.9154099863,52970.2591090608,100074.80223222,249473.903448487,8.87519656148963,39.5042252183454,71.2816063987711,176.719936911299,0.541741230845212,2.53806082451149,4.62824015885794,11.1057102315759
23212.2985772731,100851.733676712,182140.019352775,437196.929932075,902.556771868924,5185.52340167271,10620.4656091697,34530.9669776831,22309.7418054042,95666.2102750389,171519.553743605,402665.962954392,8.95999490393762,39.6752252863183,71.4596376703957,176.363645439996,0.633744262865939,2.91145153481678,5.28784005106617,12.8767811641663
13250.8251287116,63689.7867357056,118402.090544213,291523.471236176,470.568419463718,1958.3063071771,3630.25014270421,11007.0121955575,12780.2567092479,61731.4804285285,114771.840401509,280516.459040619,9.07320009558662,39.9615685001427,71.6515764441192,173.446598329687,0.588240716641779,2.72938387850304,4.99193613433834,12.230737223276
21199.9768902187,108121.591035238,203252.372543942,487976.548572285,1622.43012812724,7787.71614953849,14638.0228925404,39271.5196497468,19577.5467620915,100333.8748857,188614.349651402,448705.028922538,8.78947979066752,38.3737689312358,68.3934849600556,166.075602293848,0.600847412794927,2.76446661158075,5.00985781638722,12.0965737607522
14981.3445372683,70729.9485015257,130961.40946262,323659.611757789,2100.17146518236,8799.52135474408,15838.6581022642,41191.7864068365,12881.173072086,61930.4271467816,115122.751360356,282467.825350953,8.86152805958992,38.5892630569454,68.7979476080883,165.682774577466,0.572369538162007,2.64517391503853,4.81661309226445,11.7430098359274
18226.6484811039,94070.9445919895,178483.634490462,440084.193842029,570.682997204083,2801.60705879028,5462.46158457818,17321.9918043863,17655.9654838998,91269.3375331992,173021.172905883,422762.202037642,8.95273325564426,39.6197444024741,71.3134671962804,176.977324722893,0.591102288990077,2.72416095284535,4.9554415336269,12.0267658219759
16739.9692494885,77987.2657175368,143479.142613444,350013.857028373,1712.38695502324,8276.89128601929,15640.3397361673,42084.3059353992,15027.5822944652,69710.3744315175,127838.802877276,307929.551092974,9.04106303767164,40.0355415600268,72.0440550025104,176.545562985483,0.528784529137592,2.47182270015234,4.51964708585315,11.0532733034474
15344.512949475,71525.6713198295,131633.102181586,322197.55189382,560.9142621264,2317.83955165813,4574.90929322598,17359.7035225751,14783.5986873486,69207.8317681714,127058.19288836,304837.848371245,9.01609937044894,40.4728038714037,73.3481448718417,182.897358116477,0.588853539549116,2.72405487395705,4.96761806974422,12.2353803917701
16323.1599776133,84934.6510847151,161766.200340631,395460.77986242,896.873999081747,4233.5814674127,7994.08752834971,22229.9835352527,15426.2859785316,80701.0696173024,153772.112812281,373230.796327167,8.99195719061009,39.7272571836748,71.3097192286802,172.882038412991,0.612501829027763,2.83465608206891,5.16758387652527,12.6143466218472
14940.705574958,73562.3265308986,137225.234107717,341036.667214253,568.312557568686,2466.55333397782,4805.97302265663,16599.8414828327,14372.3930173893,71095.7731969208,132419.26108506,324436.82573142,8.9711698520513,39.9197223880235,72.0279033033095,177.978397172496,0.632226283853934,2.91023348484198,5.29284741361392,12.9044654213096
15581.9775131697,81081.9372481591,153363.322338853,376669.512103994,820.907856721787,4061.94728990038,7912.25246056435,23722.6722011839,14761.0696564479,77019.9899582587,145451.069878289,352946.83990281,8.87024344145848,39.8220930997841,72.0198940264047,179.653513487664,0.562978538554128,2.62690004538224,4.79445789655689,11.6948776846827
20169.2433938014,98730.4865530146,184062.360736118,448937.08800402,2024.18158775924,10134.355739952,19144.8564414305,49001.9237090138,18145.0618060422,88596.1308130626,164917.504294688,399935.164295006,8.99651264514621,39.9258525849376,71.7066582248869,173.791101902756,0.604775761446427,2.80044320256817,5.10088696767976,12.4445959518374
15046.6613423343,75118.0469549866,142228.40522568,352943.009015346,786.476117231086,3458.12286617539,6580.93736200274,20440.6129042308,14260.1852251032,71659.9240888112,135647.467863677,332502.396111115,8.7205685498617,38.8009747053788,69.8255440867856,171.376229286253,0.599425556005466,2.78086284304407,5.06299181000197,12.1637894244958
21818.6065071885,105410.611109168,196560.270706103,468399.751787768,1858.44160474737,10113.6246791601,19481.1773885905,50376.871766435,19960.1649024411,95296.9864300081,177079.093317513,418022.880021333,8.99308640669966,39.9387249821896,71.776227505166,175.460806077223,0.587017237783441,2.708528203689,4.92189674337292,11.9850674661648
17840.5490587975,90340.0086910126,169983.771820564,417162.936950595,1825.2584678641,9813.6346863886,18821.4024734783,47484.4989743482,16015.2905909334,80526.374004624,151162.369347086,369678.437976247,9.06761445997925,39.9528298700197,71.737032126937,172.334488091365,0.613813748465547,2.83101819057681,5.1612825705479,12.6551925406981
22005.6608301963,115185.274234321,217742.288836933,522306.682821504,1542.91959536782,6426.14086338595,11780.0401369034,32871.9663201619,20462.7412348284,108759.133370935,205962.248700029,489434.716501342,8.58329548684799,38.6159289428809,69.902454405078,175.901523800882,0.577284556416379,2.67275009507454,4.85928154229986,11.7296721020096
18350.4012187429,99439.6277987435,190672.812098113,467711.476679827,701.867498502039,3499.78436683259,6728.23770890437,19327.7219035064,17648.5337202408,95939.843431911,183944.574389209,448383.75477632,8.92758900403894,38.9088670043799,69.4637786876711,167.68770319183,0.632793139502373,2.89561203584406,5.26760012809699,12.8716156990301
18614.9290103408,87543.5647832218,161774.17696219,391006.750541011,1170.12684935829,6187.12797484071,12212.726442298,37221.2353859369,17444.8021609825,81356.4368083811,149561.450519892,353785.515155074,8.73485653694383,38.7394799531902,69.9054611570817,175.305080359663,0.590590455234671,2.70618152543234,4.90567808851193,11.7760950425447
20427.7670348978,106848.935981724,201686.687069953,490885.657847784,3189.98389690189,12577.7361112782,22458.4048691483,61522.7160881657,17237.7831379959,94271.1998704461,179228.282200804,429362.941759619,8.6874835537896,39.0457259508968,70.6639411462167,176.759477222844,0.57874551545858,2.69772467862611,4.91849444321398,11.9312942088377
18932.8899811836,68618.0997069468,120162.525204185,285343.653225115,1019.00769487844,4798.82524387643,9216.1298765902,27504.2164643006,17913.8822863051,63819.2744630703,110946.395327595,257839.436760814,8.69042716637854,38.7349996236381,69.9789877495213,175.713127013811,0.557223974664963,2.60469312748724,4.75421515745323,11.5363849039975
19096.8125016635,89590.3824879036,164293.382428137,392716.715939076,519.714403786199,2186.53479898823,4260.64423685832,15491.9169237282,18577.0980978773,87403.8476889154,160032.738191278,377224.799015348,8.85876564860359,39.4850408940615,71.5299224357426,179.494706930262,0.595630635969986,2.75499040414435,5.0225298323487,12.2523517258253
21551.346565495,106214.212919961,197886.207514239,469641.500830878,1963.08374021366,10229.525731438,19417.9941583248,48411.6304023111,19588.2628252814,95984.6871885234,178468.213355914,421229.870428567,9.118186556634,40.7673000503322,73.5969315447503,183.433110434653,0.538016554201268,2.50864085481977,4.58069301830345,11.2576714009638
26223.9431491247,126797.438716434,234670.944350427,555887.894352692,842.285605361042,4319.04419121854,8667.99355212376,28929.785413448,25381.6575437637,122478.394525215,226002.950798303,526958.108939244,8.83351855451501,38.7157335463357,69.266769294557,169.204509591023,0.579266508521671,2.69136335116868,4.89402115472969,11.7974085788442
23481.0899571621,114352.03314917,214029.692693016,513959.567402686,1168.5635501185,4801.63798157645,8865.93263536544,26827.0557597611,22312.5264070436,109550.395167594,205163.760057651,487132.511642925,8.67391327154982,38.0281186082652,68.1979862351923,168.394677110592,0.567287732699359,2.65065779220037,4.83520516430575,11.6743633641732
21689.6475861372,105550.695887672,196731.82023018,475464.15144116,1964.28033919045,7512.79888184431,13071.5337938563,32716.5399984754,19725.3672469468,98037.8970058278,183660.286436324,442747.611442685,8.92488926698889,39.6109468896058,71.2414399521333,172.820970574323,0.584407274111118,2.72303628872934,4.98421036040389,12.1765953774213
20578.1570510684,99432.2277907219,184619.390882087,441628.966353529,1180.99527051518,5573.31599555601,10709.595035474,32825.7749579079,19397.1617805533,93858.9117951659,173909.795846613,408803.191395621,8.78363261716523,38.4964326139839,69.01624190587,169.986631490499,0.612377829641824,2.82260102416576,5.13077379363306,12.4159701610344
19406.479535612,99952.7476539409,189037.759495673,459011.766506785,2553.78432810399,10144.2395233441,17652.9970109933,41500.5025079445,16852.695207508,89808.5081305968,171384.76248468,417511.26399884,8.89814313412281,39.306599751568,70.635617938837,170.385293413242,0.5813965105676,2.73135025317077,5.00590521589117,12.200472499044
20760.2031456035,85453.4634710085,152772.361248917,365085.458848118,5578.64779898979,22015.5940131348,38204.4231353081,91929.2632789063,15181.5553466137,63437.8694578737,114567.938113609,273156.195569211,8.77717083259551,39.0840513664987,70.6096910335112,180.05903394116,0.572928787420626,2.61665728851117,4.73668296690193,11.3654824157197
28026.6685005044,134342.121232205,247583.83209419,583350.732053695,807.893311295958,4097.69890776741,8319.10146060625,29476.026542873,27218.7751892084,130244.422324438,239264.730633584,553874.705510822,8.872277382403,39.4274615992048,70.9977495805966,175.107242923615,0.573830371943329,2.65943182441284,4.83936658516949,11.7527268433941
16571.6393150906,80321.0024696036,149214.352981661,361599.979335131,1573.16726963653,6322.91859487129,11217.1352634132,29348.0517116418,14998.4720454541,73998.0838747323,137997.217718248,332251.927623489,8.95878477644584,39.4824118524966,70.7543799490709,171.847571287001,0.586920962186092,2.69956867346735,4.90151472377735,11.8825127662081
11553.0403627098,57388.9951579305,108306.780331945,271892.65138305,187.793697459838,801.08707819339,1555.85468795003,5239.19079767576,11365.2466652499,56587.9080797371,106750.925643995,266653.460585374,9.28421561097977,41.4184646393444,74.6180645738974,180.205272839935,0.624292242718588,2.89881158434514,5.30998063316011,13.151733883579
19942.0030090741,97089.4309250052,180568.626852713,433487.402470904,1476.31739538722,5874.60020291481,10468.7444106422,28234.4122431993,18465.6856136869,91214.8307220904,170099.882442071,405252.990227704,8.8853921679977,39.2754122275378,70.5328896469524,174.752385122775,0.577874375779418,2.68527646298058,4.8799733016971,11.7777658283386
18215.9994978349,93417.845224136,177483.34951184,433528.76048573,384.88604567513,1589.04089935896,3083.87022177368,11154.7459697649,17831.1134521598,91828.804324777,174399.479290066,422374.014515965,8.94429907505836,39.3664683389945,70.5091355654023,171.124156769187,0.600774271381806,2.77692542562246,5.05155889712154,12.2244502660459
14498.9727080659,74136.7154102484,140342.470986421,352351.85355225,523.166393541418,2430.31636232954,4735.60126455827,15011.0518539154,13975.8063145245,71706.3990479189,135606.869721863,337340.801698335,8.98370870905721,39.7625981102271,71.4077667798066,173.058233222923,0.597188581231161,2.76993572952472,5.05189513288063,12.3901157003737
13538.0789538976,61121.8630692017,112509.248628794,282368.599756492,693.794761284706,3391.94168782868,6762.55406818303,23115.65894053,12844.2841926129,57729.921381373,105746.694560611,259252.940815962,8.9248090800109,39.7245655118816,71.5673056698251,177.938933711693,0.581318740208119,2.70356144456498,4.92568320312131,11.9638991724653
21644.680583839,109369.114255471,205377.845535969,501629.909164188,1516.61644375695,6479.73279666579,12026.2904666273,35513.922950443,20128.0641400821,102889.381458805,193351.555069342,466115.986213745,8.71291788271089,38.3894855340487,69.0212562065185,170.631775825934,0.575147098002807,2.65742628794103,4.83920571237303,11.7603206380286
18766.5272616324,94932.321404604,178714.102103857,434390.367081187,1342.48298938363,6550.21371598307,12528.0108661887,35729.6083813224,17424.0442722487,88382.1076886209,166186.091237669,398660.758699865,8.8481846970346,39.4588172887818,71.1677442528859,176.891841247703,0.577938853622578,2.6726239564987,4.85309374038114,11.7237842055983
23615.9324326669,107264.41338184,196070.895107596,472699.868670585,2526.32559509715,11576.7541351763,21446.9690537798,56555.3252108536,21089.6068375698,95687.659246664,174623.926053816,416144.543459731,9.03059966508554,39.6893318719418,70.960287045893,170.735364064355,0.591418333028952,2.74000728898683,4.99370623538196,12.1396438476043
16959.3206032124,79834.9630402519,149261.428808029,363761.368396837,1301.26036214448,6726.98244677087,12927.9587753018,34834.2188453069,15658.060241068,73107.9805934811,136333.470032727,328927.14955153,8.87687936734097,39.5506033270937,71.1268546625631,174.595246683887,0.564819060372022,2.636796989522,4.81188938373639,11.7390852503448
22144.9883942077,112533.087161348,213295.795199343,516629.809304421,1757.33697688702,7183.07939402593,12883.0787267828,34881.3175945632,20387.6514173207,105350.007767323,200412.71647256,481748.491709858,8.89801753945783,39.2743523698411,70.4569783802993,173.627615516285,0.601110997602816,2.74156497023417,4.96453614152902,12.0287672219303
17094.4291609506,84127.6779497483,157342.486419787,384630.783548173,1119.44158741208,4755.50028547673,9237.85343250039,30530.6211780353,15974.9875735386,79372.1776642715,148104.632987287,354100.162370138,8.9338420759058,39.6255213666216,71.1658675161665,171.236235810124,0.623112619686892,2.87460688216425,5.23519422524175,12.8152797483814
16173.3954302844,84250.0606859528,160681.238836049,400507.267664674,899.969330060266,3635.31928959035,6862.1922822879,23781.1221212652,15273.4261002241,80614.7413963625,153819.046553761,376726.145543409,9.02264550316181,39.3244929235634,70.1566878014623,170.09142867414,0.567003472177232,2.63594007699118,4.80503251663015,11.6864474085684
18260.6741215144,86696.557100028,159939.556972919,386168.414382141,2924.55835759171,12781.0955576305,23214.6827930277,59971.923386574,15336.1157639227,73915.4615423974,136724.874179892,326196.490995567,9.03146450373173,40.3993498536203,73.0230591606604,182.339730692136,0.582924211394562,2.67257470598193,4.85130371175282,11.7915850235632
15692.4926268296,81355.2024645994,154117.055748624,381698.397549373,857.858893952529,4416.00694952397,9017.34365814894,32127.5433893049,14834.6337328771,76939.1955150755,145099.712090475,349570.854160068,8.73012893333704,38.631528517546,69.5017636457556,173.81669229115,0.594531324203912,2.72336560759195,4.92557217338707,11.7711784980269
23356.1780794329,114030.873021948,211390.656117479,506531.63586985,1501.35023107056,5791.77533444198,10285.6882467955,28269.9164884868,21854.8278483623,108239.097687506,201104.967870684,478261.719381363,8.70280622550804,38.0878287833874,68.0949970136741,167.377341359317,0.572944107528628,2.64964391166647,4.81365414069776,11.6080720677397
25456.6564502283,139492.223410313,266959.798430331,646375.185952753,2437.89821802371,10663.8958697809,19386.1132255951,48710.3992228788,23018.7582322046,128828.327540532,247573.685204736,597664.786729874,8.75619819212042,38.6490590619373,69.2569081462042,169.176672607103,0.573360872564832,2.62746100921309,4.75822578032139,11.4911337418855
17017.4136279854,82746.9127927875,154056.414514248,373759.887555675,1582.38281374306,6594.94541897961,12191.0882357863,36243.8163626455,15435.0308142423,76151.9673738079,141865.326278462,337516.07119303,8.60787779493729,37.8008097435535,67.718163874593,167.909545393915,0.619823251449736,2.82495865118534,5.10122557653615,12.0783959806997
20176.3593847502,90929.4323806972,165523.840992226,393818.681480694,3313.59822324186,11831.7075047337,19664.9298474035,44904.3191070291,16862.7611615083,79097.7248759635,145858.911144823,348914.362373665,8.92998981921614,38.8055800435509,69.3045389325251,167.827692305365,0.558168117628558,2.59955890950778,4.75388577159168,11.6638078029205
23262.3097433742,119419.719950226,225340.92593112,543639.654548922,370.930053698977,1451.70620422224,2839.57503507384,11218.0129404723,22891.3796896752,117968.013746003,222501.350896046,532421.641608449,9.00940171603454,40.3256042256544,72.9254353368099,180.839004398384,0.575578843129906,2.67284590100986,4.87653026243694,11.8088642908452
15755.4532677101,74330.3818962599,137326.85661214,333170.317316037,2192.46833128699,8512.3376201698,14793.9091947539,36568.4483603553,13562.9849364231,65818.0442760901,122532.947417386,296601.868955681,9.06908400746297,40.1941381150996,72.3060191663413,176.702260885237,0.633164434401373,2.91082346150255,5.30486211729092,12.9938587158333
19306.8683049196,92701.6015792897,171769.661072843,414035.126648794,1507.04852301652,8109.55065017388,15620.2034062412,40646.0186568611,17799.8197819031,84592.0509291158,156149.457666601,373389.107991933,8.7205108758238,38.3448555216467,68.8345270939195,168.273193553383,0.578485718369491,2.6943454317838,4.91676953678397,11.9292254854279
20168.8313048203,103191.190674109,194761.468080705,475033.790050132,562.732901286286,2492.41303250146,4763.16463944845,14932.552483158,19606.0984035341,100698.777641608,189998.303441256,460101.237566974,8.8492892121015,38.9188220272827,69.7887397591645,169.144194141199,0.567752212282972,2.64314218763182,4.82798752425103,11.729898578066
25363.853673557,125217.342089358,234006.675587422,561165.609620187,1314.70245302162,5992.45073973548,11182.9532238603,30709.0880314684,24049.1512205354,119224.891349623,222823.722363562,530456.521588719,8.75217253894966,38.6048820217806,69.178154221693,169.376498251263,0.587987422545795,2.71296745997076,4.93187782435997,11.9337193093543
19471.8548048917,86272.8242698999,157219.771993909,376584.16339995,1149.95849139956,5822.7051965812,11242.4938133178,32171.9554685336,18321.8963134921,80450.1190733187,145977.278180591,344412.207931416,8.96808898117043,39.8018999896287,71.599963863828,175.376276633794,0.580825161809553,2.69026966723604,4.89269381680679,11.8061663234915
17489.9447788147,88077.6330602792,164779.648696256,400328.600649701,1501.38534256745,7251.64287297262,13933.0688709627,41627.9092733241,15988.5594362472,80825.9901873065,150846.579825293,358700.691376377,9.02572728624897,40.5111265280078,73.4188745181495,183.171141725506,0.593984603476167,2.75478910155324,5.0227805552884,12.3171292196446
14854.5981252684,74127.70048039,138898.735578286,340526.844171019,773.768430644909,2743.9342812639,5149.57637806082,18886.2076632472,14080.8296946235,71383.7661991261,133749.159200225,321640.636507772,8.70735780269696,38.8645199327645,70.1782051405857,174.984203021509,0.559271360657214,2.60056048951063,4.74559083409272,11.5486064878799
15082.8626026228,74839.526774264,140376.895860947,348311.739605799,227.968924408079,1026.18345854767,2052.37510836947,7670.65999786866,14854.8936782148,73813.3433157164,138324.520752577,340641.07960793,9.03985840357313,39.7623549025449,71.1641247223535,170.96976345979,0.547927978175073,2.54549733712458,4.63668817523427,11.3380295551029
14302.6221016083,75467.5776212759,144262.351533315,365934.00573665,1539.28789240516,7410.71811562336,14073.2781018042,40095.8510395849,12763.3342092032,68056.8595056525,130189.07343151,325838.154697066,8.80136014331313,38.9834677832105,70.0593447352295,173.489370142765,0.518984441001832,2.41482543161282,4.4005947086988,10.6040333064692
23271.7795210105,119885.63504511,225537.752587102,547229.912531615,486.596248749693,2048.76717211785,3973.79911667,13836.9179264284,22785.1832722608,117836.867872992,221563.953470432,533392.994605186,9.01770940872007,40.3708023086763,73.0432269110656,180.471384088219,0.614420268738165,2.84035097201605,5.17078209797821,12.5893982785898
22238.0981219642,106429.317182565,195851.294241758,460828.959613465,2270.24061624725,10681.7702102364,19753.790689442,50228.7491191378,19967.8575057169,95747.5469723286,176097.503552316,410600.210494327,8.92355555938648,39.6461781030986,71.5671422035171,177.326659241195,0.544211626178473,2.56176071894469,4.68713812005284,11.4146819859709
16067.2914770445,81254.6717622325,153428.204984564,380907.969280774,681.355039520877,3058.17090789774,5944.60080614001,20069.2271602972,15385.9364375237,78196.5008543348,147483.604178424,360838.742120477,8.95304069612107,39.3071038368825,70.4738190736375,173.38007736139,0.56974797240823,2.63599489583186,4.79955658482295,11.7222899881961
14973.380043012,80394.4442885826,155605.837262345,394120.521183964,1873.22466487307,9438.49058923603,18619.9199468572,57060.3300499792,13100.1553781389,70955.9536993465,136985.917315488,337060.191133985,8.94503762090872,39.0050533157796,69.4554150278272,166.708189975503,0.662573212771285,3.02686349725395,5.49175467433227,13.3391064903005
20802.243544995,100568.368470993,187210.355256866,458671.860804009,4018.39093288322,15428.7049221873,26749.481992681,66693.8927869716,16783.8526121118,85139.6635488057,160460.873264185,391977.968017037,8.97004191183812,39.3627209052247,70.4579270193499,172.488953644664,0.588215325147624,2.74688112915512,5.00825595898649,12.2021608953333
26519.0174786299,113022.623988448,204850.584275517,481618.128528871,2998.42718636977,11537.7062311507,19927.1146397285,47848.8499136971,23520.5902922601,101484.917757297,184923.469635789,433769.278615174,8.99125418735501,40.0765769285677,72.2152309664104,176.933021306133,0.596298361252016,2.77708399550563,5.06420559774274,12.2517541745277
23568.2465261655,119347.18755399,226030.90193736,545613.064431345,614.10695494336,2806.87095452406,5408.82923061078,17280.9360631952,22954.1395712222,116540.316599466,220622.072706749,528332.128368149,8.92188240219935,38.8698381818222,69.2443793956084,167.466628197403,0.582598248512621,2.69121225877226,4.90011126543851,11.8810582601383
16842.5157779176,84816.0897736866,161245.119273848,398207.94856338,583.387384851165,2102.55618250599,3803.71791737139,11839.3304553588,16259.1283930664,82713.5335911806,157441.401356477,386368.618108022,8.79319239369432,38.5331941857845,68.8522497017889,165.827168511972,0.583591542440926,2.68111176740934,4.86288662689195,11.7684264303511
18684.7562851807,85623.9289311262,157835.256555649,385616.340536298,690.851412608561,3440.91781759607,6687.1724047136,20351.5920058509,17993.9048725722,82183.0111135301,151148.084150936,365264.748530447,8.9293362632263,39.481853331033,71.0551645477002,174.91265100252,0.542985436234288,2.53177137042896,4.62975241955809,11.3171972486778
14637.1890855258,82111.0578773973,159788.843506164,404768.886526252,1232.24306954694,6462.04570856722,12546.9155663827,35139.0532803328,13404.9460159788,75649.0121688301,147241.927939781,369629.83324592,8.86167125536751,38.3704066714054,68.3295741463502,162.180346341223,0.615926481663537,2.84549801564813,5.17922392367017,12.4591278231036
27659.4108589116,141236.011327321,265274.289697688,635474.667753167,2606.32655836449,11078.7883329881,20890.6121869611,65409.2127704273,25053.0843005471,130157.222994333,244383.677510727,570065.45498274,8.75199638079364,38.3520145190337,68.628144521567,167.668167290388,0.59845869930608,2.77192715688302,5.04416046044003,12.2503142536777
17664.1042261778,90066.1059317559,170560.601955478,413996.222555376,2335.24098360343,11732.0639676442,22172.2592832015,56163.6137641852,15328.8632425744,78334.0419641116,148388.342672276,357832.608791191,9.03585198015059,40.2023628588107,72.3788919519244,176.249440861781,0.582082486912641,2.72658469695649,4.98203637490874,12.1683061842114
16800.7924262867,81433.4585401492,152601.722806348,378450.443759451,1546.79281425598,7924.15306280405,15199.8393246833,40493.5083812494,15253.9996120308,73509.3054773452,137401.883481665,337956.935378202,9.05736561651131,39.8635028503116,71.4211526223659,172.282079210645,0.549421737667253,2.56368044315318,4.68916993314815,11.4839340438833
32058.3036861481,170040.718220793,322784.921263206,767805.61698563,918.1073609244,4047.22142230788,7482.46909542409,20961.9939108424,31140.1963252237,165993.496798485,315302.452167782,746843.623074787,8.96721796746767,39.3005461200708,70.1951338187932,170.581884747281,0.608160194796724,2.79355817228043,5.06981559187648,12.3242085251683
19079.6557642181,84634.1096080151,154609.331430957,374048.160147217,1515.78109143635,6581.17657588206,11960.8953859313,31843.5767634368,17563.8746727818,78052.933032133,142648.436045026,342204.58338378,8.94142581764003,39.2490145096205,70.0459210492386,169.078533917059,0.574604885770125,2.65821062996724,4.84188342287693,11.8335765912318
11438.3586015633,52931.3046958579,97612.4776701484,242128.416965963,1300.90084949974,5812.32925165524,10828.7801364583,30787.6352537351,10137.4577520635,47118.9754442027,86783.6975336901,211340.781712228,8.79199448018324,38.6178262264595,69.3127869372996,171.61786286169,0.559374708281628,2.58700753449821,4.69621005396945,11.2942892981969
16131.7444935159,79113.7359187613,147149.531050323,359656.773661908,2769.35505128559,10860.5281159218,18906.5644421533,46432.0866210895,13362.3894422303,68253.2078028395,128242.966608169,313224.687040819,8.80905952544584,38.4066444511757,68.4081088440495,164.550150104423,0.604614752462984,2.80311469495127,5.10321429567282,12.3893880964288
20079.4213732828,100723.478418848,187992.749220418,454398.95753167,1285.01856322829,5968.12324204182,11255.3291508283,32088.1416667288,18794.4028100545,94755.3551768061,176737.420069589,422310.815864941,8.8646350404208,39.4833445568553,71.2696227732461,176.057494829475,0.576611827507946,2.67639624811098,4.87587729509577,11.8220745234113
27603.8426857135,141916.147808346,269164.086410606,655877.529072813,1268.78606081735,6901.83265147123,13467.6882022693,36123.0361010521,26335.0566248961,135014.315156874,255696.398208337,619754.492971761,8.93567838938497,39.5033512598817,70.9770004326274,172.874695811235,0.564498055611121,2.65171036498221,4.8694546625757,11.9902843348035
16825.6940004681,80661.4102447536,150211.018566533,366942.84788428,591.531807790316,2767.73551719005,5449.55988141921,18232.9524802434,16234.1621926778,77893.6747275636,144761.458685114,348709.895404037,8.96892823024145,39.8053303765527,71.7402122115861,175.581937212259,0.557107010492582,2.60161850933426,4.75859763051907,11.6544823550901
22741.8741602553,116171.829344349,219214.186185392,532051.582896277,2500.40872973011,9656.85835766935,17170.2953743361,47682.9834613097,20241.4654305252,106514.97098668,202043.890811055,484368.599434967,8.94283957015329,39.072656494667,69.6560968712419,167.228432846021,0.57796578553524,2.68603582083579,4.89878852254952,11.9620455372912
19929.9332012995,95041.4669870608,176344.824005785,429393.14109044,1532.49387711745,7329.98940794068,13756.0959922306,36223.3661445689,18397.4393241821,87711.4775791202,162588.728013555,393169.774945871,8.90909223925407,39.3420838827792,70.5955929478022,172.057718111347,0.604347388881797,2.79752605018565,5.09473973400464,12.4259835674135
30974.0764683815,139320.921781584,252397.3090161,590832.771413522,11360.1023202749,48263.1216366107,85206.4623915547,195422.302509942,19613.9741481067,91057.8001449733,167190.846624545,395410.46890358,8.96765502504151,39.3780205541151,70.5193721455165,171.888876419976,0.578690205798715,2.67565155242599,4.87282033079471,11.9424158224142
20882.9860449046,109653.72443013,207207.84302614,494801.534964188,1694.79687649394,6267.53346956921,10931.972379036,29398.5643816047,19188.1891684106,103386.190960561,196275.870647104,465402.970582583,8.74649167617612,38.6165252842463,69.4030053116738,170.577052830788,0.600899556094083,2.7729349983312,5.04881314164367,12.2955492272247
22164.26335963,114112.08983596,215607.93981784,520731.103442511,1602.16894747475,6854.14372640092,12502.3763585044,33782.9467199576,20562.0944121552,107257.946109559,203105.563459336,486948.156722553,8.82449545214274,38.8672678769911,69.6727454609796,170.449695984999,0.579859763733601,2.7055449072973,4.93454809516869,11.9221674203184
22260.6526153446,100927.086793298,184404.026538175,442320.81730649,3708.84130580642,14407.5834398369,24888.5131535268,59562.0002175845,18551.8113095382,86519.5033534608,159515.513384648,382758.817088905,9.21657519390711,40.9969947613116,73.8746630904536,181.642659154611,0.634207897945411,2.92060815370099,5.31556234316162,12.9704401453438
22442.3623314755,118121.029326533,223594.838972641,541730.626252934,542.178666952541,2526.95890284695,5004.12949637561,17142.6069539203,21900.1836645229,115594.070423686,218590.709476265,524588.019299014,8.75263891117931,38.5917023250702,69.2450592625199,168.678818964403,0.592220049974554,2.73327584890368,4.9735358197857,12.0833386150348
20472.5697031569,104860.184858589,198408.109527279,480801.668841604,653.724684778535,2447.72348881043,4438.77195508945,13664.3604860042,19818.8450183784,102412.461369778,193969.337572189,467137.308355599,8.82760821298488,38.6771804771078,69.0846894301813,167.616740809321,0.540224119655728,2.53353955939681,4.62887111294248,11.2800674458728
22604.987107213,99382.7548473358,180027.613680579,426892.353899301,914.62715126305,3783.24758589563,7160.37022487601,23434.363499114,21690.35995595,95599.5072614402,172867.243455703,403457.990400187,8.78826134092689,39.3723103713595,71.2239655693111,177.753876271772,0.617722792452865,2.85508792031904,5.19487232329376,12.6337093965443
19712.4513777726,91933.6540652005,168916.133726939,405922.355792829,627.724069925535,2704.93935006243,5144.94772991014,16254.9810910811,19084.7273078471,89228.7147151381,163771.185997029,389667.374701748,9.0088171951263,39.7988863453815,71.5507275099491,173.767750886997,0.649154080005856,2.96325148230922,5.37381099150763,13.0990856192805
28676.8883074991,143945.572498586,270257.663889687,643350.415343126,733.884490061776,3372.23723627747,6610.65885766181,22405.0585525178,27943.0038174373,140573.335262308,263647.005032025,620945.356790609,8.90056931514007,39.4898773365825,71.060518367223,176.262406546,0.617608391206734,2.82633043777209,5.12958660034551,12.4558562063012
20243.8975019346,96162.6171875284,178628.70134897,437138.690439331,1327.74960856883,5548.27438602886,10262.2975050702,30455.3843785209,18916.1478933658,90614.3428014995,168366.4038439,406683.30606081,8.91497120178813,39.5560434815872,71.1045106931347,173.748265706978,0.590205699771161,2.75142673341392,5.02724485184351,12.3228079998427
21104.6074412638,103848.696811688,195045.715754708,477106.895679276,2112.90918061936,8721.94661905112,15875.2666522852,44976.3544006782,18991.6982606445,95126.7501926367,179170.449102423,432130.541278597,9.09969804859502,40.1150270162307,71.9487913839348,173.469725306611,0.588302635757605,2.7188020709194,4.9456560805206,11.9593550570895
17978.8591754392,80205.3085863366,146128.524283325,352538.345789874,773.772874391867,3640.24371275711,6972.01418405362,21195.1491622226,17205.0863010473,76565.0648735795,139156.510099271,331343.196627652,9.01323482445761,39.7746919524992,71.2706761920418,173.337908117885,0.585029683382078,2.69156081330966,4.88975123908492,11.8683436184157
23817.3107190099,114679.534849871,213091.34356134,510153.974874211,2542.46383722907,9685.27728009618,16748.0698672807,41677.4644014776,21274.8468817809,104994.257569775,196343.273694059,468476.510472734,9.00950572889501,39.9194051107637,71.7738114072461,175.823631112154,0.573177497320188,2.68000922364504,4.89462411344777,11.8711756170767
18920.3755937844,97382.4745578354,185124.789749979,456592.099959675,705.312439993772,3395.19587374933,6697.20616853135,22248.4912547125,18215.0631537906,93987.2786840861,178427.583581448,434343.608704962,8.94139645555199,39.64648078997,71.1646392585154,173.844129057347,0.546595004864844,2.54763106384232,4.65116283203079,11.2764999753613
21267.3016544025,101265.153761715,187719.165359255,455698.923316202,568.788902915766,2817.76997556104,5491.34443959967,17228.7611057665,20698.5127514867,98447.3837861535,182227.820919656,438470.162210436,9.11307603973491,40.6633532883229,73.4386893429424,181.963175694304,0.564662842823882,2.61986122515777,4.77479439592403,11.704901306342
16063.7548677638,77412.7903635527,144272.366914879,351736.674471962,1792.81185109715,9214.41608887768,17557.3923741302,46163.5715191088,14270.9430166666,68198.374274675,126714.974540749,305573.102952854,8.60355856248623,38.4059608203692,69.3446424843775,173.758289521658,0.565199140447691,2.6082203442481,4.73315947050816,11.3939552986026
16980.9831565822,87149.2725010325,165333.940518298,408325.357509385,402.624464632547,1565.40878362248,3054.98690592644,11788.6081482725,16578.3586919497,85583.86371741,162278.953612372,396536.749361113,9.01034317281044,39.8651251691803,71.6362465146533,173.707628632243,0.608079845994536,2.81013992496739,5.11774080823619,12.3997757016827
28954.6111287768,155534.791061333,295058.394985223,696890.407706644,2794.62842627809,15418.5531570141,29575.6125530269,74982.5501441541,26159.9827024987,140116.237904319,265482.782432196,621907.85756249,8.71919623181323,37.9469439262446,67.7180264047921,164.700894262186,0.566932327745936,2.60000536717718,4.7101243659237,11.3361027331341
20892.7437305429,101494.557314426,189596.850303849,458803.266965701,1390.99685368005,7195.59470943273,13856.6213221421,38684.8115003136,19501.7468768629,94298.9626049935,175740.228981706,420118.455465388,9.05067101948457,39.7925073205395,71.3686746366793,173.133977133657,0.606658085042828,2.79568178525935,5.08503123985351,12.3253462999604
17962.0085436934,80988.707882574,148087.042450327,356547.887867547,1446.30546340598,6148.45134520822,11406.2987598612,34174.4207045682,16515.7030802874,74840.2565373657,136680.743690466,322373.467162979,8.78505889968471,39.2250926269379,70.8802155505309,178.532344265787,0.597311453969501,2.74358419729369,4.98402304048856,12.0785106579817
21749.2828047308,109233.722974139,204554.374737454,496208.910251211,2552.45026682221,12956.1624702324,24118.1526749969,60196.9219961853,19196.8325379085,96277.5605039061,180436.222062457,436011.988255026,9.17372367904738,40.4980872620851,72.7286065625849,177.182816738084,0.617848261603327,2.84759277715972,5.19022771165203,12.7808011776676
21086.6109821606,106446.022114876,199744.873285098,480121.115720852,3291.50111899306,19072.6642665449,37090.5211700069,92447.696623439,17795.1098631676,87373.3578483312,162654.352115091,387673.419097413,8.92762337931747,39.6599790433242,71.3941528067446,177.645161414605,0.583992389871524,2.67872580506267,4.85783849808436,11.7751847457471
15020.7034633914,73970.6473061145,140137.068967174,351052.57830312,1305.8389856946,6729.9689998329,12845.9099288208,33742.7546719217,13714.8644776968,67240.6783062816,127291.159038353,317309.823631199,8.98196320460274,38.9155756364951,69.1169145063553,163.421397937474,0.548247671068972,2.56288183891113,4.68588169805038,11.3968458346939
21242.6048121461,108360.634526053,205665.726320565,506730.920030771,1412.87117126416,7505.2044638433,14817.2638998097,45111.2241934945,19829.7336408819,100855.43006221,190848.462420755,461619.695837277,8.8958001437114,38.9599135220397,69.6005586637485,167.55942380068,0.549909264800265,2.5487192207399,4.62762539963215,11.1902239260394
17198.1964347153,94473.9808129009,180327.855654658,442897.748150491,918.14566969195,3939.88108795702,7361.42717637325,22024.1924732528,16280.0507650234,90534.0997249439,172966.428478285,420873.555677238,8.85131251950212,39.4455126139273,71.1572231635126,176.833103236845,0.549175418846556,2.55990200001688,4.67200509074127,11.3572051684372
31617.03348473,165707.262968043,310923.868488898,729499.892323808,1937.86826063681,10352.2114981614,19902.6664344142,53414.2034473789,29679.1652240932,155355.051469882,291021.202054484,676085.688876429,8.90439376460135,39.5364280494513,71.3155497425946,176.867826506603,0.56833714473348,2.6268657427493,4.78186194792259,11.6522408901909
18807.1141735296,88211.0164033317,162387.024522061,396630.301523053,3800.29179868307,16699.9503476294,30236.3324303396,76424.651136782,15006.8223748465,71511.0660557023,132150.692091722,320205.650386271,9.01518210504437,40.3591595329952,73.1878339527164,182.681249526863,0.578896244217614,2.6881585901219,4.91099278883624,12.0411221132745
15178.8867404431,72637.8391131792,134970.136750809,328773.325123357,389.325429286402,1729.31005274041,3354.97188878271,11306.4545360157,14789.5613111567,70908.5290604388,131615.164862026,317466.870587341,9.10203927085286,40.461924720419,72.9255689840162,177.692086349104,0.607624140286796,2.8100639971886,5.11793594780037,12.4597234538802
11353.9298333014,57821.3979467911,109651.148249961,277620.935311863,768.306994051713,3682.70816399726,7139.56608463736,22295.1242691082,10585.6228392496,54138.6897827938,102511.582165323,255325.811042754,8.89283666458777,39.0379537948892,69.9976878313926,169.53716084235,0.58597347060788,2.71969550032385,4.96502096971347,12.1569768809942
22989.3802846739,112838.219188414,209904.215827147,508128.997657429,1354.27911679828,5956.03779556746,10952.3738267438,29201.2692768952,21635.1011678757,106882.181392847,198951.842000403,478927.728380534,9.02762331767709,39.7310315993697,71.1930242527871,171.019026798262,0.575790668777073,2.6727554012803,4.88796429216621,12.0849876230374
19670.6089024999,95848.7283928892,179088.627143266,428009.29948679,3801.53035519587,16706.5387905644,29967.6843858264,72830.7086099911,15869.078547304,79142.1896023248,149120.942757439,355178.590876799,8.77348198738704,38.4990867866486,68.9497855797152,169.668534226366,0.575397150759918,2.6697662452645,4.86133379620618,11.8123003586795
18697.3522217576,93650.65254256,176003.320740774,433239.823443756,4054.78557138847,16499.1171865477,28853.9460144037,68169.1764960594,14642.5666503691,77151.5353560123,147149.37472637,365070.646947697,9.0381768079376,39.4195314337128,70.2299905048591,168.088541516146,0.550945569670709,2.5479838655598,4.63680833941288,11.3588251363172
15499.2693894895,74917.7255589406,140442.585254937,345080.491909528,1071.63306744413,4985.32044056306,9439.33349034237,26430.2461743049,14427.6363220454,69932.4051183775,131003.251764594,318650.245735223,8.88614628844289,39.0707295121964,69.9148081945192,168.527773450039,0.5526728418141,2.54678987403244,4.62859846220086,11.2315618564958
17683.1068703605,89074.7015342424,167443.112068725,408086.726465223,2571.50822699765,11269.3683787348,20396.0720549733,51002.2497110697,15111.5986433628,77805.3331555076,147047.040013752,357084.476754153,8.83552398966743,39.2454182903409,70.6443516662575,174.441654556301,0.561092478260681,2.61993089859546,4.78237833803093,11.6412139948773
17727.1583046114,84850.4704852623,158487.863323136,380284.760090176,554.451497089937,2165.07809237245,4108.43627564885,14380.23233209,17172.7068075214,82685.3923928899,154379.427047487,365904.527758086,8.96418755500692,40.3942921345931,73.0799632675003,181.85975786143,0.580398296066734,2.67663258772686,4.85742418248347,11.714875539117
15994.3063886253,66793.1676117496,121388.940648724,297937.727669742,688.151921131387,2877.65968725045,5618.30825597769,20304.9830891748,15306.1544674939,63915.5079244992,115770.632392746,277632.744580567,8.80054778211604,38.7858444465497,69.4720809751663,169.929735275326,0.575811955927413,2.67085512823743,4.87182501322807,11.8961607554035
18515.6725876173,98300.9639185692,188343.460141274,464830.409846469,1962.78615966991,10168.5567019323,19420.4218456995,52237.2147771161,16552.8864279474,88132.4072166369,168923.038295575,412593.195069353,8.75810128446212,38.3181439322862,68.419028361301,165.790568333856,0.575044153816653,2.63476126166063,4.77409495185159,11.4127692913617
17789.945989209,91595.4595418628,172881.456017194,425298.204545417,2203.59049595417,9365.67050384287,17037.5877257398,46246.5685028608,15586.3554932548,82229.78903802,155843.868291455,379051.636042556,8.98739079922945,39.945927734389,71.9472691721069,176.081831277057,0.597479199152078,2.75270857086649,4.99882438187745,12.1317308464422
18592.1503354764,88310.0418695668,163265.908721718,399149.148094765,1393.62745352923,5631.38930603784,10061.7321209881,26603.768160782,17198.5228819471,82678.6525635289,153204.17660073,372545.379933983,9.22513959334114,41.3355051330672,74.8323099449677,184.27216136036,0.614725872711644,2.85582496940174,5.22047553194481,12.7888626971669
14967.2658407472,75652.183839975,143062.832999608,356086.414539748,560.966056323079,2504.72129637209,4828.00780609651,15803.7687050676,14406.2997844241,73147.4625436029,138234.825193512,340282.645834681,8.99868131833564,39.459368675626,70.618482866234,171.650581037477,0.579035295727654,2.66137344263615,4.8384615097573,11.7510098679077
20360.3385154749,108213.021508014,205853.409780319,509477.050379896,2930.26087033424,15247.3013988355,29687.5675347348,86195.1823693155,17430.0776451407,92965.7201091788,176165.842245584,423281.868010581,8.85812976547921,39.5130735032023,71.2733204635127,177.809460168874,0.571673362056435,2.64832989592229,4.81300002211224,11.6347236313343
16972.4987846195,82412.8457871813,154491.762108,381436.601816176,1195.81065457818,6259.50570281766,12155.6465367282,34044.0832837803,15776.6881300414,76153.3400843636,142336.115571272,347392.518532395,8.87299397730033,38.9944406966466,69.8915104883024,170.440904755497,0.565334288991612,2.65915437759569,4.8631301209908,11.8022080271454
16097.449360312,74732.2999437354,138040.084859165,341574.271874589,3539.792058781,13848.1703708701,24257.0780646493,62683.7533788616,12557.657301531,60884.1295728653,113783.006794515,278890.518495728,8.96237672543413,39.3776776819851,70.4878464586438,172.573781139211,0.583510577079823,2.69833994858113,4.91212137983143,12.0109862577549
19211.4875597253,95602.2094316656,179295.514192781,443374.382795335,1224.99513471434,6192.73738303771,11766.2620109385,30939.3128356969,17986.492425011,89409.4720486279,167529.252181843,412435.069959638,9.03335892852385,40.0652326986975,72.1677593522417,176.075505397223,0.582035813328579,2.71509940078943,4.96944522050584,12.2253741867356
22035.9917801385,112719.527559528,212847.678370474,521578.331966156,674.115656406822,2983.02071577447,5956.24690497229,22243.8248047715,21361.8761237316,109736.506843753,206891.431465502,499334.507161384,8.97016843528513,39.7634457148867,71.5571095844531,175.326896191266,0.585991789545635,2.72176445530891,4.96138877146404,12.0272817227668
16075.2296696252,81901.1090866887,153945.856165643,379280.571859614,1368.90489313228,5478.28884258602,10098.0523951042,31188.9745391337,14706.324776493,76422.8202441027,143847.803770539,348091.59732048,8.88819772382945,39.7655473487712,71.8962511707826,178.741626156118,0.573148201592737,2.66180723222041,4.85537110987957,11.835907079932
22793.2738146155,112756.245909872,210596.93695631,502368.551869093,3306.7424777952,15349.3736846732,28323.9890346096,73847.337629649,19486.5313368203,97406.8722251988,182272.9479217,428521.214239444,8.67759413719845,38.2951087087715,68.7358631976521,170.37926248094,0.592461304007356,2.72451693948023,4.95451473902609,12.0743151448892
21711.2884262103,113805.742460933,214236.111508408,508938.537705807,1139.38958052098,6039.0577991157,11669.8605466842,32406.8259978669,20571.8988456893,107766.684661818,202566.250961724,476531.71170794,9.01137689653813,39.8301935648913,71.6986315014145,177.696383646327,0.585171953248282,2.72306712402497,4.96664261528607,12.0700391767371
24706.8708440872,117829.884221499,217122.031909752,513193.848716906,1365.36297616445,6282.94983293054,11871.8277444403,34771.583400676,23341.5078679228,111546.934388569,205250.204165312,478422.26531623,8.75453585039007,38.5838133066353,69.3535376671003,172.607194734989,0.55635946431594,2.55318897307409,4.62650165231511,11.1951022745429
18937.0185644417,87693.2877919809,161941.784875394,395801.273875915,4600.30992538066,17381.2531636193,29545.4776588673,67195.5378612407,14336.708639061,70312.0346283617,132396.307216527,328605.736014674,8.93270757275408,39.2731828157481,70.2382857007628,169.484896411023,0.608082592333706,2.8249367877809,5.16037159047244,12.611202299237
18993.0358827644,97214.9601143339,184153.748203431,454368.311201012,975.320417268473,4158.09984675943,8043.14245770738,27648.569712155,18017.7154654959,93056.8602675744,176110.605745724,426719.741488857,8.87648722210665,39.5385257496622,71.0891145227653,174.525878205238,0.623288285436944,2.87565407867753,5.22992718490721,12.7174592528193
21663.6648767067,107652.841704196,201954.085678268,492978.401293816,5051.94338673771,25037.4837059076,46666.7316201896,114296.647846873,16611.721489969,82615.3579982882,155287.354058079,378681.753446943,8.84971953171964,39.8656910068754,72.2330373677227,180.687909971941,0.544393619557345,2.53392405632086,4.61908719785835,11.2174040622586
16699.6538311673,76177.6879983395,139637.202038633,337061.5816316,2831.33056332796,13081.7526127242,23911.8994920237,59817.5439605969,13868.3232678393,63095.9353856153,115725.30254661,277244.037671003,8.95745448545142,39.8272689762353,71.7506361528181,177.830945838143,0.589817205721114,2.7457769499145,5.00828751471423,12.1942712247543
22453.1392427044,118757.072203587,225389.4441542,544651.213092787,1546.69012234277,6336.37006462245,11524.884661168,32693.090899772,20906.4491203616,112420.702138965,213864.559493032,511958.122193015,8.80628516823887,38.981449432887,70.2059225017998,172.915627797518,0.56015367834318,2.6302387575292,4.80776845365869,11.6589594319658
16362.0972100398,79343.9883307622,148073.470953915,364445.347236556,1515.34702503443,6038.79363178227,10654.8967656911,27095.4300625195,14846.7501850054,73305.1946989799,137418.574188223,337349.917174036,9.09552869902529,39.905036049185,71.115580206025,170.068405202229,0.615506125336073,2.82402586264914,5.12240850849097,12.4337387772169
15099.5688143925,70996.9483293017,132485.211738216,325314.96409292,862.35309794115,4362.13875138633,8855.94385858258,31470.4917017473,14237.2157164513,66634.8095779154,123629.267879634,293844.472391173,8.83442626590994,39.3550029316528,70.9158218893253,177.459489651367,0.578676696561384,2.67667451915629,4.86297639149641,11.7332000301018
15041.0607353379,71399.0127947472,133309.577677445,329656.004756286,923.05449102842,3889.61007524881,7213.1261013678,21117.9040496599,14118.0062443095,67509.4027194984,126096.451576077,308538.100706626,8.9457606897573,40.0066082984882,72.0827920787489,177.174027740693,0.595163179084449,2.74872559188126,4.99833863212862,12.1379820691626
16535.1405520718,81652.3975626714,153146.537330608,383523.031139229,794.982482409401,4230.52033097657,8506.69226849164,28135.0568497455,15740.1580696624,77421.8772316948,144639.845062117,355387.974289484,9.03961237234237,39.9443988355752,71.679427626221,174.970616047507,0.57937610647446,2.67109138830769,4.86023456856433,11.8638497609363
21617.7776476433,109829.591667257,206639.210682881,503462.663279191,1143.79431628175,5595.77631770827,10719.1509364693,30509.6903439289,20473.9833313616,104233.815349549,195920.059746411,472952.972935262,8.96804035032165,39.6458832302643,71.1457042899071,172.076972662447,0.588389803267224,2.70906502851756,4.91928867701262,11.9126566684048
21213.9418105515,109114.233003733,206327.309092536,508296.962189008,1430.26029788072,7781.23324706421,15343.2439620123,45380.6942949495,19783.6815126708,101332.999756669,190984.065130524,462916.267894058,8.94374474571857,39.9638948056642,72.0910214099565,176.383520316062,0.546373015079735,2.57802938648611,4.73282641439699,11.6220172500161
16927.0638662797,84088.5397378831,157003.948820707,381216.989385706,387.078323044103,1585.8708286491,3073.35329369844,10850.4033620424,16539.9855432356,82502.6689092341,153930.595527009,370366.586023664,9.06968381019554,40.4955898166036,73.08599111041,179.372010869237,0.547445417413057,2.57480471499768,4.71538792293314,11.5370551345463
14941.6881575116,77552.2145918754,147445.680282598,367602.276263479,868.698034005345,4312.90442689065,8230.94761486031,23167.2629037232,14072.9901235063,73239.3101649847,139214.732667737,344435.013359756,8.90372474676215,38.3643581832544,68.0480113809379,161.878766137714,0.586638094439923,2.72846186502727,4.98354651822368,12.181306438628
18541.740916722,91928.7604595388,172226.921863421,419392.528195619,468.341576337242,2422.74723367415,4856.74779601007,16416.0983490449,18073.3993403847,89506.0132258646,167370.174067411,402976.429846574,9.14099485488352,40.0353242654463,71.6503974807879,173.636154733401,0.598973737503089,2.76833901449908,5.04684473799056,12.3239153806683
25599.3546234127,125828.271165787,234264.037349634,553526.169106947,2780.9729919818,15840.4871893266,30565.0334178722,74599.9974280506,22818.3816314309,109987.78397646,203699.003931762,478926.171678896,8.954004507321,39.7826079228903,71.685478542981,176.875047008198,0.58850821198975,2.69430651882564,4.88640497467166,11.8752389555393
21267.3480636584,101520.580306944,188100.351287703,451873.88095069,905.372529760014,3498.50906326239,6260.56258426095,17690.7003058193,20361.9755338984,98022.0712436817,181839.788703442,434183.180644871,8.89473507840031,38.848603321887,69.3252263692105,167.064902444572,0.583837942829817,2.70846500818676,4.9428862597711,12.1450822891321
20464.28749161,100625.246140879,188654.053327172,456997.745494935,3183.23924100647,14030.5967718526,25350.232695645,63096.4946915402,17281.0482506035,86594.6493690262,163303.820631527,393901.250803395,8.82428317995146,38.9330774697488,69.81509341462,170.778320449309,0.56636215536629,2.6202313241218,4.76204935929117,11.4441505413501
17116.3402213916,76779.9517214534,140987.022873888,339984.094675769,896.694196587153,4104.09248431163,7762.34936265866,22472.4571326311,16219.6460248044,72675.8592371417,133224.673511229,317511.637543138,9.01530201512584,40.5077502437521,73.2538210076593,181.491605797261,0.519123763205424,2.41891124100239,4.41432102133101,10.7686476870554
17822.4507212899,87060.458214123,162079.55117055,392153.451695856,2427.19880224362,9446.06592196994,16556.8856105841,41667.8749825509,15395.2519190463,77614.3922921531,145522.665559966,350485.576713305,8.70506163534847,39.1037535346218,70.7603334483477,176.127367614891,0.533188974337322,2.49208074780288,4.54395654880768,10.9651273634576
17193.516216029,85569.8180861054,160091.508232941,386901.29321745,562.888855053605,2665.8657684596,5100.51993297249,14913.1102081635,16630.6273609754,82903.9523176458,154990.988299969,371988.183009287,9.01911119419489,40.0278900297031,72.1116947482773,175.921217829785,0.579320415997053,2.68431857991753,4.90145647251889,12.087962989803
13799.199761696,67215.622461822,126281.961034546,312435.741028181,1390.53535075292,5398.92228450466,9493.84514946391,24814.3968053014,12408.6644109431,61816.7001773173,116788.115885082,287621.34422288,8.97239617557307,39.2968345118506,70.194757625987,169.186442466198,0.556003033382441,2.58738684666208,4.71357024933168,11.4186623124207
23045.5155502447,118984.820220693,223085.43904941,533502.256959704,2583.14753829272,13057.6824025031,24662.1252742593,63211.4313269823,20462.368011952,105927.13781819,198423.31377515,470290.825632721,8.70656389097247,39.7852746299379,72.5001523154022,185.051293785508,0.570518266892345,2.63970760148268,4.79673145992406,11.637066710276
23683.7075090779,124468.049704791,235114.898036299,566011.452668006,1148.45425101817,5109.00631761236,9433.74505181721,25789.9659693053,22535.2532580598,119359.043387178,225681.152984482,540221.486698701,8.94923540160261,39.7573949701593,71.5896655217168,175.306298013323,0.575807037285537,2.65086715548301,4.81808627136027,11.7442082673782
12144.7386695399,58635.18234397,110177.39678793,281487.636192574,408.211463415021,1750.24672268024,3430.69941819025,12108.9592575731,11736.5272061249,56884.9356212898,106746.69736974,269378.676935001,8.97093051577125,39.5890296491692,71.027860132229,174.408700015919,0.599546829906363,2.77691825737881,5.06022142455507,12.3975214102961
18013.7388664394,88114.9786059604,164405.696546604,404523.152375969,1523.715320108,6659.5006899804,12603.9951077892,39185.7063575041,16490.0235463314,81455.47791598,151801.701438815,365337.446018464,8.77292613984868,38.8289347755775,69.817781521623,172.721724543987,0.531560662240954,2.48314006317143,4.53118664630055,11.0530427961108
16561.7765204386,82452.9042428954,155644.051251609,390504.636174748,1096.67651171742,4330.78095551202,8303.97688552955,30569.7489452532,15465.1000087212,78122.1232873834,147340.074366079,359934.887229495,9.01142155727466,39.4325936861378,70.4943550948936,168.751963773632,0.551723598933087,2.56394257088978,4.67468802084066,11.3851787070753
20088.9204536517,101375.920979961,190276.032805405,459755.206700374,2051.10852366159,9089.33887462109,16610.0974149027,42964.3355100593,18037.8119299902,92286.5821053404,173665.935390503,416790.871190315,8.94762301800104,39.3880389172372,70.5344054093712,170.244093390999,0.541604558047025,2.51234792816015,4.57357333670738,11.0736085545466
23502.6762573973,117985.964094638,220846.30299805,535468.180042653,5474.41081332735,21580.738572424,37370.0704313529,87371.6003260678,18028.2654440699,96405.2255222144,183476.232566698,448096.579716585,8.95499652675802,39.6895828168183,71.4040798462465,173.384001213307,0.562833297272871,2.61694702051345,4.77652218860813,11.6390778766746
20528.0804661944,105694.822626032,200005.780897864,488668.962008148,666.735852851408,3150.67203879766,5987.45885257344,17119.5406311911,19861.344613343,102544.150587234,194018.32204529,471549.421376957,9.01038333706273,39.7222260566304,71.2282403747014,170.827096439809,0.604040692483111,2.80124895670195,5.12014790494055,12.5991855455678
14345.6405381934,70878.8493621934,132863.0777934,329368.108551818,1287.26793406367,5738.75858549467,10553.7591075316,27133.25436781,13058.3726041297,65140.0907766988,122309.318685868,302234.854184008,9.11441810472339,40.1056177118975,71.729373557398,173.450277665625,0.595297501010581,2.74385952447668,4.98691301191638,12.1769186448803
17036.9042534377,74469.6454020475,135414.854516507,329093.885542793,922.988217448324,3319.59691335027,5901.85352644304,17861.2050751018,16113.9160359894,71150.0484886972,129513.000990064,311232.680467691,8.79433621753978,39.0445999976716,70.2472599882664,173.797565948663,0.560307768830456,2.62706283568769,4.79725848551608,11.6231850068181
16103.9633475384,72458.0593293513,132933.981600133,326057.449856674,505.939795821049,2073.30212560248,3921.5131654308,12840.1103928876,15598.0235517174,70384.7572037488,129012.468434702,313217.339463786,8.95365442728639,39.4579881894675,70.8110528850314,172.583505480523,0.563022836723658,2.60004849660144,4.73568334511666,11.5672063831258
15497.8953891426,73614.0475783866,137074.72277856,336984.517205789,402.806741812276,1846.92695514102,3569.95910199748,11030.8693504271,15095.0886473303,71767.1206232456,133504.763676562,325953.647855362,9.14118047451451,40.6814361515826,73.2282160949718,177.321248811419,0.543721031593574,2.55796839442436,4.68562707565326,11.4939605666376
14433.5149045221,73081.692022084,138545.064362368,347354.720031589,1334.9244034466,7694.7417662051,15431.083901224,45142.1694052372,13098.5905010755,65386.9502558789,123113.980461144,302212.550626352,8.89003171809807,39.3353345542376,70.774057089564,172.569544737006,0.567430563010206,2.64032315750839,4.81135467637529,11.6590578688709
21131.338751111,110344.45561172,210277.551943247,518866.674023005,2165.16131824305,8638.98435680531,15269.4177380011,39285.3878501019,18966.177432868,101705.471254915,195008.134205246,479581.286172903,8.97489683982751,39.3283853443271,70.3916120591985,168.997073738725,0.60715444516367,2.81561008379338,5.14477364179515,12.6125263333582
22640.7304709823,111451.954459397,207084.704585962,492135.605000235,3826.62337603631,14708.4028453666,25385.2363627673,60571.9585026381,18814.107094946,96743.5516140308,181699.468223195,431563.646497596,8.825194155046,39.564910163367,71.6061010605228,176.919407980295,0.620969132209693,2.87095456995559,5.2314459295307,12.7012706088962
25500.3655425323,118681.03182206,218891.593084765,533439.250746973,5974.164985254,32417.2625380362,62350.8202228935,160086.35787982,19526.2005572783,86263.7692840236,156540.772861872,373352.892867153,9.02163202321808,40.1880722588319,72.5268405536904,177.765648466386,0.574878561274782,2.66131663071301,4.85206532885432,11.859257814591
21870.438917846,97500.9355332093,178791.65029525,425095.635126153,1278.95049991086,5921.66302917962,11156.2268172895,31896.9603722634,20591.4884179352,91579.2725040297,167635.42347796,393198.67475389,8.75010079572129,38.9679648262145,70.3243930800923,176.322068583486,0.538530017677908,2.4999255719353,4.54565409117092,10.9329232053326
16345.1806348021,76032.8261871821,140757.163221242,350366.98319164,2120.6567499957,11475.1051483078,22480.5962320986,64445.9863801119,14224.5238848064,64557.7210388743,118276.566989144,285920.996811528,8.81870340672575,39.0459410205849,70.2106150970604,173.239389549898,0.591986884286638,2.71841040418246,4.93594519889732,11.9348202828294
18493.2031887671,91803.8774477267,171875.861861806,415761.889342349,1208.6222933475,4865.25218671605,8713.38771934864,23585.3010611758,17284.5808954196,86938.6252610107,163162.474142457,392176.588281173,9.136840419134,40.7624870052621,73.6573196432194,183.786426998202,0.572783416967949,2.63895192292425,4.8035206090244,11.7614420961137
23472.9340461607,122843.257913968,233509.619842336,572198.501576912,4821.40914934989,27855.4183269082,54488.1014825908,139125.950164619,18651.5248968108,94987.8395870597,179021.518359745,433072.551412293,8.92427896452108,39.3902797524729,70.5438938196558,170.636719985491,0.542189317267762,2.52797478378059,4.61045484387558,11.1574549871914
13318.0557616517,62230.2109530252,116320.927782773,294193.149948669,1246.09914884582,5664.53140557283,11061.6093934298,36704.7190361064,12071.9566128059,56565.6795474523,105259.318389343,257488.430912563,8.91525099368595,39.4986336034511,71.2170399315209,175.085234016336,0.538906252308597,2.49963419210657,4.56268016325872,11.1501647401185
26966.3638773833,132825.956594892,247043.052570758,586820.404369155,1335.35238053013,4940.45757070553,8596.89153942597,22373.7639040174,25631.0114968532,127885.499024187,238446.161031332,564446.640465137,8.85169204149937,39.2175973196196,70.4435254935304,171.063527710301,0.603602224513956,2.79735158856668,5.09659160274269,12.3904453746614
22649.5447078386,120194.555435134,226836.794122711,547168.163540775,1393.88765923573,7239.5629171156,13913.8268114175,37904.4538288238,21255.6570486029,112954.992518019,212922.967311294,509263.709711951,8.89141918545737,39.3242506624365,70.883735201345,175.567555945279,0.574135872626675,2.65429688285086,4.83158894791417,11.7634282131241
17699.3170738611,84930.438032823,158288.443258655,389101.358411737,1156.43763030992,4499.21235911247,8236.36263086362,25659.6260358909,16542.8794435512,80431.2256737105,150052.080627791,363441.732375846,9.05520459083008,39.7026476193958,71.0875636452885,171.257738422435,0.569073647762111,2.63387128358681,4.80499728658892,11.7795107297512
18716.1838920139,85514.9379532187,156915.503927553,383088.580122665,3078.28367918907,11902.0890752854,20574.560808327,49036.2436393139,15637.9002128248,73612.8488779333,136340.943119226,334052.336483351,8.83563918838174,39.1863191962913,70.4964180848622,172.248241086166,0.569301376832293,2.63410968089575,4.80023521480676,11.708702686386
13076.7598435453,62850.0617993481,117386.233353546,294187.715197147,722.388524741993,3233.42029389383,6242.7577079309,20308.2375489855,12354.3713188033,59616.6415054542,111143.475645615,273879.477648162,9.00865486758708,39.7521485001435,71.2955159317031,172.005446127009,0.571926307174718,2.6535591417374,4.84474019759596,11.8991631223295
14464.5567567264,67737.0694397808,126220.130173202,308623.215110473,1599.45397867433,6231.08480313566,11092.1235920564,30487.6673663741,12865.1027780521,61505.9846366451,115128.006581145,278135.547744099,8.68133992631586,38.4093272575914,68.9803355458143,170.5996294989,0.571273427467902,2.6565190811108,4.8310387815548,11.5697396554404
29315.4393818555,153405.298242221,289640.277813159,689638.777912238,789.916103636229,2889.17035096168,5357.07515559493,18284.5657914101,28525.5232782193,150516.12789126,284283.202657564,671354.212120828,8.708660498281,38.1114118330208,68.1056895690015,165.686133076747,0.570149895480593,2.64717485515667,4.8249763316791,11.7577069513339
16852.9018656038,84638.6359573119,159521.870139658,388885.867829512,1353.60958653826,5416.90805940245,9821.53623265862,28152.592630936,15499.2922790656,79221.7278979094,149700.333906999,360733.275198576,8.83065636931619,39.4462199819288,71.1548953660228,176.446213029157,0.554721342206759,2.59195211474133,4.72172249667394,11.4245853129455
11719.2424236367,55178.1128808785,102798.31103609,261678.336520753,1061.53847550732,4649.91754721665,8719.14456235864,26141.4597090578,10657.7039481294,50528.1953336618,94079.1664737313,235536.876811695,9.04708654117989,40.3686830000007,72.79122006217,180.737693415601,0.596676447563327,2.73559533922882,4.96536394287511,12.0698503408301
24957.6177023313,117948.225362366,217759.105292637,516092.922665836,807.25430253231,3461.25137997041,6715.52392409041,23378.5338679204,24150.363399799,114486.973982396,211043.581368547,492714.388797916,8.70530608743677,38.1922242555263,68.4046924309951,168.954720003615,0.543123825625997,2.54143369730052,4.63013467711685,11.2018052641471
19551.2538457381,93913.1819505934,174335.549051247,427457.234467877,713.241034881995,3102.64248756554,5759.92015361651,16122.1418823543,18838.0128108561,90810.5394630278,168575.628897631,411335.092585523,9.05391102356422,40.264996728854,72.6031047690494,176.846643087196,0.628996051154007,2.89361217753997,5.27330336173783,12.9731652588823
13951.9071840589,66303.0992595734,124164.135597683,308734.332110987,907.488961003172,4109.46805900058,7914.62488739082,25610.3630361348,13044.4182230557,62193.6312005728,116249.510710293,283123.969074852,8.80473479881103,38.8797267120014,69.8918004593826,172.020452881859,0.578368463203108,2.70264169419131,4.93479019417958,12.046336547394
18825.9903482832,87351.8080878882,161253.860706039,384279.85623373,2196.87194229136,9099.54767923254,16355.6377369285,43766.9801937811,16629.1184059919,78252.2604086556,144898.22296911,340512.876039949,8.70411190361737,38.8027049296788,69.9434892585825,173.353177440533,0.561802968023981,2.64647415695392,4.84096192586472,11.7047440939499
17762.6959318048,83409.2496894738,155381.41930914,390971.065191775,1792.0667849438,7166.30304039038,13872.9001301602,50226.7612016216,15970.629146861,76242.9466490834,141508.51917898,340744.303990154,8.80839575494991,38.8788482493331,69.7307653971417,169.96789934441,0.561821758906436,2.62083142618928,4.77861555264984,11.6494993069102
14196.6331887175,69207.1971909751,130051.899154756,325433.764770557,311.394468201501,1482.52985923419,2963.45569660179,10423.9044833542,13885.238720516,67724.6673317409,127088.443458154,315009.860287203,9.14327661244739,40.3766727863724,72.516890240483,175.166867968209,0.563469280454684,2.61568848648151,4.77192826673914,11.6048192224138
15458.417628365,72336.8084187094,135115.831513789,346442.072494899,1398.90937128278,6696.48514790473,13415.9220290937,47187.2237775163,14059.5082570822,65640.3232708046,121699.909484695,299254.848717382,8.76601876192042,38.7926184765445,69.7647463122687,172.114073066173,0.578181725096049,2.67752997141465,4.86642912745194,11.7762833039412
23656.5233195621,118876.181157119,222239.623968367,528654.283539263,2475.16147465216,9255.771048693,15956.651491517,40385.2055795627,21181.3618449099,109620.410108426,206282.97247685,488269.0779597,8.7774652865365,39.0471561756001,70.2673220868569,173.731750036282,0.601955207866527,2.76233857644192,4.99391838840421,11.9947428487072
16788.9830066787,80205.3688081888,151263.748638114,377833.467398303,2007.89069238343,10318.9139402279,20055.7147228481,57091.3714942434,14781.0923142953,69886.4548679609,131208.033915266,320742.09590406,8.69005163587111,38.6425845442113,69.4975911889637,168.949728056675,0.590765248814895,2.72073905891381,4.94840298436241,11.942437627688
18604.285963964,88029.8490304038,163902.405771425,408081.362999717,3204.96062084442,12018.1978587214,21915.0661821553,70061.6104352434,15399.3253431196,76011.6511716824,141987.339589269,338019.752564474,8.48389615278508,37.590951320918,67.5398895719557,169.1494388831,0.562675083622171,2.61331921933647,4.7422065566193,11.3686651784453
24096.5711767022,120730.848026917,226102.864609462,541065.278070474,1013.22194580382,4409.38013545405,8100.0962110211,22168.2315337327,23083.3492308984,116321.467891463,218002.768398441,518897.046536741,9.08170204302252,40.0613075455287,72.0055809043412,175.335305609429,0.567918102260051,2.66273946746762,4.88098802187591,11.9836705351427
21924.6142405254,95634.948811711,172939.818735681,415908.88970731,5055.29142610381,21651.8690551261,38695.1111779099,93666.854174295,16869.3228144216,73983.0797565849,134244.707557771,322242.035533015,9.06822211017083,40.5372719156411,73.342286627302,181.664884450164,0.581866434851057,2.69365505056468,4.90790001788876,11.9760009649993
16671.9507009198,79767.3560689773,150225.954219151,367238.062720933,1121.34012958861,5188.28373240575,9951.18057329495,31224.8634731166,15550.6105713312,74579.0723365715,140274.773645856,336013.199247816,8.46590171216168,37.4529789614532,67.2042824029224,169.100661207597,0.614868551671123,2.7950614466125,5.03177174740974,11.7873980458518
18103.8127356639,88424.3988776986,164498.328888079,401004.663634804,2558.96215378785,12441.2595983314,23336.0271881528,60138.4522341711,15544.8505818761,75983.1392793672,141162.301699926,340866.211400633,8.88742108982744,39.3439997873541,70.6333703435801,174.098449793441,0.564421975722016,2.63562378551397,4.81005641640436,11.7102592277345
29281.5576045955,161003.205854782,309650.975529233,752307.272101393,1428.61605571785,7135.52615693715,13495.7781215266,35298.628574995,27852.9415488776,153867.679697845,296155.197407707,717008.643526398,8.97381955268019,39.258800222442,70.0621577656924,168.860958884379,0.574698093996184,2.66192060030482,4.84576135915426,11.8054001926001
14706.1660299789,68659.6595345732,127405.515536543,314400.534683443,457.406188551472,1696.92052807342,3230.52598311564,11600.2285673494,14248.7598414275,66962.7390064997,124174.989553427,302800.306116094,8.79782390677294,39.2404082903997,70.8901945813525,176.359480948076,0.599346544614108,2.73534131902025,4.95648359310201,12.0174507696896
