"","MET_NI_1_NEG","METC_NI_1_NEG","BUP_NI_1_NEG","BUPC_NI_1_NEG","ABS_NI_1_NEG","REL_NI_1_NEG","ODN_NI_1_NEG","ODF_NI_1_NEG","MET_INJ_1_NEG","METC_INJ_1_NEG","BUP_INJ_1_NEG","BUPC_INJ_1_NEG","ABS_INJ_1_NEG","REL_INJ_1_NEG","ODN_INJ_1_NEG","ODF_INJ_1_NEG","MET_NI_2_NEG","METC_NI_2_NEG","BUP_NI_2_NEG","BUPC_NI_2_NEG","ABS_NI_2_NEG","REL_NI_2_NEG","ODN_NI_2_NEG","ODF_NI_2_NEG","MET_INJ_2_NEG","METC_INJ_2_NEG","BUP_INJ_2_NEG","BUPC_INJ_2_NEG","ABS_INJ_2_NEG","REL_INJ_2_NEG","ODN_INJ_2_NEG","ODF_INJ_2_NEG","MET_NI_3_NEG","METC_NI_3_NEG","BUP_NI_3_NEG","BUPC_NI_3_NEG","ABS_NI_3_NEG","REL_NI_3_NEG","ODN_NI_3_NEG","ODF_NI_3_NEG","MET_INJ_3_NEG","METC_INJ_3_NEG","BUP_INJ_3_NEG","BUPC_INJ_3_NEG","ABS_INJ_3_NEG","REL_INJ_3_NEG","ODN_INJ_3_NEG","ODF_INJ_3_NEG","MET_NI_1_HIV","METC_NI_1_HIV","BUP_NI_1_HIV","BUPC_NI_1_HIV","ABS_NI_1_HIV","REL_NI_1_HIV","ODN_NI_1_HIV","ODF_NI_1_HIV","MET_INJ_1_HIV","METC_INJ_1_HIV","BUP_INJ_1_HIV","BUPC_INJ_1_HIV","ABS_INJ_1_HIV","REL_INJ_1_HIV","ODN_INJ_1_HIV","ODF_INJ_1_HIV","MET_NI_2_HIV","METC_NI_2_HIV","BUP_NI_2_HIV","BUPC_NI_2_HIV","ABS_NI_2_HIV","REL_NI_2_HIV","ODN_NI_2_HIV","ODF_NI_2_HIV","MET_INJ_2_HIV","METC_INJ_2_HIV","BUP_INJ_2_HIV","BUPC_INJ_2_HIV","ABS_INJ_2_HIV","REL_INJ_2_HIV","ODN_INJ_2_HIV","ODF_INJ_2_HIV","MET_NI_3_HIV","METC_NI_3_HIV","BUP_NI_3_HIV","BUPC_NI_3_HIV","ABS_NI_3_HIV","REL_NI_3_HIV","ODN_NI_3_HIV","ODF_NI_3_HIV","MET_INJ_3_HIV","METC_INJ_3_HIV","BUP_INJ_3_HIV","BUPC_INJ_3_HIV","ABS_INJ_3_HIV","REL_INJ_3_HIV","ODN_INJ_3_HIV","ODF_INJ_3_HIV","MET_NI_1_HCV","METC_NI_1_HCV","BUP_NI_1_HCV","BUPC_NI_1_HCV","ABS_NI_1_HCV","REL_NI_1_HCV","ODN_NI_1_HCV","ODF_NI_1_HCV","MET_INJ_1_HCV","METC_INJ_1_HCV","BUP_INJ_1_HCV","BUPC_INJ_1_HCV","ABS_INJ_1_HCV","REL_INJ_1_HCV","ODN_INJ_1_HCV","ODF_INJ_1_HCV","MET_NI_2_HCV","METC_NI_2_HCV","BUP_NI_2_HCV","BUPC_NI_2_HCV","ABS_NI_2_HCV","REL_NI_2_HCV","ODN_NI_2_HCV","ODF_NI_2_HCV","MET_INJ_2_HCV","METC_INJ_2_HCV","BUP_INJ_2_HCV","BUPC_INJ_2_HCV","ABS_INJ_2_HCV","REL_INJ_2_HCV","ODN_INJ_2_HCV","ODF_INJ_2_HCV","MET_NI_3_HCV","METC_NI_3_HCV","BUP_NI_3_HCV","BUPC_NI_3_HCV","ABS_NI_3_HCV","REL_NI_3_HCV","ODN_NI_3_HCV","ODF_NI_3_HCV","MET_INJ_3_HCV","METC_INJ_3_HCV","BUP_INJ_3_HCV","BUPC_INJ_3_HCV","ABS_INJ_3_HCV","REL_INJ_3_HCV","ODN_INJ_3_HCV","ODF_INJ_3_HCV","MET_NI_1_COI","METC_NI_1_COI","BUP_NI_1_COI","BUPC_NI_1_COI","ABS_NI_1_COI","REL_NI_1_COI","ODN_NI_1_COI","ODF_NI_1_COI","MET_INJ_1_COI","METC_INJ_1_COI","BUP_INJ_1_COI","BUPC_INJ_1_COI","ABS_INJ_1_COI","REL_INJ_1_COI","ODN_INJ_1_COI","ODF_INJ_1_COI","MET_NI_2_COI","METC_NI_2_COI","BUP_NI_2_COI","BUPC_NI_2_COI","ABS_NI_2_COI","REL_NI_2_COI","ODN_NI_2_COI","ODF_NI_2_COI","MET_INJ_2_COI","METC_INJ_2_COI","BUP_INJ_2_COI","BUPC_INJ_2_COI","ABS_INJ_2_COI","REL_INJ_2_COI","ODN_INJ_2_COI","ODF_INJ_2_COI","MET_NI_3_COI","METC_NI_3_COI","BUP_NI_3_COI","BUPC_NI_3_COI","ABS_NI_3_COI","REL_NI_3_COI","ODN_NI_3_COI","ODF_NI_3_COI","MET_INJ_3_COI","METC_INJ_3_COI","BUP_INJ_3_COI","BUPC_INJ_3_COI","ABS_INJ_3_COI","REL_INJ_3_COI","ODN_INJ_3_COI","ODF_INJ_3_COI"
"0",0,0,0.44794248,0,0,0,0,0,0,0,0.261664,0,0,0,0,0,0,0,0,0,0,0,0,0,0,0,0,0,0,0,0,0,0,0,0,0,0,0,0,0,0,0,0,0,0,0,0,0,0,0,0.00076152,0,0,0,0,0,0,0,0.056032,0,0,0,0,0,0,0,0,0,0,0,0,0,0,0,0,0,0,0,0,0,0,0,0,0,0,0,0,0,0,0,0,0,0,0,0,0,0,0,0.002736,0,0,0,0,0,0,0,0.200736,0,0,0,0,0,0,0,0,0,0,0,0,0,0,0,0,0,0,0,0,0,0,0,0,0,0,0,0,0,0,0,0,0,0,0,0,0,0,0,0.00456,0,0,0,0,0,0,0,0.025568,0,0,0,0,0,0,0,0,0,0,0,0,0,0,0,0,0,0,0,0,0,0,0,0,0,0,0,0,0,0,0,0,0,0,0,0,0
"1",0.00421096657924288,0.00421096657924288,0.270328480971576,0,0.00192002390944403,0.166518638022247,0.000569049112259268,2.90080283287201e-05,0.00278186400197671,0.00276985581827126,0.142493761189316,0,0.00127309980678514,0.109185421410484,0.00120720378447993,6.22304669519051e-05,0,0,0,0,0,0,0,0,0,0,0,0,0,0,0,0,0,0,0,0,0,0,0,0,0,0,0,0,0,0,0,0,7.17849537022205e-06,7.17849537022205e-06,0.000460832854542038,0,3.27309240890194e-06,0.000283866720289502,9.70066216606397e-07,4.9314799821814e-08,0.000596492651697624,0.000603588234382611,0.0305537874611365,0,0.000272625259446954,0.0237942541214596,0.000263080118693804,1.33258588275389e-05,0,0,0,0,0,0,0,0,0,0,0,0,0,0,0,0,0,0,0,0,0,0,0,0,0,0,0,0,0,0,0,0,2.57966435083497e-05,2.57966435083497e-05,0.0016560491095209,0,1.17621860414625e-05,0.00102010354670831,3.48603030003969e-06,1.77178921515499e-07,0.00215123506145203,0.00214917315194354,0.110191430958096,0,0.000976701318715383,0.085332865329141,0.000943479052744342,4.77402126928337e-05,0,0,0,0,0,0,0,0,0,0,0,0,0,0,0,0,0,0,0,0,0,0,0,0,0,0,0,0,0,0,0,0,4.28683497475376e-05,4.28683497475376e-05,0.00275198951379321,0,1.95461671150285e-05,0.00169518781018318,5.7930159047337e-06,2.95298202525832e-07,0.000275410481926928,0.000282384992455882,0.0141071869123884,0,0.000124410820471863,0.0112407081089571,0.000124282392228458,6.0807316980032e-06,0,0,0,0,0,0,0,0,0,0,0,0,0,0,0,0,0,0,0,0,0,0,0,0,0,0,0,0,0,0,0,0
"2",0.00438891167359222,0.00406738842407958,0.209116930415473,0,0.00211843351312616,0.152894974667702,0.0081051592487794,0.000442179201136487,0.0028372864283743,0.0025067541698528,0.104262198769201,0,0.00114998023318116,0.0959121157382579,0.0181513692276021,0.00099792019669935,0.00462857712790794,0.0509143483445217,0.00818277570366804,0,0,0,0,0,0.00220596183834727,0.0241608354814313,0.00389987904161155,0,0,0,0,0,0,0,0,0,0,0,0,0,0,0,0,0,0,0,0,0,7.50746651724727e-06,6.95785817189732e-06,0.00035724764318979,0,3.62345379018186e-06,0.000261558990532812,1.3854871026545e-05,7.53653646726115e-07,0.000609333362569777,0.000552829854230814,0.0223795398235312,0,0.000246440504862556,0.0211486189768106,0.00402220480244783,0.000217112511493501,7.9120393951297e-06,8.70324332396486e-05,1.39875477797632e-05,0,0,0,0,0,0.000481364695695089,0.00535677114194421,0.0008509957223555,0,0,0,0,0,0,0,0,0,0,0,0,0,0,0,0,0,0,0,0,0,2.69860735820596e-05,2.50105711370638e-05,0.00128402703752492,0,1.30244431169316e-05,0.000940197056710035,4.97997015123785e-05,2.70829124775636e-06,0.00221383783897587,0.00196702130687398,0.0811774921233411,0,0.000885720574402995,0.0761438054247735,0.0144423030482746,0.000778659910545645,2.84388934451677e-05,0.000312827827513043,5.02765925448679e-05,0,0,0,0,0,0.00173773814935133,0.0190961347095739,0.00307211506140174,0,0,0,0,0,0,0,0,0,0,0,0,0,0,0,0,0,0,0,0,0,4.46811999480474e-05,4.14079457132344e-05,0.00212890359322797,0,2.15656106341961e-05,0.00155654324736815,8.25142405057493e-05,4.50145038726556e-06,0.00028516627345242,0.000264354071728909,0.0104325113339151,0,0.000113169487482558,0.0102705461654602,0.00196319226289721,0.000102258921163499,4.71210393277894e-05,0.000518331431969754,8.33044119364818e-05,0,0,0,0,0,0.000230028239547979,0.00259228076024257,0.000406662660612511,0,0,0,0,0,0,0,0,0,0,0,0,0,0,0,0,0,0,0,0,0
"3",0.00444318607310169,0.00395723362063849,0.16998067433277,0,0.00218702426911107,0.148357639559743,0.00444664030335809,0.000668852549901279,0.00282285958333239,0.00235294825581271,0.0809191208936739,0,0.00104707080378783,0.0979456822732974,0.0114857374320388,0.00159000151128094,0.00649930282571849,0.0666697730253755,0.0105287282333437,0,3.72364403311513e-05,0.00322941880996442,0.00127269736729618,6.48774253207068e-05,0.0033578617378251,0.0335409355152782,0.00521083450247204,0,2.00806465482706e-05,0.00172218536510856,0.00212372769537003,0.000109476600273007,0,0,0,0,0,0,0,0,0,0,0,0,0,0,0,0,7.62198906668018e-06,6.78841555078254e-06,0.000290949098925944,0,3.75163629334667e-06,0.000254504251686258,7.64633244503202e-06,1.14237587309157e-06,0.000607049136712483,0.000524181387079411,0.0173856021698037,0,0.000224520028654423,0.0218358809738148,0.00258989169155217,0.000348362804717046,1.11511697093269e-05,0.000114396694295695,1.80662701822621e-05,0,6.38256368597005e-08,5.53543008943954e-06,2.18148456928056e-06,1.10900765139465e-07,0.000739096903976243,0.00755383956555856,0.00114812373200498,0,4.3819280918231e-06,0.000382344935512934,0.000478817958807157,2.42654524546509e-05,0,0,0,0,0,0,0,0,0,0,0,0,0,0,0,0,2.74038961359106e-05,2.44069003018535e-05,0.00104589928034417,0,1.34880353910663e-05,0.000915039437396293,2.74963362676409e-05,4.10584221786331e-06,0.00222023098549418,0.00186447723949712,0.0634076428660081,0,0.000809153051089806,0.0788836331390685,0.0093248779701807,0.00125068599478489,4.00931635644345e-05,0.000411306587328168,6.49563018484489e-05,0,2.29463369900099e-07,1.99007562581987e-05,7.8427858346721e-06,3.98619734468235e-07,0.00268064559847296,0.0269154852544188,0.00416306224426638,0,1.58191009514329e-05,0.00138171448580554,0.00170940081369873,8.65224285061303e-05,0,0,0,0,0,0,0,0,0,0,0,0,0,0,0,0,4.5235041542957e-05,4.02876734901101e-05,0.0017305254461414,0,2.22634165699629e-05,0.00151039404725945,4.52704274463847e-05,6.80910418501744e-06,0.000287437778448642,0.000255210473060979,0.008176428792023,0,0.000103640359821534,0.0108650295659374,0.00131354563957145,0.000166704045416033,6.6167903932521e-05,0.000678749688094824,0.000107190574488171,0,3.79094868426323e-07,3.28779036870708e-05,1.2957012988109e-05,6.60481963580136e-07,0.00036151628341178,0.00376277206480774,0.000562502694002233,0,2.0941240186919e-06,0.000188897174820987,0.000239378976771549,1.1740065932811e-05,0,0,0,0,0,0,0,0,0,0,0,0,0,0,0,0
"4",0.00438369198741408,0.00378355393510399,0.141913566070421,0,0.00218254481340811,0.138278897967558,0.00360781246252622,0.000852765544163165,0.00274239680890379,0.00218024744497381,0.0648324201198589,0,0.000942402696124304,0.0918588291275478,0.00959295140949181,0.00208451109892011,0.00772558849573618,0.076116280905901,0.0117442203200986,0,6.64277428845324e-05,0.00590638493204216,0.00131663286384922,0.000131994520471645,0.00414922357193346,0.0392559629734329,0.00585791787567637,0,3.38387498223594e-05,0.00401992324653656,0.00267781998922402,0.000247516250649307,0.000126759663459801,0.0013943562991307,0.000224096059112729,0,0,0,0,0,7.98469912357961e-05,0.000874525567138598,0.000141160015445812,0,0,0,0,0,7.53960957697211e-06,6.50701118208998e-06,0.000243338526396204,0,3.75404449253767e-06,0.000237835761511774,6.22766812456874e-06,1.4589797054829e-06,0.000590482181008049,0.000490346571059842,0.0139416875833219,0,0.000202183744075629,0.0206944851818157,0.00219350010319849,0.000459546422556182,1.32976415628024e-05,0.000131022407219808,2.02173351326004e-05,0,1.14300899591628e-07,1.0162886750777e-05,2.26855718816724e-06,2.2622969908154e-07,0.000920566916841187,0.00896569716123783,0.0013024416293546,0,7.44088128064126e-06,0.000909351162142888,0.000614745836797448,5.54272574327496e-05,2.17866730409357e-07,2.39653403634694e-06,3.85162553796107e-07,0,0,0,0,0,1.78946141565999e-05,0.000199068666903212,3.16355566016728e-05,0,0,0,0,0,2.71133182399321e-05,2.33998649922343e-05,0.000874876181740981,0,1.34993181104438e-05,0.000855286851296182,2.24014151513699e-05,5.24444829809424e-06,0.00217333519799803,0.0017437147601672,0.0511135542741602,0,0.000730502973697913,0.0750224458089105,0.0079189614284439,0.00165161153283479,4.78225958838929e-05,0.000471200717885913,7.27087410056171e-05,0,4.11048378904966e-07,3.65480895040976e-05,8.15907575263656e-06,8.13322104093216e-07,0.00335363237908795,0.031942819513618,0.00474178636788655,0,2.69452944844515e-05,0.00328370729877068,0.00219593156210392,0.000197691894993788,7.8343427858603e-07,8.61777707107729e-06,1.38501893751579e-06,0,0,0,0,0,6.46723368817224e-05,0.00071065289890639,0.000114333025350439,0,0,0,0,0,4.4630610058422e-05,3.85205662004825e-05,0.00144482037988974,0,2.22173459396402e-05,0.00140782433777975,3.6731604063952e-05,8.68149259467776e-06,0.000282661594351713,0.000242738548558403,0.00661129995276454,0,9.37708469967832e-05,0.0105397307417083,0.00114607272585393,0.000222993140220881,7.86547533585382e-05,0.000774945227738019,0.00011956875375918,0,6.76285286089211e-07,6.01332737902937e-05,1.3404761168833e-05,1.34378780787798e-06,0.000459897915790665,0.00458133814194965,0.000652764406505259,0,3.62581279906692e-06,0.000464625598344866,0.000318274048745039,2.73702527997386e-05,1.29054521648407e-06,1.41959973922479e-05,2.28153096361429e-06,0,0,0,0,0,8.99553389693893e-06,0.000101257111404071,1.59030375992441e-05,0,0,0,0,0
"5",0.00426718559284735,0.00358407920054997,0.120581327817731,0,0.00214065033908992,0.127992151470013,0.00298131303916953,0.00100474190478634,0.00263217455520053,0.00200574684508134,0.0530411079395206,0,0.000843994474507584,0.0852011213799676,0.0079460842849872,0.00249412589788877,0.00847247396860849,0.0808011637510513,0.0121768945616893,0,9.09238675881352e-05,0.00770721143466586,0.00133249551328878,0.000199920235079846,0.00463559385448962,0.0419144999776348,0.00601521706025062,0,4.39166232152928e-05,0.00580079974994622,0.0029538408610134,0.000399784573898204,0.000263362888100523,0.00274950503044148,0.000446080209505286,0,1.16812127278114e-06,0.000101308094358394,3.48544889329972e-05,1.77675350083103e-06,0.000183914036021534,0.00189283673786829,0.000302171491925058,0,8.2571729431765e-07,7.08163572608356e-05,7.68704446702896e-05,3.9626148692812e-06,7.35721074501615e-06,6.17854536387568e-06,0.000207100574373274,0,3.69135606615453e-06,0.000220676176862316,5.16423024014171e-06,1.7215226835143e-06,0.000567419813134664,0.000455224484545682,0.0114155360457383,0,0.000181159337213428,0.0193884275640673,0.00184008381155135,0.000552832392097875,1.46266155021343e-05,0.000139496606744373,2.10252983270426e-05,0,1.56986593778836e-07,1.33088789729884e-05,2.30559474090845e-06,3.43442888647589e-07,0.00103602344503561,0.0097006567939332,0.00134889872356574,0,9.72702838388764e-06,0.00133247415533137,0.000689429068947998,9.03827003805836e-05,4.54458623768246e-07,4.74486423712354e-06,7.69798014223091e-07,0,2.01315587489161e-09,1.74595729128449e-07,6.00686938906166e-08,3.05377487920037e-09,4.17573300700141e-05,0.000438234389509875,6.86683145261125e-05,0,1.85057305175174e-07,1.61412015009782e-05,1.7787568885423e-05,9.0175975551896e-07,2.64625231438378e-05,2.22228439677829e-05,0.00074469026995334,0,1.32763172079185e-05,0.000793731112319278,1.85811595982492e-05,6.18889097870507e-06,0.00210122174199284,0.00161852161652493,0.0420636238126779,0,0.000656098494205569,0.0705313292125732,0.00666224526277518,0.00198896318611862,5.26142430802057e-05,0.000501792351454733,7.56322383099966e-05,0,5.64698245286647e-07,4.78750358187527e-05,8.29497213313082e-06,1.23493727072564e-06,0.00379083837181117,0.0345601454958608,0.00493038509303402,0,3.53243332186394e-05,0.00481837407229195,0.00246403314911143,0.000322455255269162,1.63470564164448e-06,1.70675498209765e-05,2.76900521478315e-06,0,7.24072395728657e-09,6.27968998579577e-07,2.16049256970784e-07,1.09811714480466e-08,0.000151279794332219,0.00156392010888318,0.000248697979297533,0,6.68819415419266e-07,5.8401606474881e-05,6.35969237733792e-05,3.21989094156856e-06,4.34456680052233e-05,3.64907179500524e-05,0.00122766930758561,0,2.17903945368742e-05,0.00130313053680912,3.035404236559e-05,1.02287856506949e-05,0.000274451182030425,0.00022890835962293,0.00545599617884147,0,8.43874993400186e-05,0.0100949742408491,0.000987756019129573,0.000271552259188569,8.62613479627663e-05,0.00082266614814446,0.000123977443961051,0,9.25674916465112e-07,7.84699723623052e-05,1.35666901334629e-05,2.03534794099069e-06,0.000527861061493795,0.00507589308289753,0.000690651811215733,0,4.82574635408529e-06,0.000701406715932883,0.00036818974225956,4.54724152534782e-05,2.68139164360478e-06,2.79936967828597e-05,4.54170247682898e-06,0,1.18930292656694e-08,1.03145123638145e-06,3.54865086852801e-07,1.80891986360943e-08,2.15801387087803e-05,0.000229859237389495,3.55317946451564e-05,0,9.30335870210145e-08,8.37617761120435e-06,9.33362143206934e-06,4.58588193168955e-07
"6",0.00412228396916668,0.00337806065122977,0.103770264115509,0,0.00207886056554121,0.117915832338447,0.00256816839445703,0.00113565767274802,0.00250979809632947,0.00183821987137833,0.0440574929600333,0,0.00075455549131419,0.0782765159595488,0.0067806069952947,0.00284366120001369,0.00892341085997836,0.0827829546396554,0.0121920789077615,0,0.000110568037670271,0.00895023740156073,0.00129365432762195,0.000265865969067972,0.00493279415410113,0.0429022766820151,0.00593685435599492,0,5.04595346091242e-05,0.00714505800795176,0.00299276054075828,0.000554059178004798,0.000392277010032447,0.00394346380041158,0.00064055786929246,0,2.90108577020973e-06,0.000249295580209698,6.23551236512538e-05,4.95538809378388e-06,0.000291256462160966,0.00286115815047716,0.000449779031088985,0,2.03953822889674e-06,0.00021484305494827,0.000163082921648083,1.23694195003761e-05,7.12385111101847e-06,5.83635107500811e-06,0.000178501371120032,0,3.59349272023182e-06,0.000203766186636943,4.46169872249145e-06,1.94835164323804e-06,0.000541650639433755,0.000420882476093364,0.00948951541121031,0,0.000162034740686609,0.0179856065548209,0.00158834463821531,0.000633368612002786,1.54480554138776e-05,0.000143310444389589,2.11107552713383e-05,0,1.91514856222133e-07,1.55061430069595e-05,2.24703125757348e-06,4.57679981476798e-07,0.00111000947843607,0.010054801316413,0.0013422658865516,0,1.12527567639466e-05,0.00166478312171236,0.000709496303132121,0.000126363137230596,6.79366097371987e-07,6.83020070228931e-06,1.10947526050062e-06,0,5.01974091902397e-09,4.31365643480762e-07,1.07972408370846e-07,8.54295111004051e-09,6.6925219657335e-05,0.000672821593779323,0.000103542907793264,0,4.62632832753948e-07,4.98836850290627e-05,3.84143701821578e-05,2.84968661018557e-06,2.56278790580123e-05,2.09957624570965e-05,0.000641934938272968,0,1.29265756570591e-05,0.000733041432707331,1.60570890579155e-05,7.0050477694213e-06,0.00201769610788497,0.00149621227285253,0.0351380449521988,0,0.000588157015676768,0.0656548519336968,0.00576773316972195,0.0022810610771712,5.55812054572676e-05,0.000515622115228136,7.59563365480735e-05,0,6.89063567641417e-07,5.57932810862197e-05,8.08666654980849e-06,1.6459696658878e-06,0.00407917679763673,0.0358254984074754,0.00492501259190462,0,4.09765750921792e-05,0.00603015863895919,0.00253718442743197,0.000450942849299954,2.44438949394645e-06,2.45755518697951e-05,3.99197400319797e-06,0,1.80599260255012e-08,1.55197294973619e-06,3.88484924004497e-07,3.07270511958544e-08,0.000243077967127908,0.00240112610064285,0.000375833577288987,0,1.67469136481839e-06,0.000180378963546015,0.00013741078880824,1.01782052373074e-05,4.19715389674051e-05,3.43941203206717e-05,0.00105653905002348,0,2.11609257187544e-05,0.00120057304060983,2.61483901650664e-05,1.15616961512086e-05,0.000264599934747027,0.000214816322878176,0.00456949159574466,0,7.57875969410327e-05,0.00956402718640693,0.000873563965668259,0.000314532693296757,9.0855100951886e-05,0.000842867514369112,0.000124135597294406,0,1.12566661093554e-06,9.11283801473537e-05,1.31716392090304e-05,2.70677039266865e-06,0.000576100795542053,0.00537930910668426,0.000701306471781608,0,5.6777019626478e-06,0.0009008331618219,0.000389953471681798,6.4664244422695e-05,3.99403389988919e-06,4.01510436684767e-05,6.52194841652574e-06,0,2.95372466724789e-08,2.53823995786844e-06,6.34878964211445e-07,5.04520649450154e-08,3.54789113371155e-05,0.000362931193242206,5.5030802804269e-05,0,2.38445314158251e-07,2.67443051893852e-05,2.08350079160435e-05,1.48350425848854e-06
"7",0.00396425572851226,0.00317507251240926,0.0901848014383273,0,0.00200662666851201,0.10840963903187,0.00224969661665107,0.00125033892218841,0.00238421019952019,0.00168142788573554,0.037025758134374,0,0.000674507414005121,0.0715587186537429,0.00588974742223568,0.00314727334655149,0.00916897087422575,0.0829921295717679,0.0119536677321599,0,0.000126077325394042,0.00976919902997609,0.00124594995465989,0.0003293799097847,0.00509708896777332,0.0427980122788175,0.00572479582508638,0,5.44245098480486e-05,0.00809158914181503,0.00294328260940085,0.000705783231150758,0.000508488658048368,0.0049591856415494,0.000803652433144446,0,4.90558463408195e-06,0.000404951728309568,8.33114190984282e-05,9.20229746109344e-06,0.000393143048639892,0.0037182323478222,0.000574969182032158,0,3.37726299819865e-06,0.000394231080877069,0.000241619569595624,2.48247305538713e-05,6.86586476089193e-06,5.49719404152121e-06,0.000155356186713288,0,3.47667547565838e-06,0.000187742313365998,3.91878272719711e-06,2.14758063620568e-06,0.00051510613186654,0.000388274677218273,0.00798089230124581,0,0.000144905969599725,0.0165964535789328,0.00139428178974749,0.000704074978331516,1.5915055572337e-05,0.000144044480712044,2.07529671855324e-05,0,2.19039349622579e-07,1.697706097504e-05,2.17164195434998e-06,5.68085371725892e-07,0.00115438962219312,0.0101514929327434,0.00130456747233645,0,1.22166325051468e-05,0.00191075558549754,0.00070797338757967,0.000162273245770355,8.83593558757281e-07,8.61856313281504e-06,1.39673121220548e-06,0,8.51934839207162e-09,7.0335668016966e-07,1.44878354807216e-07,1.59084624464343e-08,9.13656196480304e-05,0.000887323853685265,0.000134013738943229,0,7.74738199730607e-07,9.30464506681403e-05,5.78749722821663e-05,5.78508147847715e-06,2.47041026501178e-05,1.97789921371396e-05,0.000558766012138305,0,1.25084155050563e-05,0.000675511712830779,1.41061152758198e-05,7.72204551713191e-06,0.00192990669855939,0.00138015473576905,0.0296927905647109,0,0.000527108629085495,0.0607933921950456,0.0050783594789747,0.0025382801929031,5.72732641976663e-05,0.000518368192441119,7.46845314089754e-05,0,7.88271588539798e-07,6.11004025398655e-05,7.81742382668009e-06,2.04332113839852e-06,0.00426048268696799,0.036177797566734,0.00480467089860962,0,4.46036314678202e-05,0.00693391871777276,0.0025334760505963,0.000579261423391126,3.18003430467434e-06,3.10183023525781e-05,5.02686781919731e-06,0,3.06591731053615e-08,2.53128070871283e-06,5.21442915319659e-07,5.7231262159675e-08,0.000332687565257695,0.00316717758400366,0.000487476075842427,0,2.80913452164521e-06,0.00033666571521071,0.000207144988611972,2.06695335545221e-05,4.03636652434296e-05,3.23282548270458e-05,0.000918242089415379,0,2.04251588535509e-05,0.00110381458111899,2.29064418617223e-05,1.27293487753265e-05,0.000254048612387349,0.000201020253401121,0.00387065023743042,0,6.8036818345397e-05,0.00900575861693953,0.000783976837628131,0.000353133163685106,9.33579515348912e-05,0.000845021074522566,0.000121711622338526,0,1.28356039235605e-06,9.94696825959168e-05,1.26863075209953e-05,3.35345311633481e-06,0.000609694544995557,0.00554619481403793,0.000694902340385019,0,6.26371515167679e-06,0.00106097139537429,0.000399505760504326,8.43440907758187e-05,5.17741705997049e-06,5.04942993758843e-05,8.1827690291968e-06,0,4.9946435630591e-08,4.12320295603159e-06,8.48275997449305e-07,9.3692814014491e-08,4.96055485567663e-05,0.000491304408378161,7.30459855990623e-05,0,4.08668271746035e-07,5.1400920658389e-05,3.23671722004309e-05,3.07742345289102e-06
"8",0.00380167162397552,0.00297986282363738,0.0789989190659141,0,0.00192938241411879,0.0995796034426336,0.0019928376358103,0.0013519264466195,0.00226011855179837,0.00153666531106485,0.0314098280710477,0,0.000603372312442203,0.0652336415653428,0.00517070942839244,0.00341381961350186,0.0092691666415146,0.0820293392726761,0.0115627676488346,0,0.000138070723471722,0.010274863019086,0.00119273531327693,0.000390181164036439,0.00516735078316867,0.0419906342745207,0.00544135308586449,0,5.64636595708626e-05,0.00872352451601119,0.00284835396823937,0.000852613782683704,0.000609924028576981,0.00579653954137654,0.000935507266249736,0,7.00704961584595e-06,0.00055373554507329,9.91192429543775e-05,1.42550314792986e-05,0.000485518472835573,0.00444435256709747,0.000676080551679136,0,4.69306031327871e-06,0.000584373567324857,0.00030763676747939,4.06831795895199e-05,6.59815411763397e-06,5.16954176394217e-06,0.00013627204002105,0,3.35029020777572e-06,0.000172803568642521,3.47978459568557e-06,2.32449233045425e-06,0.000488808441404063,0.000357796104090544,0.00677518436109594,0,0.00012967490297474,0.0152672687853625,0.00123623956320063,0.000766775004710041,1.61293935038255e-05,0.000142723147223013,2.01250471641337e-05,0,2.40567711258977e-07,1.79076585900264e-05,2.08546512738316e-06,6.74110464580362e-07,0.00117746157351534,0.0100754253612195,0.00124948198696318,0,1.27546158216734e-05,0.00208641678375364,0.000694505793510691,0.000197506488700402,1.06322042986571e-06,1.01059049110014e-05,1.6311514734651e-06,0,1.22108994403354e-08,9.65192683171478e-07,1.73048774706878e-07,2.47062307781359e-08,0.000114058576927314,0.00107556268243896,0.000159475369773956,0,1.08827463966918e-06,0.000140045384243773,7.48687561134808e-05,9.58318441257744e-06,2.37448272257157e-05,1.86030654925273e-05,0.000490182055636324,0,1.20555992660444e-05,0.000621862221609423,1.25282648242465e-05,8.35884772030722e-06,0.00184172195403446,0.00127173479849856,0.0253242528392518,0,0.000472667605621848,0.0561177396421845,0.00451656828286069,0.00276707265994698,5.80560094874432e-05,0.000513712021253938,7.24391204273366e-05,0,8.65930519930266e-07,6.4464109460993e-05,7.50902962483747e-06,2.42500098905377e-06,0.00436411711743945,0.0359181762991527,0.00461872321362691,0,4.66870143753752e-05,0.00758606302561502,0.00248732645524816,0.00070525975782044,3.82744330885957e-06,3.63801887458233e-05,5.8720129370797e-06,0,4.39555178353345e-08,3.47453623113713e-06,6.23020488555907e-07,8.88989056185284e-08,0.000416364037197978,0.00384026380730019,0.000581306054051546,0,3.95233880950833e-06,0.000507236629062951,0.000268140970427129,3.42522778301155e-05,3.87093069267492e-05,3.03414717686602e-05,0.000804370487022309,0,1.96384127991667e-05,0.00101393537903828,2.02916609065134e-05,1.37637132958599e-05,0.000243315449624322,0.000187798486692846,0.00330858384387453,0,6.11067965980898e-05,0.00844764549318091,0.000709605789725052,0.000388094724089692,9.43807864993862e-05,0.000835241303918342,0.00011773479886454,0,1.40565794623638e-06,0.000104621353533943,1.21448317099738e-05,3.9725341754606e-06,0.000632301381102506,0.00561557173997091,0.000678008089057653,0,6.64075981859504e-06,0.00118707666350207,0.000401567140857129,0.000104141624617882,6.21041242303137e-06,5.90219580606617e-05,9.52559394171639e-06,0,7.13432386060095e-08,5.63828482221629e-06,1.00926258625299e-06,1.45139830450218e-07,6.33392132646556e-05,0.000610357415853021,8.90332521600032e-05,0,5.86803930393345e-07,7.9557447248456e-05,4.30861571405614e-05,5.20126077042599e-06
"9",0.00363949238256477,0.00279467285309554,0.0696537924813863,0,0.00185038037122457,0.0914491836197566,0.00177857897816173,0.00144259185365009,0.00214001701308907,0.00140402163569263,0.0268534965326726,0,0.000540351680196336,0.0593671338795671,0.004573179222969,0.00364956363796473,0.00926449022412816,0.0802836523205418,0.0110820949809286,0,0.00014711163922306,0.0105437276565912,0.0011373899880745,0.000448161117407907,0.00516980431643219,0.0407278879654626,0.00512265525645437,0,5.70898673408116e-05,0.00910836547870283,0.00273082461199825,0.000993385782368594,0.000696507321649829,0.00646979406805739,0.00103889011386403,0,9.08975318430524e-06,0.000688460450992917,0.000110860051786513,1.99062686984886e-05,0.000566923108831319,0.00504113034375197,0.000754790795940095,0,5.90644414207534e-06,0.00076986796014079,0.000360768458156205,5.92805281906522e-05,6.32943906159417e-06,4.85752515929765e-06,0.000120306300107596,0,3.22000177315118e-06,0.000159004474683692,3.11266522776163e-06,2.48274068923514e-06,0.000463303418856812,0.000329559826133482,0.00579630186360331,0,0.00011617367451785,0.0140172919805419,0.001103696144372,0.000822759566636671,1.61599814175409e-05,0.00014001294084121,1.93349783400871e-05,0,2.57028136794148e-07,1.84269523802434e-05,1.99452563918371e-06,7.75512985116846e-07,0.00118487059892958,0.00988154957938595,0.001185061972455,0,1.29752500591973e-05,0.00220521995690894,0.000674415524465424,0.000231726157326994,1.21781198307391e-06,1.13137789281691e-05,1.81698362972707e-06,0,1.58922438849285e-08,1.20405507118714e-06,1.94257872712371e-07,3.45823627209233e-08,0.00013456845607716,0.00123645300023478,0.000180114206801117,0,1.38404012606675e-06,0.000187187125786042,8.91357240696979e-05,1.41059331534738e-05,2.27814612992841e-05,1.74829139942031e-05,0.000432798536515282,0,1.15885166616159e-05,0.00057229297159157,1.12085045056794e-05,8.92857148365933e-06,0.00175527784240698,0.00117133952757999,0.0217639698481431,0,0.000424282621300443,0.0517011077273964,0.00404487766259984,0.0029719949934052,5.81770440600415e-05,0.000504049562836314,6.96084424893802e-05,0,9.25367253599346e-07,6.63476350495469e-05,7.18320658636125e-06,2.79012273370597e-06,0.0044101042834058,0.0352415947005148,0.00439642292318984,0,4.76132759529858e-05,0.00803407660668996,0.00241766832078158,0.000827745202312984,4.38496854741969e-06,4.073788482098e-05,6.54254120751726e-06,0,5.72211562461975e-08,4.33551586958675e-06,6.99574227001643e-07,1.24458118537474e-07,0.00049246353494401,0.00441662682018903,0.000657882822296571,0,5.03438579985859e-06,0.000678805403830602,0.000319469319906005,5.04374687456304e-05,3.70589743433936e-05,2.84566010611727e-05,0.000709236072108855,0,1.88337999659603e-05,0.000931174937362021,1.81105093701736e-05,1.46868939151622e-05,0.000232693803358398,0.000175281468966483,0.00284940594111341,0,5.49332438923399e-05,0.00790362457408313,0.000645988432253002,0.000419941094169992,9.43357945307888e-05,0.000817488934664353,0.00011284361346234,0,1.49769521084995e-06,0.000107362065395428,1.15816222962677e-05,4.56290570465457e-06,0.000646460319352557,0.00561352768835383,0.000654633661296306,0,6.85623181511331e-06,0.00128401782273753,0.000398906989094729,0.000123822555715081,7.09223408257924e-06,6.58791438057294e-05,1.05785767696005e-05,0,9.25493351271126e-08,7.01029972926901e-06,1.12884569091992e-06,2.02682577297792e-07,7.63483730058803e-05,0.000718203858647315,0.000102883428649576,0,7.62104012901103e-07,0.000109175786975677,5.2690310106023e-05,7.80080766911275e-06
"10",0.00348062116197002,0.00262039546470778,0.0617544752818161,0,0.00177161223062007,0.0839987984661956,0.00159623679781846,0.00152396212776689,0.0020251827624195,0.00128300558578968,0.0231095443958835,0,0.00048457243308421,0.0539749893577239,0.0040652540508651,0.00385912449348545,0.00918358185496204,0.078019934793425,0.0105523231332432,0,0.000153686442991756,0.0106333932832293,0.00108150463870267,0.000503292241455484,0.00512293735823016,0.0391758556539775,0.00479057634036339,0,5.66882590392729e-05,0.00930081537362233,0.00260205789951743,0.00112751995275858,0.000768912121255565,0.00699609393596209,0.00111710106312229,0,1.10805576555517e-05,0.000806094596301016,0.000119384965451812,2.59920746249752e-05,0.000637065525790446,0.00551738386004397,0.000813649119807528,0,6.97889802005798e-06,0.000941794950077971,0.000402359936100204,8.0021886881009e-05,6.06490033412264e-06,4.56292288840735e-06,0.000106792486228975,0,3.08931663732675e-06,0.000146323185881527,2.79946238984676e-06,2.62506657316428e-06,0.00043887445103104,0.000303535849111626,0.00499141917328938,0,0.000104217642179985,0.0128540563727729,0.000989974228120339,0.000872981514907796,1.60557599490412e-05,0.000136369894746685,1.84532485658739e-05,0,2.69228399951658e-07,1.86326180503678e-05,1.90173229519835e-06,8.72198559503068e-07,0.00118063661009662,0.00960752728539708,0.00111627955044867,0,1.29609295282307e-05,0.00227842075167404,0.000650447322438445,0.000264734770462679,1.34827763894191e-06,1.22694151923203e-05,1.95952265419803e-06,0,1.94335382796721e-08,1.41429063688369e-06,2.09916899267905e-07,4.5254702430011e-08,0.000152732538561941,0.00137082175643472,0.000196354398029365,0,1.65205060843535e-06,0.000232175282550803,0.000100851974371968,1.92240992539827e-05,2.18326867708955e-05,1.64250013977308e-05,0.000384222371366242,0,1.11197984781365e-05,0.000526728711048779,1.00823551258871e-05,9.44105687597076e-06,0.00167174508044693,0.00107885012078377,0.0188253498758921,0,0.000381330273646756,0.0475743410846354,0.00363951059693845,0.00315640120274248,5.78122677024235e-05,0.000491020831494621,6.64461196403316e-05,0,9.69478888476312e-07,6.71018321366599e-05,6.85046141948578e-06,3.1383340102933e-06,0.00441275102759035,0.0342814203297671,0.00415598181190839,0,4.76770969741108e-05,0.00831776266463424,0.00233422518889683,0.000946017568468556,4.85581081347664e-06,4.41886802667953e-05,7.05738723417708e-06,0,6.99880526943141e-08,5.09376837087352e-06,7.56164567408951e-07,1.62894213622866e-07,0.000560329332408143,0.00489923981278009,0.000718648497103908,0,6.01853880734504e-06,0.000843075986851262,0.000361756285611431,6.87675987819192e-05,3.54422313377935e-05,2.66827442388026e-05,0.000628818764493886,0,1.80315959277473e-05,0.000855334507323973,1.62542343721502e-05,1.55154511717461e-05,0.000222350526097687,0.000163519157808034,0.0024695324806728,0,4.94411609695889e-05,0.00738139282457773,0.000590290322695346,0.000449057939049266,9.35145264001416e-05,0.000794460413726177,0.000107452165248721,0,1.56462391523911e-06,0.000108278148764833,1.10128768047e-05,5.12428550480201e-06,0.000654023001358331,0.00555859485921425,0.000627367610524719,0,6.94716431484614e-06,0.00135622642017759,0.000393031150044214,0.000143226714161253,7.8297273172236e-06,7.1240289311946e-05,1.13752958938983e-05,0,1.12820012464857e-07,8.20836074624126e-06,1.2156883014988e-06,2.64652112421819e-07,8.84460258080046e-05,0.000814130988222733,0.000114647324847756,0,9.28189455589704e-07,0.000138837619050862,6.1138339033618e-05,1.0819582544691e-05
"11",0.0033267387206129,0.0024571840342483,0.055012293804069,0,0.00169430653229731,0.0771895304529443,0.00143887173379272,0.00159731051038635,0.00191620130196766,0.00117286246829325,0.0200005407592475,0,0.000435190935679857,0.0490455843051343,0.00362729956929514,0.00404610911768369,0.0090472097875752,0.0754225854541908,0.0100002656547103,0,0.000158209887645358,0.0105876331973146,0.00102617059188314,0.00055560263955322,0.00504016947130057,0.0374489198897203,0.00445858578661402,0,5.55484732524952e-05,0.00934422555658706,0.00246834527515395,0.0012547613357348,0.000828197902371083,0.00739335649334018,0.00117352154095029,0,1.29338336614557e-05,0.000905775460296486,0.000125313216261574,3.23800809480965e-05,0.000696269875249321,0.00588484558578752,0.000855374273088038,0,7.8953743450587e-06,0.00109547150912198,0.000433957379091462,0.000102392070511373,5.80760465850495e-06,4.28620851264225e-06,9.52431880067202e-05,0,2.96042932886391e-06,0.000134702543826879,2.52851904805106e-06,2.75361826379617e-06,0.000415655193079116,0.000279623038360827,0.00432260920367322,0,9.36278755951445e-05,0.0117784048191279,0.000891003303461317,0.000918187669026086,1.58523779619842e-05,0.000132113314705019,1.75266851687136e-05,0,2.77862060048126e-07,1.85992842427014e-05,1.80910518292606e-06,9.64175530428844e-07,0.00116771021364733,0.0092799589854062,0.00104627401107499,0,1.27743017515839e-05,0.00231516694594904,0.000624191175390162,0.00029641554601498,1.45624140885518e-06,1.30019662189277e-05,2.06431022397031e-06,0,2.27520231393999e-08,1.59403603156668e-06,2.21058119357677e-07,5.64935675715223e-08,0.000168540193844216,0.00148041523971783,0.000208695493059592,0,1.88761601763521e-06,0.00027366634047461,0.000110276234053557,2.48215020782803e-05,2.09095804587433e-05,1.54310892041581e-05,0.000342703380100814,0,1.06573578866538e-05,0.000484966635295594,9.10797445118733e-06,9.9040174176156e-06,0.00159173570284359,0.000993897059387477,0.0163742368594515,0,0.000343198534895558,0.0437438024723962,0.00328604058332738,0.00332291580308837,5.70898521003288e-05,0.000475774638560176,6.31207404690837e-05,0,1.00075421473265e-06,6.69948799051093e-05,6.51809716574999e-06,3.46965372945773e-06,0.00438260272018644,0.0331316975912684,0.00390901802588264,0,4.71034812585669e-05,0.00846952802921067,0.00224260187261962,0.00105966063885958,5.24575462549692e-06,4.68369422795825e-05,7.4364023328368e-06,0,8.19574291936006e-08,5.74248713284421e-06,7.96494497839748e-07,2.03380695900839e-07,0.000619858991802823,0.00529429048155946,0.000765338013089286,0,6.88719416634827e-06,0.000995158415893237,0.000395919655905483,8.88314458605926e-05,3.38761970116198e-05,2.50214732841325e-05,0.000560180212477662,0,1.7244306723122e-05,0.000786018399352494,1.46522003065393e-05,1.62623449633478e-05,0.000212378357015777,0.000152516975673407,0.00215198154524421,0,4.45558701461985e-05,0.00688482495961276,0.000540831357991516,0.00047574918985499,9.21284046917704e-05,0.000768033081694308,0.000101833462808639,0,1.61066671919602e-06,0.000107815200491091,1.04497093073876e-05,5.65695791481934e-06,0.00065638502334929,0.00546439167532704,0.000597933690987,0,6.94251994078785e-06,0.00140752640852944,0.000384866954917708,0.000162239675039688,8.43366807296613e-06,7.52877181250662e-05,1.19501623556845e-05,0,1.31690626561489e-07,9.22366845228479e-06,1.27609321221513e-06,3.29700777813064e-07,9.95334916486925e-05,0.000898097899268272,0.000124450580291317,0,1.08132860253722e-06,0.000167584923461508,6.84634686225054e-05,1.4202549571016e-05
"12",0.0031787775219569,0.00230478634597812,0.0492105330820085,0,0.00161921397073904,0.0709745003297625,0.00130166971474976,0.00166366483929512,0.00181325724462675,0.00107273892860363,0.0173956963119349,0,0.00039143402611441,0.0445545759322322,0.00324588531820322,0.00421343211784405,0.00887072489843533,0.0726221309219555,0.00944374393856366,0,0.000161032844939943,0.0104401975715039,0.000972101446846791,0.000605156791736263,0.00493143663165965,0.0356270524112176,0.00413495254394487,0,5.38888939425192e-05,0.00927286865935453,0.00233357240493941,0.00137505527640367,0.000875579846719271,0.00767879754571599,0.00121134712372679,0,1.46230168537011e-05,0.000987849719168763,0.000129133111636716,3.89628114714102e-05,0.000745173277406945,0.00615594662917292,0.00088254504436499,0,8.65454948028995e-06,0.00122880142237542,0.000457026079559291,0.000125951428679245,5.5593159196939e-06,4.02712757700608e-06,8.52922569213603e-05,0,2.83470863747951e-06,0.000124069962550041,2.29175130599306e-06,2.87013310257425e-06,0.000393692110600738,0.000257687441629614,0.00376190376618808,0,8.42400944322347e-05,0.0107878208274202,0.000804014046574193,0.000958984689168316,1.55763154503148e-05,0.000127470682192459,1.65867015080126e-05,0,2.83519455891143e-07,1.83848095591916e-05,1.71799195744241e-06,1.05152076899609e-06,0.00114830299853063,0.00891798708867028,0.000977037941680954,0,1.24631427783158e-05,0.00232286403225208,0.000596677359659857,0.000326704023715309,1.54363940515658e-06,1.35398516123952e-05,2.13665263723346e-06,0,2.57978848142472e-08,1.74357541322317e-06,2.28501410324091e-07,6.81109537792837e-08,0.000182064888926122,0.00156735742444485,0.000217635937243475,0,2.08925993123042e-06,0.000310924075778801,0.000117676926721273,3.07955200666929e-05,2.00185298784305e-05,1.4500312580443e-05,0.000306926742182638,0,1.02061376303991e-05,0.000446747981412378,8.25634692322781e-06,1.03236919726554e-05,0.00151553011129049,0.000915995959866084,0.0143115394044215,0,0.000309320958636269,0.0402033688746291,0.00297468968136086,0.00347366892677249,5.61050393867948e-05,0.000459129830813092,5.97454798322576e-05,0,1.02131262511869e-06,6.62347830314504e-05,6.19099276679444e-06,3.78434885215589e-06,0.00432760247593902,0.0318600045518671,0.00366300463717406,0,4.60647719526023e-05,0.00851565565421866,0.00214642050007364,0.00116844178822293,5.5617190822334e-06,4.87845338228766e-05,7.69861477098832e-06,0,9.29490271697971e-08,6.28260677282607e-06,8.23506757193444e-07,2.45240629011659e-07,0.000671260275538052,0.00560927073926462,0.000799699106267523,0,7.63441399532065e-06,0.00113233613439288,0.000422908780516487,0.000110265720845306,3.23703720133569e-05,2.3470229843739e-05,0.000501114514324787,0,1.64795735273242e-05,0.000722749792424145,1.32554057307999e-05,1.69380373455711e-05,0.000202825360322393,0.000142255734079646,0.00188418965363029,0,4.02076638346412e-05,0.00641565465304812,0.000496489121660549,0.000500264216137862,9.03337084370959e-05,0.000739535885267336,9.61689739119154e-05,0,1.63939595074688e-06,0.000106316799271526,9.89938823297356e-06,6.1615777805503e-06,0.000654623021369013,0.0053411540905729,0.000567500143953964,0,6.86502185261586e-06,0.00144118052341875,0.000375053121829682,0.000180778584496632,8.91641938271845e-06,7.81966326174648e-05,1.23356988923651e-05,0,1.48890644850308e-07,1.00597366255303e-05,1.31503075697379e-06,3.96734277583992e-07,0.000109567109147959,0.000970438738803616,0.000132448973903564,0,1.21951184656918e-06,0.000194776104132918,7.47294512066525e-05,1.78976656517515e-05
"13",0.00303714973338008,0.00216269598318473,0.0441821449808492,0,0.00154677055116811,0.0653029928187743,0.00118107190074023,0.00172387153572402,0.00171627189622793,0.000981751878706346,0.0151962135298401,0,0.000352609520017008,0.0404707026339271,0.00291124311100487,0.00436350455841911,0.00866547150004041,0.0697105840206361,0.0088944082044278,0,0.000162449987733332,0.0102170127142049,0.000919744445243209,0.000652041976772177,0.00480412090777355,0.0337660426383845,0.00382457386694016,0,5.18740091916516e-05,0.00911371907734004,0.00220020084947632,0.00148847401150967,0.000912289534896772,0.00786816206021798,0.00123345885220545,0,1.61346081326735e-05,0.0010533104070226,0.000131235216449481,4.56526995574807e-05,0.000784549274686781,0.00634269101621897,0.000897475288839376,0,9.26281610954495e-06,0.00134125993502685,0.000472848578974439,0.000150326425051379,5.32088467504473e-06,3.78496054031998e-06,7.66572205070612e-05,0,2.7129702015738e-06,0.000114344763207303,2.08317890620566e-06,2.97604442748477e-06,0.000372974077248885,0.000237578927278347,0.00328816632450736,0,7.59068693198354e-05,0.00987775884026462,0.000726997523695006,0.000995877564656378,1.52472424929067e-05,0.000122603533252758,1.56540761251053e-05,0,2.86698590583324e-07,1.80338807736576e-05,1.6292630468996e-06,1.13435541092583e-06,0.0011240794963307,0.00853541341227048,0.000909809433246408,0,1.20638513185781e-05,0.00230747146355243,0.000568596570865091,0.000355570842750944,1.61247243813879e-06,1.3909325863495e-05,2.18137922845468e-06,0,2.85440822747964e-08,1.86436891408911e-06,2.32906984550445e-07,7.99524188134395e-08,0.000193423152115227,0.00163385276048345,0.000223638317432977,0,2.25740406049447e-06,0.000343600314065775,0.000123300928248452,3.70560127206984e-05,1.91626331309832e-05,1.36301265101132e-05,0.00027587804724645,0,9.76907501718358e-06,0.000411784466799252,7.5060065627378e-06,1.07052284382907e-05,0.00144318406018057,0.000844606419290604,0.0125622189289476,0,0.000279185737635016,0.036939200206722,0.00269838772248927,0.00361043325479861,5.49286060832963e-05,0.000441668200532791,5.63952642929715e-05,0,1.03294137605655e-06,6.49822595945466e-05,5.87230594923063e-06,4.08284689477566e-06,0.00425375908286897,0.0305149974073678,0.00342266990216534,0,4.46928115637083e-05,0.00847733527066004,0.0020481047651133,0.00127225129695132,5.81086605889839e-06,5.01256333996166e-05,7.86135544271341e-06,0,1.02864456206534e-07,6.71930851462129e-06,8.3957224566102e-07,2.87917575312972e-07,0.000714903041042314,0.00585193345265495,0.000823363197693187,0,8.26118335080734e-06,0.00125328363179238,0.000443594039940686,0.000132751105703337,3.09289593811075e-05,2.20238664198643e-05,0.000449921309874395,0,1.57417764494584e-05,0.000665012735642245,1.20276262304426e-05,1.7551143839231e-05,0.000193708810206454,0.000132700705393904,0.00165662584804662,0,3.63331627359547e-05,0.00597414857091348,0.000456458164691745,0.000522813250982898,8.82459325033162e-05,0.000709905704369249,9.05773406448179e-05,0,1.6538063498514e-06,0.000104046886387612,9.36647007014084e-06,6.63903221403558e-06,0.000649571281193826,0.00519661492175525,0.000536856739200706,0,6.73247992330904e-06,0.00145993745344041,0.000364046813818211,0.000198783230840587,9.29051285729038e-06,8.01272779585603e-05,1.25612290495379e-05,0,1.6428210031767e-07,1.07266620335769e-05,1.33647650301232e-06,4.64860969859673e-07,0.000118536766749088,0.00103168265287821,0.000138804620040395,0,1.34183490010076e-06,0.000219988681647843,8.00078665691487e-05,2.18563003287064e-05
"14",0.00290208237185962,0.00203037907232423,0.0397981322113809,0,0.00147722822271894,0.0601293949373461,0.00107443839073681,0.0017786424484704,0.00162509519782682,0.000899086674423505,0.0133268285460629,0,0.000318111857287496,0.0367633380799697,0.00261614334995956,0.00449836482341674,0.0084403235949869,0.0667564042750338,0.00836018589599111,0,0.000162710832611851,0.0099388154987493,0.0008694116076988,0.0006963613790911,0.00466399065510004,0.031906471864841,0.00353036857679675,0,4.96286604490281e-05,0.00888875101876178,0.00206996065517409,0.00159517896041691,0.000939561400405401,0.00797597190131959,0.00124246688973449,0,1.74644295185526e-05,0.00110355157575387,0.000131943989545451,5.23787182860627e-05,0.000815263486499509,0.00645659904348263,0.000902246829793036,0,9.73095799872563e-06,0.00143337459192062,0.000482555973575619,0.000175201830473487,5.09283008930506e-06,3.55891981844797e-06,6.91198418263264e-05,0,2.59571930613942e-06,0.00010545397394128,1.89836836109113e-06,3.07256020271147e-06,0.000353473951683082,0.000219155496472538,0.00288528925068853,0,6.84994299077265e-05,0.00904346854596841,0.000658476640699035,0.00102929653762361,1.48806411512446e-05,0.000117633057727392,1.47431509536993e-05,0,2.87824655533729e-07,1.75824663407993e-05,1.54354320658207e-06,1.21283236528664e-06,0.00109636052588669,0.00814267169906131,0.000845378977336197,0,1.16044676971985e-05,0.00227397448433028,0.000540462763618967,0.000383012776515054,1.66477872401841e-06,1.41348441115582e-05,2.2029056255087e-06,0,3.09801557108495e-08,1.95862750916679e-06,2.34827515338168e-07,9.1891616365822e-08,0.000202764234437707,0.00168215145799861,0.000227132998795901,0,2.39364158423443e-06,0.000371623424350314,0.000127376236326838,4.35243747541742e-05,1.83437931362838e-05,1.28177355661904e-05,0.000248773538517487,0,9.34802061578227e-06,0.000379815229499733,6.84104032674587e-06,1.10529659636489e-05,0.00137468562508012,0.000779218194337908,0.0110690069198327,0,0.000252344917953289,0.0339364587852516,0.00245196054310316,0.00373471990815812,5.36162859321851e-05,0.000423826504475134,5.31218653848487e-05,0,1.03716979818914e-06,6.33667352362569e-05,5.56430751236097e-06,4.36569084190898e-06,0.00416587660301117,0.0291334397554948,0.0031911073962863,0,4.30897892872402e-05,0.0083723490730016,0.00194946101623336,0.00137107108899284,6.00050099067304e-06,5.09480338760623e-05,7.94048209967307e-06,0,1.11665317973087e-07,7.06049065616411e-06,8.46676851971791e-07,3.30956030507651e-07,0.00075128262613684,0.00603018367882097,0.000837856702023017,0,8.77281639915531e-06,0.00135767100201956,0.000458777770499187,0.000156008837262987,2.95542769218316e-05,2.06769551839689e-05,0.000405287554907537,0,1.50335427585217e-05,0.000612343184235688,1.09419913701898e-05,1.81089102482153e-05,0.000185036049720944,0.000123815493324036,0.00146200564975383,0,3.28766686777905e-05,0.00556015775020169,0.000420161256745935,0.000543578511869113,8.59554268055171e-05,0.000679839652659978,8.51393048000376e-05,0,1.65644426645762e-06,0.000101216585075641,8.85413451759356e-06,7.09037041185759e-06,0.000641916499354823,0.00503694181167955,0.000506564184544362,0,6.55907047497654e-06,0.00146622818572154,0.000352211009581816,0.000216211412115368,9.5685106845663e-06,8.12274621494655e-05,1.26533212093845e-05,0,1.77822869883217e-07,1.12386270336897e-05,1.34373327100346e-06,5.33357573603184e-07,0.000126460980506383,0.00108252432714522,0.000143684551810229,0,1.44815666431985e-06,0.000242972136558427,8.43759272689135e-05,2.60335410689228e-05
"15",0.00277355733530231,0.00190721575683994,0.0359553887639685,0,0.00141069852872588,0.055408487802524,0.000979664611443086,0.00182858214293466,0.00153946961965255,0.000823961062417577,0.0117286340501513,0,0.000287409853688836,0.0334006247852124,0.00235482214298311,0.00461975417244836,0.00820192475051781,0.0638078185393484,0.00784600916589956,0,0.000162024478514421,0.00962158468474795,0.000821274311055631,0.000738226919283521,0.00451539249984726,0.030076402019463,0.00325377053705494,0,4.72468154776725e-05,0.00861529584131684,0.00194396988960935,0.0016953891780505,0.000958543988536137,0.00801499618998874,0.00124063576535873,0,1.86145332339299e-05,0.00114009760137319,0.000131526521767563,5.9083456044573e-05,0.000838176297189226,0.00650811616891081,0.00089865824202119,0,1.00718483467917e-05,0.00150623462557488,0.000487121659400785,0.000200312593640915,4.87523330302864e-06,3.34804925163419e-06,6.25055123828879e-05,0,2.48320650000956e-06,9.73242728625762e-05,1.73377891788359e-06,3.16070839940677e-06,0.000335140721008613,0.000202275534906781,0.00254065922637969,0,6.19045428627325e-05,0.00827956208899376,0.000597269615452313,0.00105961204379015,1.44881762710174e-05,0.000112645507375468,1.38630480744779e-05,0,2.87255357889921e-07,1.70584470388826e-05,1.46120192689525e-06,1.28712333555008e-06,0.00106615726583781,0.007747325982236,0.00078419287568913,0,1.11063890609969e-05,0.00222639804029543,0.000512636906550656,0.000409044968937096,1.70247337344098e-06,1.42380637167874e-05,2.20508957493167e-06,0,3.31067879211533e-08,2.0288360441783e-06,2.34721064264933e-07,1.03825486772643e-07,0.000210245946425807,0.00171437658608081,0.000228501162859311,0,2.50019942131699e-06,0.000395083868437392,0.00013010603172813,5.01322860620393e-05,1.75623331142415e-05,1.20597323529611e-05,0.000224986093396134,0,8.94389069311979e-06,0.000350577860386458,6.24873782964688e-06,1.13705977146415e-05,0.00130992372474178,0.000719323456346197,0.00978695107526196,0,0.000228402541598172,0.0311776714653601,0.00223127427702468,0.00384783103102103,5.22100915078378e-05,0.00040591582561764,4.99582652936276e-05,0,1.03528372610202e-06,6.14885792617838e-05,5.26834671905477e-06,4.63349229989327e-06,0.00406765775822574,0.0277419586880928,0.00297014013429823,0,4.13340500298021e-05,0.00821508967662381,0.00185175933826156,0.0014649475659251,6.13749349364047e-06,5.13295279364177e-05,7.94985658077308e-06,0,1.19353291939056e-07,7.31505014432045e-06,8.46467364892181e-07,3.73984190599783e-07,0.000780931503328058,0.00615146928554619,0.000844536783583017,0,9.17698340544161e-06,0.00144575437921218,0.000469173785510582,0.000179796246433141,2.82461462541643e-05,1.94231919378282e-05,0.000366163740865359,0,1.43560058259228e-05,0.000564281049005558,9.97707992619266e-06,1.86174904323368e-05,0.000176800257278897,0.000115558379876616,0.00129460022001733,0,2.97887461960977e-05,0.00517286019843654,0.000387133677073397,0.00056271965333635,8.35298360092272e-05,0.000649828865860202,7.99051121083996e-05,0,1.64943862007595e-06,9.79885836086025e-05,8.36412916614733e-06,7.51673065366288e-06,0.000632202684359229,0.00486687558322572,0.000476996923757314,0,6.35596418822025e-06,0.00146210347888507,0.00033982173709412,0.000233034650095601,9.76210189116689e-06,8.16271605619196e-05,1.26350268990346e-05,0,1.89533799031579e-07,1.16111429674802e-05,1.3395200232539e-06,6.0163940650852e-07,0.000133372582429348,0.00112370409333293,0.000147246671157895,0,1.53881860163559e-06,0.000263588685498122,8.79094020900144e-05,3.03881434952353e-05
"16",0.00265143875327825,0.00179258037515539,0.0325710256320109,0,0.00134720529597561,0.0510983546187762,0.000895066924723087,0.0018742093588447,0.00145910030808106,0.000755654355021514,0.0103551259897369,0,0.000260040930883317,0.0303520065445603,0.00212263489243324,0.00472917443953395,0.00795536475312207,0.0608993263183981,0.00735485585385189,0,0.00016056656105441,0.00927782614484665,0.000775416057893045,0.000777754774593939,0.00436166766439605,0.0282953091828423,0.00299528987186591,0,4.47990575142006e-05,0.00830720923015048,0.00182295505887983,0.00178936117019042,0.000970298722137449,0.00799646923831445,0.00122992874814801,0,1.95911683884162e-05,0.0011645041781813,0.000130203866563424,6.57207697112005e-05,0.000854124969581062,0.0065066725386935,0.000888263044546873,0,1.02991157536686e-05,0.00156126835419829,0.000487386626190908,0.000225437015651437,4.66795943359683e-06,3.1513660315625e-06,5.66737399777762e-05,0,2.37552528359685e-06,8.98872206674984e-05,1.58657473429961e-06,3.24137282912697e-06,0.000317914742976763,0.000186805701025097,0.00224431417120014,0,5.60235275423143e-05,0.00758065519422966,0.000542421861460609,0.0010871462083509,1.40788486510279e-05,0.00010770333877131,1.30194611488669e-05,0,2.85292777762169e-07,1.64837865703846e-05,1.38244681701146e-06,1.35741058842473e-06,0.00103426083139043,0.0073549381634941,0.000726478143372301,0,1.0585956528563e-05,0.00216804331219504,0.000485379411895462,0.000433695829774986,1.72734201723855e-06,1.4238171687108e-05,2.19129851620898e-06,0,3.493234767906e-08,2.07757553686327e-06,2.32969302592777e-07,1.1567037388766e-07,0.000216029488304308,0.00173251655354995,0.000228080357257752,0,2.5796257226501e-06,0.000414181862792372,0.000131671784718712,5.68206172689238e-05,1.68177957400786e-05,1.13526090062989e-05,0.000204011087388278,0,8.55703515949729e-06,0.000323827285305503,5.71891822554715e-06,1.1661299431489e-05,0.00124874631738151,0.000664444658049307,0.00868047006974142,0,0.000207012411454709,0.0286451125236618,0.00203299578523355,0.00395090026822951,5.07424580344781e-05,0.0003881616297714,4.69250990514305e-05,0,1.02836947827988e-06,5.94268992395849e-05,4.98518780329484e-06,4.88690175547279e-06,0.00396202318531705,0.0263601256017553,0.00276077438477887,0,3.94857854739397e-05,0.00801739897544058,0.00175591872254373,0.0015539738175494,6.22825326495768e-06,5.13390723070525e-05,7.90158537259346e-06,0,1.25957825368883e-07,7.49224156429693e-06,8.40316651039742e-07,4.16700030904747e-07,0.000804400328467507,0.00622276105795459,0.000844609861198984,0,9.48258527481145e-06,0.00151818984330192,0.000475419045217064,0.000203902883609009,2.70031894801043e-05,1.82562125835151e-05,0.000331706142039996,0,1.37094062292075e-05,0.000520399816621523,9.11575497956973e-06,1.90821646992229e-05,0.000168988259589172,0.00010788729581231,0.00114986698571432,0,2.70260312391379e-05,0.00481115493057759,0.000356999437225564,0.000580378072686556,8.10209875824308e-05,0.000620224724743996,7.49051095862775e-05,0,1.63457766008899e-06,9.44902185082432e-05,7.89730674778097e-06,7.91929468687605e-06,0.000620871896063565,0.00469014011832549,0.000448405243347607,0,6.13200310171177e-06,0.00144932652803961,0.000327096286495238,0.00024923529210143,9.88208957344023e-06,8.14407321471941e-05,1.25263320909959e-05,0,1.9947847597131e-07,1.18600420881438e-05,1.32608717362118e-06,6.69236500802933e-07,0.000139315245142788,0.00115598828351614,0.000149639640365371,0,1.61447689586839e-06,0.000281786862945382,9.06818840502806e-05,3.48824412422767e-05
"17",0.00253551832828745,0.00168586306944026,0.0295776406818041,0,0.00128671438959049,0.0471605951646756,0.000819272513339713,0.0019159728547608,0.00138367778280592,0.000693509347354789,0.00916916769731546,0,0.000235602892541904,0.0275887948655853,0.00191576066818637,0.00482793049255667,0.0077045527817617,0.0580553383203178,0.00688834067359082,0,0.000158484589898987,0.00891731914427244,0.000731859877948422,0.000815062296238062,0.00420538924254139,0.0265763877662974,0.0027548318579209,0,4.2338060929854e-05,0.00797555740804167,0.00170736330999467,0.00187737449271599,0.000975792851080829,0.00793019816778227,0.00121203468332405,0,2.04033098398452e-05,0.00117828472052242,0.000128160057887045,7.22538975374398e-05,0.000863905382761107,0.00646069087794711,0.000872394256357639,0,1.04263348402549e-05,0.00160007489564221,0.000484078868874496,0.000250390925205811,4.47073705081871e-06,2.96790042831136e-06,5.1510180510894e-05,0,2.27266374894084e-06,8.30797726695629e-05,1.45444031116154e-06,3.31531959494173e-06,0.000301732711575326,0.000172622250534736,0.00198829499243474,0,5.07705282897217e-05,0.00694153816472345,0.000493144969397298,0.00111218125358636,1.36596268228365e-05,0.000102851426571958,1.22156729085854e-05,0,2.82191994797463e-07,1.58757808026068e-05,1.30737237597107e-06,1.42388120233118e-06,0.0010012924973962,0.00696956942467274,0.000672313624023494,0,1.0055600587018e-05,0.00210161874527144,0.000458876630226273,0.000457003273454145,1.7410245496058e-06,1.41520271309931e-05,2.16444812173077e-06,0,3.6470330325455e-08,2.10738885830978e-06,2.2989214474602e-07,1.27358885767386e-07,0.000220274065106753,0.00173840695600849,0.000226167297276704,0,2.63458939352196e-06,0.000429185675334575,0.000132235643016342,6.35384548801862e-05,1.61092293442422e-05,1.06929007577188e-05,0.000185437787226386,0,8.18742337876141e-06,0.000299337646002413,5.24326787770775e-06,1.19278243248589e-05,0.00119097970922822,0.000614139096633501,0.00772107203584584,0,0.000187872442293023,0.0263214529359014,0.00185437527357695,0.00404492225048598,4.92385124300888e-05,0.000370726095602033,4.40343135658532e-05,0,1.0173447264842e-06,5.72440236467748e-05,4.71518578086384e-06,5.12658777130233e-06,0.003851287754987,0.0250022308036342,0.00256345796925531,0,3.75910940925744e-05,0.00778902686339323,0.00166259983028003,0.00163827652902912,6.2786704830601e-06,5.1037288219432e-05,7.80615608908182e-06,0,1.3152692092349e-07,7.60119198515629e-06,8.29376033685275e-07,4.58860046803632e-07,0.000822237940929566,0.00625049195965353,0.000839140271959099,0,9.6990219495217e-06,0.00157588456095564,0.000478082545321372,0.00022814709049268,2.58232908252258e-05,1.71698132135126e-05,0.000301228669128202,0,1.30933946255165e-05,0.000480308739499374,8.34404330232433e-06,1.95075010730481e-05,0.000161583180764974,0.000100761174997342,0.00102416205813574,0,2.45505761494986e-05,0.00447378704933015,0.000329446056146605,0.000596679988620474,7.84686902999727e-05,0.000591275894126264,7.0155763995836e-05,0,1.61336328796961e-06,9.08210701803525e-05,7.4539040850371e-06,8.29925633081783e-06,0.000608285685798214,0.00450966953508865,0.000420950565634928,0,5.89418416937371e-06,0.00142941401474919,0.000314206967165142,0.000264804288774688,9.93831895426632e-06,8.07680132848063e-05,1.23444300847405e-05,0,2.07748250286595e-07,1.20007279413541e-05,1.30530835158965e-06,7.35774396711987e-07,0.000144339644276098,0.00118014367436405,0.000151001584283254,0,1.67598608109564e-06,0.00029757831901337,9.27641887143678e-05,3.94822228011201e-05
"18",0.00242554524350431,0.00158648179601861,0.0269198730203964,0,0.00122915384054394,0.0435602858067183,0.000751145858008598,0.00195426350465146,0.00131289187182611,0.000636930550099955,0.00814080224410757,0,0.000213746130506246,0.0250844135409328,0.00173100767939218,0.00491716266492955,0.00745249205375126,0.0552927942653274,0.00644712786662178,0,0.000155902436725202,0.00854769327533699,0.000690586342355348,0.000850265845019531,0.0040485374952396,0.0249282088662869,0.0025319118220961,0,3.99027397228874e-05,0.00762915883128575,0.00159743838647847,0.0019597212663059,0.000975899035861042,0.00782469406826426,0.00118839754236499,0,2.10615927484366e-05,0.00118286759833968,0.000125548377671349,7.86538915232947e-05,0.000868261938112023,0.00637763297878959,0.00085218957695897,0,1.04665341002257e-05,0.00162431412407364,0.000477828126890286,0.000275022613609561,4.28321102627047e-06,2.79671862182198e-06,4.69208322501982e-05,0,2.17453971690307e-06,7.68443267157406e-05,1.33545752056424e-06,3.38321729141214e-06,0.00028653072745192,0.000159611391438023,0.00176617835528229,0,4.60708708164484e-05,0.00635726856050074,0.000448777001028768,0.00113496589720896,1.32359131554345e-05,9.81215481846714e-05,1.14532685445365e-05,0,2.78168390362817e-07,1.52480275149265e-05,1.23599227843804e-06,1.48672295739274e-06,0.000967741010419621,0.0065941460802967,0.000621678559041537,0,9.52471491974866e-06,0.00202934533458002,0.000433259013659268,0.000479011879116554,1.74501097176952e-06,1.39943532046473e-05,2.12704721011324e-06,0,3.77374852930358e-08,2.12070033913372e-06,2.25757857485055e-07,1.38837269191355e-07,0.00022313345928761,0.00173372457498951,0.00022302134316123,0,2.66775046418382e-06,0.000440402929894328,0.000131942193308923,7.02422145923802e-05,1.54353783440421e-05,1.00772686370428e-05,0.000168928507195341,0,7.83477065528776e-06,0.000276902504873094,4.81489910307526e-06,1.21725755463849e-05,0.0011364408293505,0.000568000053285165,0.00688570899386425,0,0.000170719187505925,0.0241901240980177,0.00169310545551827,0.00413077495911422,4.771774763742e-05,0.000353724236150205,4.12917339341627e-05,0,1.00298464150434e-06,5.4988982741763e-05,4.45840289748964e-06,5.35322210088948e-06,0.00373729173269035,0.0236785761660082,0.00237825764392835,0,3.56850873078502e-05,0.00753799991783709,0.0015722683441817,0.00171800609575867,6.29409990685054e-06,5.04771422888761e-05,7.67259733357331e-06,0,1.36120391990916e-07,7.65060996898678e-06,8.14611461378725e-07,5.00269832449005e-07,0.00083497842764938,0.00624053822653777,0.000829061661158415,0,9.83571633502575e-06,0.00161989413307921,0.000477671768045336,0.000252372895638357,2.47039011614204e-05,1.61580724735763e-05,0.000274167797335278,0,1.25072366382919e-05,0.000443652434238668,7.6503869681204e-06,1.98974784142225e-05,0.000154566160909246,9.41407198072817e-05,0.000914532619167228,0,2.23292012053616e-05,0.0041594286176352,0.000304208657056274,0.000611738747356221,7.59035298700922e-05,0.000563154971477691,6.56638628978514e-05,0,1.58705674206702e-06,8.70588351434589e-05,7.03372550914726e-06,8.65779943053447e-06,0.000594741217144133,0.00432777746101172,0.000394730261879745,0,5.6480350419259e-06,0.0014036707816515,0.000301290641933561,0.00027973944054921,9.93967298813526e-06,7.96956514428254e-05,1.2104022057795e-05,0,2.14451383630693e-07,1.20477397065776e-05,1.27874418583974e-06,8.00958187284485e-07,0.000148500673342531,0.00119692038034546,0.000151459628764042,0,1.72431694254033e-06,0.000311020666678035,9.42237756200369e-05,4.4156577162449e-05
"19",0.00232124601838389,0.00149388847161625,0.0245518468904296,0,0.00117442761013201,0.0402658083991348,0.000689736534110439,0.00198942373333786,0.00124644013078242,0.000585380546152865,0.00724564738279109,0,0.000194166573685966,0.0228144592344461,0.00156567767222255,0.00499787219706588,0.00720148487234341,0.052623071666387,0.00603122237435344,0,0.000152924099337481,0.00817487652157451,0.000651546693165768,0.00088347929624134,0.00389263141613965,0.023355930626442,0.00232580134564895,0,3.75214156394924e-05,0.00727501381859095,0.00149327537847696,0.00203669851346591,0.000971398733009259,0.00768730836624595,0.00116024566032935,0,2.15775475600061e-05,0.00117957301301811,0.000122496502349435,8.48983121431841e-05,0.000867882748271329,0.00626406631043478,0.00082861550085723,0,1.04319127548059e-05,0.0016356340531034,0.000469178430323867,0.00029920841651888,4.10497796984975e-06,2.63693510800605e-06,4.28277276420075e-05,0,2.08102493271913e-06,7.1128524096784e-05,1.22801834972794e-06,3.44565276901128e-06,0.000272246171960297,0.000147669095610545,0.00157273379781718,0,4.18595715684002e-05,0.00582321706432915,0.000408755064963738,0.00115572036314703,1.28118927663344e-05,9.35356652917542e-05,1.07326415864791e-05,0,2.73403807891626e-07,1.46111825097707e-05,1.1682630650091e-06,1.54612142994196e-06,0.000933990772641149,0.00623073072906987,0.000574486162269376,0,9.00032866124955e-06,0.00195304150521122,0.000408614433636362,0.000499770726278505,1.74064437548198e-06,1.37779452613431e-05,2.0812434782644e-06,0,3.87524559874932e-08,2.11977009141776e-06,2.20791427436639e-07,1.50063209501954e-07,0.000224753922714916,0.0017199888773286,0.000218868181733782,0,2.68167831708029e-06,0.000448160445437523,0.000130920075131479,7.68948355276452e-05,1.47948110263288e-05,9.5025445927454e-06,0.000154203141586277,0,7.49862537749686e-06,0.000256334155537284,4.42803709566271e-06,1.23976627479477e-05,0.00108494501331895,0.000525656020138872,0.00615556820643006,0,0.000155322818876984,0.0222355095469462,0.00154722461746094,0.00420923719072618,4.61952762308082e-05,0.000337235698476988,3.86988839654233e-05,0,9.85943961229932e-07,5.27002234328066e-05,4.21469411579715e-06,5.56746914920437e-06,0.00362150001505747,0.0223964315836804,0.00220498249683353,0,3.37942861349656e-05,0.00727091873185637,0.00148524133975511,0.0017933290865361,6.27937081508512e-06,4.97046876599247e-05,7.50864188073748e-06,0,1.3980495940519e-07,7.6486196733522e-06,7.96833463298964e-07,5.40776181727762e-07,0.000843132968197507,0.00619822608866113,0.000815189334430696,0,9.90181139985889e-06,0.00165135022994601,0.000474638500268578,0.000276447202272395,2.36422401934474e-05,1.52154142143927e-05,0.000250056548698344,0,1.19499529728572e-05,0.000410109144314906,7.02511199772015e-06,2.02555824533506e-05,0.000147917474809179,8.79888032889735e-05,0.000818564277413723,0,2.03328921241279e-05,0.00386673145230708,0.00028105927108488,0.000625656609788877,7.33489561517228e-05,0.000535977918301836,6.1429479069118e-05,0,1.55671691667676e-06,8.3263886681564e-05,6.63627654339954e-06,8.99608262511622e-06,0.000580483613946374,0.00414628545037718,0.000369795382224943,0,5.39790876706926e-06,0.00137321899154816,0.00028845586855792,0.00029404399547437,9.89410669438123e-06,7.82984921879972e-05,1.18176144926482e-05,0,2.19705259509671e-07,1.20145165158729e-05,1.24769467656725e-06,8.64559232890028e-07,0.000151855412284971,0.00120704063366779,0.000151129957667154,0,1.76049868025652e-06,0.000322204408811624,9.51243858988734e-05,4.88777194340879e-05
"20",0.00222233771126741,0.00140757153209201,0.0224352448545566,0,0.00112242507306243,0.0372486162524443,0.000634241169970863,0.00202175501271147,0.00118403275415837,0.000538375504212517,0.00646369915984147,0,0.000176599466649955,0.0207566565245355,0.00141746797676053,0.00507094162843879,0.0069532876474154,0.0500533940299712,0.00564017708375203,0,0.000149636853054745,0.00780344599049257,0.000614672313667807,0.000914813027379175,0.00373882880235689,0.0218621918807164,0.00213562829294192,0,3.52142515735084e-05,0.00691864829186227,0.00139486092021347,0.0021086025677058,0.000962987654272587,0.00752436505498821,0.00112861917678068,0,2.19630546679086e-05,0.0011696027329109,0.00011911070706496,9.0970137387013e-05,0.000863398197244084,0.00612573914845421,0.000802489482735925,0,1.03336940035176e-05,0.00163562390964712,0.000458598906921275,0.000322848852780135,3.93561008723834e-06,2.48771864392576e-06,3.91656846189379e-05,0,1.99196187326652e-06,6.58849247549379e-05,1.13076134896251e-06,3.50314366796101e-06,0.000258818817609508,0.000136700617828832,0.00140366808243179,0,3.80800201912887e-05,0.00533508480936541,0.000372595666982171,0.00117464039825785,1.23907980635938e-05,8.9108354084872e-05,1.00533559781743e-05,0,2.68051737564869e-07,1.39735538695865e-05,1.1041013701446e-06,1.60225796298641e-06,0.00090034343293334,0.00588072588566044,0.000530607032475489,0,8.48762677323533e-06,0.00187419218791221,0.000384998151014091,0.000519331736395831,1.72912800452774e-06,1.3513877669754e-05,2.02886721358427e-06,0,3.95347969836557e-08,2.10667136897755e-06,2.15181440672659e-07,1.61003980138061e-07,0.000225272953238584,0.00169856790422138,0.000213903427488648,0,2.67880212136831e-06,0.000452790125585735,0.00012928346615286,8.34650490627327e-05,1.41860056552042e-05,8.96575329912927e-06,0.000141027500728502,0,7.17842958742174e-06,0.00023746247655854,4.07779191091294e-06,1.26049470527217e-05,0.00103631088020363,0.000486768903575326,0.00551517016793814,0,0.000141482654201254,0.0204430306437774,0.00141504741633067,0.00428100252415031,4.46827811020961e-05,0.000321313504821301,3.62542897421639e-05,0,9.66775571524031e-07,5.04077436690121e-05,3.98376931960885e-06,5.76997859547685e-06,0.00350507830557135,0.0211607521178737,0.00204327062972706,0,3.19384819392399e-05,0.00699320004043281,0.00140172195794451,0.00186442246291261,6.23881175107334e-06,4.87598019654044e-05,7.32088289137135e-06,0,1.42650704928083e-07,7.6026780521975e-06,7.76721790564121e-07,5.80260441461619e-07,0.000847184904537081,0.00612835334953543,0.00079823250065232,0,9.90598416410803e-06,0.00167140970735478,0.000469384122341438,0.000300257242046236,2.2635430912222e-05,1.43366336101981e-05,0.000228504879734997,0,1.14204159486861e-05,0.000379388361359394,6.46004115110701e-06,2.05848820873179e-05,0.000141617257966518,8.22706465866007e-05,0.000734267026397044,0,1.85362585655657e-05,0.00359436146010992,0.000259799365192182,0.000638526176554677,7.08228611656829e-05,0.000509818395995017,5.74480805592392e-05,0,1.52323244474487e-06,7.94828448925451e-05,6.26086033503449e-06,9.3152290316168e-06,0.000565715569828007,0.00396662191764194,0.000346163494755026,0,5.14721645036569e-06,0.00133902288583096,0.000275788379337782,0.000307725516871298,9.80870262245275e-06,7.6640924313784e-05,1.14957983620335e-05,0,2.23630829885483e-07,1.19132927239276e-05,1.21324198027726e-06,9.26404056666189e-07,0.000154461635414719,0.00121119160158734,0.000150118168029438,0,1.78557827116602e-06,0.000331242914468754,9.55258386579589e-05,5.36208046579895e-05
"21",0.00212853666111284,0.00132705631262641,0.0205378346091332,0,0.00107302757663681,0.0344829764248837,0.000583975012274627,0.00205152390846121,0.00112539524261102,0.000495480436090715,0.00577842756950975,0,0.000160813958048995,0.0188907547572353,0.00128439847875435,0.00513715142508852,0.0067092293499603,0.0475878797687726,0.00527324122153195,0,0.000146113888455621,0.00743690409304394,0.000579881615226249,0.000944373256820536,0.00358800321742419,0.0204477778925694,0.00196044531152765,0,3.29951298156239e-05,0.00656439059469346,0.00130210311815558,0.00217572502549138,0.000951282252753327,0.00734128428303916,0.00109439505053238,0,2.22299602215691e-05,0.0011540380149125,0.000115479330928039,9.68568484472281e-05,0.000855381661320005,0.00596765779219156,0.000774499882720158,0,1.01820665694127e-05,0.0016257849250941,0.000446493159541583,0.000345865246670148,3.77467123081849e-06,2.34829420034953e-06,3.58798217517902e-05,0,1.90717548815147e-06,6.10706276211449e-05,1.04252413957874e-06,3.55614853787272e-06,0.000246191447966956,0.000126619870790531,0.0012554318979777,0,3.46828319578651e-05,0.00488890345924767,0.000339880155421957,0.00119190055280292,1.19751115103806e-05,8.48486229955832e-05,9.41440696509171e-06,0,2.62241677069977e-07,1.33415718154696e-05,1.04339656856043e-06,1.65530827969978e-06,0.000867034623159311,0.00554502854548398,0.000489885559609446,0,7.99035502255322e-06,0.00179400542304659,0.000362440404497521,0.000537748399592365,1.71153451381014e-06,1.32117003942502e-05,1.97147167596827e-06,0,4.01042701273087e-08,2.08328284723287e-06,2.09085789109176e-07,1.71634882234172e-07,0.000224818675628035,0.00167068669638848,0.000208296014810414,0,2.66138291418098e-06,0.00045461917387297,0.000127133448129782,8.99267163494896e-05,1.36074084711165e-05,8.46411953849587e-06,0.000129204389229638,0,6.87356132279371e-06,0.000220133583932661,3.75998807495716e-06,1.27960773666119e-05,0.000990363309935944,0.000451031729405923,0.00495168585506832,0,0.000129023238538184,0.0187991671714405,0.00129511379796876,0.00434669070581397,4.31892443089865e-05,0.000305990592762047,3.39544193289296e-05,0,9.45946140389973e-07,4.81347805670509e-05,3.76523900661099e-06,5.96138033886766e-06,0.00338895230023732,0.0199747215015863,0.001892650424218,0,3.01321890538391e-05,0.00670927530670185,0.00132182577528291,0.00193146913446425,6.17628328889687e-06,4.76768897511078e-05,7.11491838562624e-06,0,1.44728528196906e-07,7.51954593915449e-06,7.5484586568346e-07,6.18632903842568e-07,0.000847587030710359,0.00603521945380712,0.000778805907729576,0,9.85633854461551e-06,0.00168121909316612,0.00046226442720771,0.000323708271300825,2.16805886308482e-05,1.35169010894776e-05,0.000209184686419767,0,1.091741626651e-05,0.000351228204773088,5.94820450966363e-06,2.08880909223418e-05,0.000135645972529442,7.6953857969464e-05,0.000659988825078277,0,1.69170565388248e-05,0.00334102068217673,0.000240254428417867,0.000650431551020957,6.83387849089231e-05,0.000484718444384488,5.37120416338706e-05,0,1.4873485521988e-06,7.57513879476945e-05,5.90664778518813e-06,9.61631950383544e-06,0.000550604926828546,0.00378989932961102,0.000323828079395432,0,4.89861204527065e-06,0.00130190993989793,0.000263355370401049,0.000320794962413368,9.68973678982705e-06,7.47781371958575e-05,1.1147503652449e-05,0,2.2634870260757e-07,1.17550765494996e-05,1.17628567536647e-06,9.86365037624343e-07,0.000156376717327384,0.0012100210682809,0.000148519798512158,0,1.80059208292292e-06,0.000338264698742684,9.54839425228062e-05,5.83637358168331e-05
"22",0.00203956420760014,0.00125190413096648,0.0188323282985716,0,0.00102611297824214,0.0319457104060654,0.00053835022873883,0.00207896702075081,0.00107026963461357,0.000456304524292898,0.00517608437051365,0,0.000146608432073095,0.0171983953026518,0.0011647557400675,0.00519719372657993,0.00647030286389653,0.0452283297479595,0.00492946699210501,0,0.000142416520451191,0.00707789714992046,0.000547085051586616,0.000972261638214607,0.00344080374019075,0.0191121197876924,0.00179927655897838,0,3.08731075689519e-05,0.00621559556770737,0.00121485403822904,0.00223834985739578,0.000936826581866108,0.00714269520886855,0.00105830943670434,0,2.23898105576685e-05,0.00113384264033321,0.000111675652532685,0.000102549661989164,0.00084435158625332,0.00579416206131376,0.000745223670393812,0,9.98618295188795e-06,0.00160751340912225,0.00043320747161659,0.000368196773121889,3.62172762868972e-06,2.21794247742363e-06,3.29236333815047e-05,0,1.82648142161684e-06,5.66468767248031e-05,9.62307174059781e-07,3.60507511518524e-06,0.000234310161940713,0.000117348743845733,0.00112507186682937,0,3.1624856685216e-05,0.00448102506647609,0.000310243638417259,0.00120765690035113,1.15667225107425e-05,8.07612836661253e-05,8.81440991532655e-06,0,2.56082800462568e-07,1.27201621719695e-05,9.86020084961905e-07,1.70544157029372e-06,0.000834247062272421,0.00522414854311277,0.000452151437786155,0,7.51113656944163e-06,0.00171345900089833,0.000340952255490703,0.000555074798143707,1.68881623001754e-06,1.28796207949705e-05,1.91036960373173e-06,0,4.04803476765311e-08,2.0512904416477e-06,2.02636435256394e-07,1.81937926423738e-07,0.000223509635607854,0.00163743705113051,0.000202191321120924,0,2.63150027975941e-06,0.000453963434729576,0.000124559269141992,9.62582293846982e-05,1.3057472518439e-05,7.99506676347237e-06,0.000118566694574562,0,6.5833642932072e-06,0.000204208429235757,3.47103456509169e-06,1.29725200818311e-05,0.000946935171736418,0.000418166159642011,0.00445441338590039,0,0.000117790943626696,0.0172914384736489,0.00118615022530311,0.00440685707587468,4.17215111518081e-05,0.000291284749647303,3.17943632654724e-05,0,9.23849276331711e-07,4.58991526442043e-05,3.55864795171334e-06,6.14228115553539e-06,0.00327385415178019,0.0188401677199201,0.00175258397577124,0,2.83857840162376e-05,0.00642275453107292,0.00124560110675594,0.0019946545428455,6.09521450096712e-06,4.64855327729231e-05,6.89548196149334e-06,0,1.46108349037388e-07,7.40529363654571e-06,7.31681865894515e-07,6.55828067056115e-07,0.000844760414634805,0.00592265992493821,0.000757440626070636,0,9.76035162621203e-06,0.00168189019631199,0.000453594043787079,0.000346721490095106,2.07748792553496e-05,1.27517530539723e-05,0.000191818193557803,0,1.04397091945993e-05,0.000325392784456387,5.48361863498594e-06,2.11676175596719e-05,0.000129984699427083,7.20083879265007e-05,0.00059434927642307,0,1.54557717977268e-05,0.00310546105447054,0.000222269924520156,0.000661449306519427,6.59068452957051e-05,0.000460696499681916,5.0211728624063e-05,0,1.44968954855795e-06,7.20964773721122e-05,5.57272861460569e-06,9.90038849416554e-06,0.000535290721223616,0.00361697508614536,0.000302765456667917,0,4.65413988978675e-06,0.0012625890270888,0.000251208910046055,0.000333265931384097,9.54274843075389e-06,7.27572690392642e-05,1.0780227065409e-05,0,2.27976436703561e-07,1.1549680813709e-05,1.13757202684311e-06,1.04435259552089e-06,0.000157656836304013,0.00120413515630692,0.000146420950898626,0,1.80654634127777e-06,0.000343407469406921,9.50504968784158e-05,6.30869707049365e-05
"23",0.00195515034922448,0.00118171062911147,0.0172954892038474,0,0.000981558770751949,0.0296159452138523,0.000496859054757429,0.00210429506577413,0.00101841482519923,0.000420496693571096,0.00464516731888996,0,0.000133806499510516,0.0156629665070526,0.00105704931189988,0.00525168384093876,0.0062372360018518,0.0429748224560324,0.00460778629541726,0,0.000138596040351982,0.00672838919087368,0.000516188768348522,0.000998575040858839,0.0032977017212057,0.0178536711796328,0.00165114926379398,0,2.88535484388955e-05,0.00587482668409813,0.00113292669413129,0.00229675139498575,0.000920099128167277,0.00693253750070101,0.00102097745520337,0,2.24536739761285e-05,0.00110986901676996,0.000107760287312091,0.000108042884629737,0.00083077438150766,0.00560899691749045,0.000715141997534083,0,9.75419326327742e-06,0.00158209234876991,0.000419038013638236,0.000389797874439294,3.47635495431822e-06,2.09599797239595e-06,3.02574814587003e-05,0,1.74969176332813e-06,5.25786759151711e-05,8.89245580520583e-07,3.65028716935303e-06,0.000223124475884674,0.000108816416564737,0.00101011595958798,0,2.88683268984811e-05,0.00410810612817949,0.000283366347825883,0.00122204932088743,1.11670497976328e-05,7.6847992136091e-05,8.25173728631442e-06,0,2.49667047672775e-07,1.21130445515374e-05,9.31832258492678e-07,1.75281992794428e-06,0.000802120905325064,0.00491829984098888,0.000417227724986922,0,7.05172038449438e-06,0.00163333906601763,0.00032053012792823,0.000571364860534408,1.66181566662099e-06,1.2524668821022e-05,1.84666574894005e-06,0,4.06818693153772e-08,2.01219504050117e-06,1.95943408713272e-07,1.91900717797816e-07,0.000221454874683005,0.00159978783388667,0.000195714000553078,0,2.59104881033458e-06,0.000451123011589985,0.000121639508405364,0.000102441970783021,1.25346832831594e-05,7.55621040490455e-06,0.000108971971750785,0,6.3071686589732e-06,0.000189561426157462,3.2078237935061e-06,1.31355836466167e-05,0.000905868229904505,0.000387920000785766,0.0040143723050453,0,0.00010765103335853,0.0159083613691724,0.00108703955438039,0.0044620004722142,4.02847303329199e-05,0.000277202361458549,2.97683284874121e-05,0,9.00816612691606e-07,4.3714331846807e-05,3.3635000511512e-06,6.31326261878828e-06,0.00316035927417397,0.0177578830979335,0.00162249787817537,0,2.67064025010847e-05,0.00613656200999293,0.00117304477353721,0.00205416404502007,5.99864042308294e-06,4.52110813887281e-05,6.66655937874356e-06,0,1.46857864113947e-07,7.26532794973677e-06,7.07627058838605e-07,6.91800624468525e-07,0.000839094274543863,0.00579408252965595,0.000734593883598206,0,9.62485594502066e-06,0.00167448383606122,0.000443650499005869,0.000369232165937565,1.99155565594367e-05,1.20370750411573e-05,0.000176168862081924,0,9.98604637995243e-06,0.00030166966912104,5.06111503247035e-06,2.14256071372425e-05,0.000124615313731887,6.74064349672066e-05,0.00053618814886249,0,1.41352587811112e-05,0.00288649254134409,0.000205708183412743,0.000671649303332954,6.35344611000106e-05,0.00043775345411274,4.69362811686168e-05,0,1.41077768321991e-06,6.853812727164e-05,5.25814853357669e-06,1.01684218101744e-05,0.000519888054607348,0.00344849997806567,0.000282939928845439,0,4.41535303871155e-06,0.00122166607432945,0.000239388677585982,0.000345154047225962,9.37260949220581e-06,7.06184396657177e-05,1.04002331868137e-05,0,2.28626727068186e-07,1.13057849192916e-05,1.09771838543539e-06,1.10030861946989e-06,0.00015835640247177,0.00119409750256786,0.000143898953356909,0,1.80440404067554e-06,0.000346813547086903,9.42733599836875e-05,6.77733311671039e-05
"24",0,0,0,0,0,0,0,0,0,0,0,0,0,0,0,0,0,0,0,0,0,0,0,0,0,0,0,0,0,0,0,0,0,0,0,0,0,0,0,0,0,0,0,0,0,0,0,0,0,0,0,0,0,0,0,0,0,0,0,0,0,0,0,0,0,0,0,0,0,0,0,0,0,0,0,0,0,0,0,0,0,0,0,0,0,0,0,0,0,0,0,0,0,0,0,0,0,0,0,0,0,0,0,0,0,0,0,0,0,0,0,0,0,0,0,0,0,0,0,0,0,0,0,0,0,0,0,0,0,0,0,0,0,0,0,0,0,0,0,0,0,0,0,0,0,0,0,0,0,0,0,0,0,0,0,0,0,0,0,0,0,0,0,0,0,0,0,0,0,0,0,0,0,0,0,0,0,0,0,0,0,0,0,0,0,0,0,0,0,0,0,0
