"n_inc_costs_TOTAL_6mo","n_inc_costs_TOTAL_1yr","n_inc_costs_TOTAL_5yr","n_inc_costs_TOTAL_10yr","n_inc_costs_TOTAL_life","n_inc_costs_HEALTH_SECTOR_6mo","n_inc_costs_HEALTH_SECTOR_1yr","n_inc_costs_HEALTH_SECTOR_5yr","n_inc_costs_HEALTH_SECTOR_10yr","n_inc_costs_HEALTH_SECTOR_life","n_inc_qalys_TOTAL_6mo","n_inc_qalys_TOTAL_1yr","n_inc_qalys_TOTAL_5yr","n_inc_qalys_TOTAL_10yr","n_inc_qalys_TOTAL_life","n_inc_costs_TX_6mo","n_inc_costs_TX_1yr","n_inc_costs_TX_5yr","n_inc_costs_TX_10yr","n_inc_costs_TX_life","n_inc_costs_HRU_6mo","n_inc_costs_HRU_1yr","n_inc_costs_HRU_5yr","n_inc_costs_HRU_10yr","n_inc_costs_HRU_life","n_inc_costs_CRIMINAL_6mo","n_inc_costs_CRIMINAL_1yr","n_inc_costs_CRIMINAL_5yr","n_inc_costs_CRIMINAL_10yr","n_inc_costs_CRIMINAL_life"
-5244.35041905825,-7816.8695884185,-13958.5401455863,-15710.1423650797,-17853.8351342868,-1107.78840420577,-1800.14572074944,-3605.41138345053,-3994.83620565857,-4154.16164735667,-0.00183015664190272,-0.00497001396393482,-0.0321603270361934,-0.0576218640170136,-0.106916221451824,-1192.5845270196,-2057.32529437054,-4389.84510271145,-4828.76208229668,-5174.79040956691,84.7900500913474,257.15221413677,784.010148242254,833.11383892475,1019.05359039722,-4136.56201485247,-6016.72386766906,-10353.1287621357,-11715.3061594211,-13699.6734869303
4777.81756453933,7570.85422123462,14376.1315062171,14769.2411949405,13135.9323082643,-1426.9852305665,-2378.66337173355,-4901.72481635865,-5360.5281397041,-5478.27854322465,-0.0108230231674761,-0.0170767199560373,-0.0482823037870106,-0.0752860608517212,-0.133056683355175,-1433.00940974488,-2473.39848736892,-5444.11099237691,-6007.17620537333,-6436.72623617746,6.02238161250375,94.7256622638747,542.198245122709,646.275080130934,957.686520389267,6204.80279510582,9949.51759296817,19277.8563225758,20129.7693346446,18614.2108514889
-2518.04105493297,-3802.18073823952,-5600.10983759629,-6181.54434500274,-9752.74857112649,-910.700478674549,-1480.64386430029,-3288.1560109257,-3900.8780146374,-4288.69263305562,0.00666108297870416,0.00766810418857433,-0.0350506694127164,-0.101486975063483,-0.248484652025587,-1323.09880702317,-2454.13702638156,-6179.23510826955,-7150.65987871662,-8249.18567755712,412.388642276811,973.44767359555,2890.31144398992,3248.26164026379,3957.27378535108,-1607.34057625842,-2321.53687393923,-2311.95382667059,-2280.66633036532,-5464.05593807093
205.268027723924,959.709194720304,4646.02084588472,5296.73720633972,4017.92974935076,-1355.46002061895,-2238.90863784696,-4578.51427561456,-5016.1902781847,-5149.84071589549,0.00278153381933249,0.00212753480950623,-0.0294674064906402,-0.0675728730664478,-0.147881675696523,-1405.40494295568,-2522.33342342555,-5703.39014482548,-6305.08990122804,-6920.39358753653,49.9389075550478,283.395350459199,1124.36372522462,1287.831589964,1768.17289709931,1560.72804834288,3198.61783256727,9224.53512149926,10312.9274845244,9167.77046524626
-1787.66397577316,-2255.01499543801,-2308.66988519601,-2919.50528354154,-5533.67026576545,-1385.08824454705,-2321.4804256672,-4789.20277827107,-5281.40602740264,-5408.38763840904,-0.00184710317689929,-0.00485878325127298,-0.0465636157728109,-0.0864294737985736,-0.154601293915348,-1601.51943803667,-2861.5319278922,-6236.45519855023,-6854.54244915133,-7592.46304157341,216.416154508422,539.98175124722,1446.27779163283,1571.37221473992,2180.9328398915,-402.575731226116,66.4654302291874,2480.53289307505,2361.9007438611,-125.282627356413
-4997.46668550196,-7581.08944338984,-12648.4099125734,-13510.1871767055,-14935.1065217708,-1143.38789111282,-1884.02480186222,-3755.80896995222,-4103.55233886873,-4205.59997035901,0.00173786833191564,0.00226161047070506,-0.0125361488484268,-0.0347654025805797,-0.0866234328340667,-1256.3726835721,-2158.81307979424,-4583.50264023808,-5056.59212893857,-5440.9380957109,112.981665817246,274.772199322889,827.441913288634,952.566756958247,1234.40518056382,-3854.07879438915,-5697.06464152762,-8892.6009426212,-9406.63483783673,-10729.5065514118
2967.35920062531,5142.0483948017,11685.9000687983,12470.4087923793,10643.3203329589,-1199.68676031207,-2058.49575182581,-4561.68477101062,-5146.45506047342,-5299.0706605844,0.0105032017096136,0.0156079993674303,0.00257565277187677,-0.0344209574855121,-0.118570800443027,-1497.51916439054,-2642.06064398416,-6151.42089162975,-6970.31840024627,-7662.34359049916,297.82580438749,583.536156166308,1589.26428871742,1822.88611654965,2361.06765346343,4167.04596093738,7200.54414662751,16247.5848398089,17616.8638528528,15942.3909935433
-4395.99386176403,-6269.29840523854,-9396.64980409777,-10126.1011368762,-11555.6939925696,-1054.83922740751,-1775.58418132373,-3571.33001553389,-3862.65334127832,-3917.4283514307,0.00344241332477474,0.00596417740446209,0.000863331619486818,-0.0153050951903246,-0.0539671897458263,-1268.08671911561,-2172.73279073862,-4498.38180731364,-4885.5642064023,-5168.17360509464,213.244425771976,397.13522504448,926.852523035654,1022.54539710116,1250.10960737156,-3341.15463435652,-4493.71422391481,-5825.31978856387,-6263.44779559787,-7638.26564113883
-2328.61619896156,-3697.96600838265,-8068.02452061982,-10347.4861164686,-14514.9576392613,-1420.46711296221,-2264.73565908847,-4331.54969777726,-4845.7393195893,-5055.76627431964,-0.0108686249933487,-0.0190155608703889,-0.0827841942290455,-0.146572660539248,-0.282560896989171,-1457.59289839764,-2577.52053946702,-5625.2733445552,-6337.74983676934,-7237.11846281808,37.1104205283737,312.714896457727,1292.67895629511,1489.99613198288,2177.50088845872,-908.149085999345,-1433.23034929417,-3736.47482284255,-5501.74679687931,-9459.19136494165
4514.08228426768,7475.38837037261,14080.026171589,13548.9433797603,10433.4012815288,-1125.19884959612,-1846.71316690031,-3896.68207219996,-4398.18359721237,-4535.39691022123,0.00454528272806132,0.00504234910177748,-0.0253684293578917,-0.0663964762337903,-0.143234417928785,-1273.25157199382,-2259.75116101691,-5086.38006203562,-5654.58668670485,-6098.78487724558,148.044680629439,412.999990665474,1189.12298145575,1255.36673304825,1561.44865517049,5639.28113386379,9322.10153727292,17976.708243789,17947.1269769726,14968.79819175
-5715.81462795548,-8113.87783208902,-12925.4388487616,-14483.6776797643,-16791.5350387377,-1095.22004557721,-1779.52306423171,-3664.44266992533,-4122.42731520483,-4336.56816077884,0.00506200004276353,0.00785022354027776,-0.00391922559076052,-0.0268301846426118,-0.0715912582057516,-1296.2250587076,-2224.06039892507,-4863.89678136651,-5396.25473787317,-5744.78517786559,201.002130571988,444.521632915066,1199.18404450121,1273.34895542078,1407.30333613671,-4620.59458237828,-6334.35476785731,-9260.99617883626,-10361.2503645594,-12454.9668779589
-3278.1920947521,-4661.84467034886,-7142.36979752139,-8686.66708604421,-12011.8816466791,-849.107038977402,-1375.77905036411,-3013.30719224118,-3566.21609883077,-3913.57406502569,-0.00137227651283955,-0.00501373163392227,-0.0517816568234895,-0.0989600707025042,-0.177633484232302,-1344.30030382292,-2389.11345162998,-5747.67278071668,-6579.61274271135,-7260.70692132799,495.18665663368,1013.30294076234,2733.83484189845,3012.36716426079,3344.96790188136,-2429.0850557747,-3286.06561998475,-4129.06260528021,-5120.45098721344,-8098.30758165341
3216.37146798938,4697.22824902611,8903.96030410271,10281.1603540089,11154.6422598147,-1238.88585739886,-2077.48088813162,-4241.85926603133,-4510.43841159521,-4562.64309116654,-0.00270816420655118,-0.00367221829481446,-0.000661159281766466,0.0044612831940416,0.00354401470393562,-1087.07997439807,-1806.14056282874,-3628.25725449977,-3860.61308362646,-3901.76554139039,-151.800110288764,-271.315196672494,-613.257017314254,-649.172160692448,-659.606431470471,4455.25732538824,6774.70913715773,13145.819570134,14791.5987656041,15717.2853509812
4972.56016359042,8017.99495966803,15757.1421247009,16461.6773721374,14565.2067156039,-1138.81336259958,-1975.00476664765,-4490.33328712885,-5095.36454241635,-5393.09837955711,-0.00926451161555114,-0.0175471248070195,-0.0710893298252913,-0.115639931719143,-0.19616383661935,-1312.29040244143,-2382.43485325353,-5772.48442634231,-6553.74496777276,-7224.92652147108,173.471331358147,407.400745464899,1281.60296817117,1457.2646275336,1829.38990251596,6111.37352619,9992.99972631568,20247.4754118298,21557.0419145537,19958.3050951611
1882.25370214838,3234.19213246864,6006.31705646722,4281.63355848208,-1362.65580453438,-401.546316407081,-512.366847315172,-1585.83496706464,-2344.88088137268,-2872.11772752955,0.00601391126938583,0.0057696106521522,-0.0585826080821645,-0.148812652999959,-0.311337480032929,-1450.65007701568,-2641.63691924666,-6363.21509295509,-7382.9385320051,-8513.26756773746,1049.0878465233,2129.19388601302,4776.23151812207,5035.92541717507,5636.7121897718,2283.80001855546,3746.55897978381,7592.15202353185,6626.51443985474,1509.46192299516
618.768800283671,1593.6643070458,3941.01934759878,2798.99486586466,-826.351123766392,-868.809450252962,-1259.72577168019,-2791.49144090759,-3478.50616553081,-4063.01024060056,0.00520945667517314,0.00413878200570938,-0.0389028241391918,-0.0911967409043646,-0.187613715276257,-1475.41646056914,-2614.47655959584,-5668.62948051574,-6376.18318320144,-7154.37092935076,606.595413993821,1354.70197439374,2876.5867547403,2896.85200175098,3090.23291396971,1487.57825053663,2853.39007872599,6732.51078850636,6277.50103139546,3236.65911683417
6037.31647235354,9101.8948013534,15001.8399640507,15042.8583812269,13234.7750924095,-1108.66497540894,-1793.19903806418,-3785.73693650456,-4315.53427405817,-4603.31129299151,0.0132333903024211,0.0175861963473303,-0.00256689592568771,-0.0391880831800906,-0.111560304776365,-1323.21500863546,-2325.46393123105,-5216.25773183775,-5847.1237908841,-6449.36013590962,214.541589813962,532.229448078372,1430.01178186498,1530.63679064615,1844.23821402832,7145.98144776249,10895.0938394176,18787.5769005552,19358.3926552851,17838.0863854011
-1288.66850116071,-1989.97659356763,-2226.04661080356,-2037.92119730025,-3265.5238473707,-1176.81395160883,-2001.21342498424,-4278.89476233064,-4726.86297268817,-4870.6944109184,0.0173331436476641,0.0272520052581749,0.0345952039076258,0.0131170988031712,-0.0389433219795343,-1307.38778168934,-2303.74006177063,-5191.31799218065,-5740.67717706321,-6147.79790526796,130.566386686994,302.493154457563,911.890312714952,1012.75717142017,1275.06558078047,-111.85454955188,11.2368314166051,2052.84815152708,2688.94177538791,1605.1705635477
-1280.7580840444,-1317.71093606819,-240.865898876669,-479.196505305532,-2343.09538387734,-1134.96595618875,-1913.32820524984,-4018.25767384952,-4494.28316545361,-4617.34525306821,0.010972842726421,0.0134242569317305,-0.0131310174484494,-0.0544793514065356,-0.146818489295057,-1223.60809172272,-2191.72093044931,-4810.9775050715,-5358.79616828467,-5912.31425628188,88.621435713882,278.304998006903,791.532804093964,862.259710749819,1290.87163326711,-145.79212785565,595.61726918165,3777.39177497286,4015.08666014811,2274.24986919091
1628.24650253243,2446.92160863151,3734.60599063242,3065.03210185352,1046.65839233546,-980.666212687453,-1564.50167040554,-3110.88700846745,-3508.55760092046,-3715.02158841694,0.00506988436379108,0.00674479469299594,-0.0128336806841651,-0.045280581624545,-0.112017719044019,-1306.0049726263,-2245.62575377786,-4865.03835648032,-5402.56195365895,-5821.92392403538,325.333813792191,681.103356682567,1753.83771906204,1893.42257171733,2105.78701905784,2608.91271521988,4011.42327903704,6845.49299909988,6573.58970277398,4761.67998075241
2719.86679120061,3705.29416080507,4880.89765883984,4468.04691159603,2856.56616781978,-1378.99290790065,-2310.03398464598,-4743.87116397783,-5202.65544325722,-5373.00143944443,0.0022654770136204,0.00206839724978947,-0.0176835606023729,-0.0436643611022696,-0.0998533069268053,-1550.81037586863,-2699.34617442039,-5817.45954047944,-6379.42850044282,-6838.59150290221,171.812748428611,389.289315810409,1073.22743338902,1176.10491365643,1464.33289675754,4098.85969910125,6015.32814545104,9624.76882281766,9670.70235485325,8229.56760726415
1645.93218019809,3091.56773837317,8605.49473258904,9123.01200313814,6986.58639311121,-1145.91473852637,-1950.36128280995,-4221.44083837149,-4734.01811789435,-4950.03957773955,-0.0011442968776838,-0.00413567629119282,-0.0375008916964843,-0.0727347831018079,-0.141269958037796,-1357.48572464557,-2385.26492988081,-5404.30168197967,-6062.61953330509,-6645.73260710938,211.562855751951,434.868059699143,1182.33502810684,1327.65016313404,1694.02435993617,2791.84691872446,5041.92902118312,12826.9355709605,13857.0301210325,11936.6259708508
7005.67115136944,10673.2784956238,18229.6148634582,18859.9639994282,17957.0635904909,-1161.54966655615,-1844.87805034029,-3501.37726799052,-3817.68632824827,-3889.17656520731,0.0111059848584774,0.0159783132564311,0.0147216460431334,0.00218524753952565,-0.0258132660772326,-1221.70693857882,-2018.79732964649,-3949.83553314581,-4287.52206222267,-4517.28603118844,60.1518914764599,173.894182936499,448.136508942169,469.285218122302,627.175991605778,8167.22081792558,12518.1565459641,21730.9921314487,22677.6503276765,21846.2401556982
2531.06037463072,5177.5774163108,14556.278696744,15759.5694232618,13765.2966625475,-1406.50758447949,-2377.54438776699,-4855.18530312054,-5311.46219812329,-5477.44787920028,0.0155694452432819,0.0233431310286223,0.0179634763097103,-0.0138855143677405,-0.0854200861669323,-1468.82489879169,-2622.85172838042,-5813.84549923559,-6406.06647977914,-7019.51994387463,62.3076034355536,245.263472903936,957.960277236367,1093.19952874163,1539.26608862002,3937.56795911021,7555.12180407779,19411.4639998646,21071.0316213851,19242.7445417477
-945.788376259261,-1042.13173406155,-529.905339468824,-848.944990561838,-2313.71560450015,-1340.79506724474,-2163.27152949841,-4400.78720899179,-4899.44530938016,-5078.24840406657,0.00430235398978696,0.00434448219893568,-0.0218091556689024,-0.0577889803822522,-0.132369023193927,-1242.00824562422,-2191.62760893827,-4986.6551290222,-5561.83214743678,-6057.91462379353,-98.7911033315156,28.3332805267974,585.442606142193,661.543541327916,977.857003818062,395.006690985482,1121.13979543685,3870.88186952296,4050.50031881832,2764.53279956648
605.090614483206,1234.97962533339,2401.31756798126,1401.04675675309,-1821.92386068171,-1120.45289825724,-1871.14437523066,-3932.18284926089,-4393.31456956327,-4535.91872694873,0.00389114615994923,0.00635398529353171,-0.0133775757272336,-0.0515662459754571,-0.136295030636814,-1255.03392229635,-2232.7795282623,-5226.65909741938,-5925.19444073152,-6629.53779090744,134.571106646542,361.589875546265,1293.72586143181,1530.37534583975,2090.76017151507,1725.54351274045,3106.12400056405,6333.50041724213,5794.36132631634,2713.99486626702
-3078.19421515084,-4498.57634248654,-7294.64835810632,-8325.19590293063,-10857.1664194072,-1110.3835245329,-1805.00397559892,-3685.54114050891,-4076.27701511324,-4355.26742262242,0.00235409967066574,0.00292690743116941,-0.014069055934383,-0.0388770656394319,-0.0922848952467508,-1392.05777121656,-2429.5295008041,-5185.777766561,-5670.178609692,-6132.76601906911,281.671274780832,624.510710444687,1500.0140341928,1593.5091944001,1776.78134203657,-1967.81069061794,-2693.57236688762,-3609.10721759741,-4248.91888781739,-6501.89899678476
5116.9829382888,8594.3595967558,19284.474799294,20676.7014294178,18292.0474572133,-1527.23455454048,-2582.19285194962,-5706.25795170467,-6481.15693571989,-6664.21020682223,0.0051200568466529,0.00702339576388522,-0.0137535556837354,-0.048783337952619,-0.128206035658618,-1459.17321786162,-2646.41342907651,-6536.07189896181,-7516.33141583849,-8391.52831383973,-68.0684357185512,64.1850376720458,829.254162675812,1034.2419083351,1725.72586519535,6644.21749282928,11176.5524487054,24990.7327509986,27157.8583651377,24956.2576640355
1809.04049759705,2409.00299568668,2235.67003800327,1182.93503447023,-1240.35518721619,-1454.3163121889,-2360.71693338445,-4748.80050763421,-5258.62131037987,-5482.00144624253,0.00899696277137296,0.0127599445760223,-0.00139198527170192,-0.0322493648886093,-0.0980153066785103,-1302.94760812687,-2273.69075381266,-5128.07387935072,-5706.90693879939,-6153.08950860287,-151.373141429578,-87.0464802396941,378.930441168875,447.631133968498,669.886702330987,3263.35680978595,4769.71992907113,6984.47054563748,6441.55634485008,4241.64625902631
6319.36945720385,9534.14178022831,16997.7799892702,17661.1402574053,16009.7510965236,-1024.83046244568,-1753.22701036474,-3789.07939495284,-4187.2556914778,-4280.42288424131,0.00093988878926643,0.000630033686414455,-0.0163847558608285,-0.0409619280579712,-0.0956688172042082,-1213.32842874308,-2156.58068260628,-4879.87499269315,-5390.51926198842,-5746.47560762548,188.489423330836,403.318228004611,1090.29159505944,1202.3115880521,1464.33830518737,7344.19991964953,11287.3687905931,20786.8593842231,21848.3959488831,20290.1739807649
-7107.55449037045,-10356.4389855331,-18182.3680314936,-20888.9425140034,-24355.0921445324,-993.825536480834,-1680.60135621318,-3673.05202133422,-4093.31502877457,-4171.62811079979,0.00866274195690098,0.0121825772226744,-0.00306383408262789,-0.0342740329530296,-0.0997876065915957,-1424.57066771492,-2501.77154291321,-5698.30468535441,-6314.92059948964,-6743.7092879453,430.737653241878,821.134055269968,2024.65447812196,2220.47310130046,2570.02832550839,-6113.72895388962,-8675.8376293199,-14509.3160101593,-16795.6274852288,-20183.4640337325
-3226.01005103489,-4412.89527413682,-5319.71179829421,-5270.13818904274,-6185.53728699812,-1177.08433110221,-1885.57041293537,-3820.91508373592,-4227.00222739137,-4357.58986884166,0.000861585933672859,0.00076073774831531,-0.0122144731137466,-0.0291190150266702,-0.0659741265144227,-1255.50044161799,-2124.40020329015,-4712.55088148058,-5283.13926966893,-5602.20641705972,78.4141262492321,238.818532444278,891.382232483533,1055.59188842527,1243.48928036058,-2048.92571993268,-2527.32486120145,-1498.7967145583,-1043.13596165137,-1827.94741815643
9632.96177792705,15361.3348908902,28021.8993847044,28119.0277798324,24706.3276147828,-918.873709358109,-1312.5860980019,-2763.31789733321,-3544.68382954285,-4271.56641733067,-0.00464794190283985,-0.0100157643464733,-0.0651106756593114,-0.123054625228908,-0.230069194035041,-1391.5957363118,-2469.94414655374,-5621.17115741457,-6425.92709734136,-7345.13379441193,472.715461738776,1157.32625278019,2857.41486045769,2880.52946081329,3072.27687746678,10551.8354872852,16673.9209888921,30785.2172820376,31663.7116093752,28977.8940321136
10225.0891541969,15193.076237021,24144.7579171408,23810.3869149637,20107.4717142027,-1035.92647229703,-1623.62697463234,-3561.70560344676,-4312.51516246772,-4820.02931435776,-0.0066868818179891,-0.0143794432839454,-0.0863436513891283,-0.164707161853409,-0.319170122252388,-1370.97696005817,-2475.09302140895,-6025.7587266439,-6995.67527702972,-8093.30743014038,335.039923647166,851.414054101214,2463.21838558688,2681.61254092784,3270.15833167174,11261.0156264939,16816.7032116534,27706.4635205876,28122.9020774314,24927.5010285604
-8050.91051530508,-12746.7672839607,-25101.3278961957,-28179.5461649881,-31443.987468544,-1097.8360481753,-1863.74395609204,-3998.20279388974,-4491.75981614374,-4654.51617655536,0.0102975748900233,0.0146142802964163,-0.00397945643438202,-0.0438642627846901,-0.133673749740357,-1355.02401056682,-2391.36886052078,-5294.62592959501,-5899.23518519113,-6550.52238499878,257.175763816532,527.56946059002,1295.61602763096,1405.96996637372,1893.17730001155,-6953.07446712979,-10883.0233278687,-21103.125102306,-23687.7863488443,-26789.4712919886
864.135019640909,1911.90418604042,5510.64877953473,4868.05077337366,279.620680918393,-805.500618675431,-1172.90144013144,-2489.37764087576,-3066.30390617035,-3489.37369835214,0.00189444220919982,-0.000680266190497214,-0.0589996767784449,-0.131489365624526,-0.270749114056381,-1246.53788344385,-2267.72542594502,-5285.48205376401,-6054.30543140432,-7020.97331903155,441.02625222559,1094.77190713212,2795.30521543703,2986.49306343442,3528.58549534637,1669.63563831634,3084.80562617186,8000.02642041052,7934.35467954399,3768.99437927053
313.77883919777,643.819611345985,1856.91097276587,1986.67444890825,1231.45798670338,-853.040733008992,-1469.15203096831,-3100.44367425536,-3363.42630819904,-3450.25669491341,0.00304164304610477,0.00333338895895907,-0.00713740847287925,-0.0200233404839798,-0.0500937013324645,-1254.87428384702,-2116.84573015344,-4348.49585488715,-4705.06709009168,-4936.62417909682,401.832740624846,647.689096384743,1247.98634488708,1341.54499405502,1486.22244648752,1166.81957220676,2112.9716423143,4957.35464702122,5350.10075710726,4681.71468161675
-3849.46036638263,-5540.13600537674,-8700.03388156161,-9521.74104628628,-11360.999581178,-998.475134323351,-1555.03434697738,-3022.54421718257,-3349.04575031321,-3519.73313772667,0.00371138615270866,0.00521433158803153,-0.0112851478189424,-0.0377564352053295,-0.0946487261259392,-1168.55313784511,-2040.87359016983,-4492.24895784394,-4967.09079394113,-5393.31837653734,170.074604982673,485.821504847032,1469.39357877511,1617.45597783943,1872.46617709311,-2850.98523205928,-3985.10165839936,-5677.48966437906,-6172.69529597307,-7841.2664434514
2947.83421091981,4137.5035077191,6063.88142435245,5747.7444901354,3573.06438535417,-1365.14583505889,-2285.33231024272,-5024.49688436806,-5709.75947778771,-6005.63563742052,-0.00673876561406678,-0.0127713957274982,-0.065249279687964,-0.125378971655828,-0.246163829267548,-1466.23707447048,-2646.01704079898,-6269.86432217986,-7075.33107585792,-7833.31185917082,101.080710430598,360.63468285817,1244.56912197081,1364.0753950049,1824.81372925904,4312.9800459787,6422.83581796182,11088.3783087205,11457.5039679231,9578.70002277466
4403.61165412291,8496.61221353781,22501.286889164,24068.9335804769,20765.5762389763,-1522.09313567581,-2631.34778782175,-5822.98035496291,-6455.92468033481,-6724.17875395736,-0.0104324001132987,-0.0192565526213833,-0.0733187315425079,-0.117571466687943,-0.202595622326886,-1701.56622321957,-3063.22129834537,-7078.07300723096,-7847.55883015929,-8607.19319142091,179.469203589958,431.853362630955,1254.76162949024,1391.05844190852,1881.88646358428,5925.70478979872,11127.9600013596,28324.2672441269,30524.8582608117,27489.7549929337
-430.458904810934,-832.152941410197,-105.346823352898,497.496740396047,-1110.48266841023,-1227.44597260244,-2079.42509978303,-4375.91865492217,-4807.08231398737,-4953.40671607299,-0.00489153166627015,-0.00916395835972161,-0.0503933296806478,-0.0895612858835451,-0.165212125178645,-1427.22233616296,-2549.75270372583,-5730.00366559864,-6306.35347213076,-6827.83795705797,199.763206025207,470.264138148424,1353.00242126422,1496.9940052387,1869.74410265582,796.987067791508,1247.27215837283,4270.57183156926,5304.57905438344,3842.92404766282
-5702.46220370726,-8357.10470025413,-15341.1815792005,-18423.974537998,-23139.1552013862,-1027.28874980826,-1761.16956840158,-4060.31231291057,-4703.66848248953,-5021.76192898935,0.0062652231002972,0.00739948415238445,-0.0304083782130911,-0.084515703097594,-0.183704086745166,-1550.10485167909,-2775.34944028398,-6625.44187442909,-7575.29242112784,-8384.80273363277,522.801877480184,1014.11355351316,2564.05350806269,2869.52885305966,3358.85677971,-4675.17345389901,-6595.93513185255,-11280.8692662899,-13720.3060555085,-18117.3932723968
-9489.22626325846,-14116.1451376861,-23983.5585359787,-26220.9562432817,-28791.7011645749,-1338.28125581711,-2221.76207651767,-4474.52755016745,-4870.3648335663,-5022.81309442082,0.0251270814376569,0.0387330071311385,0.055345500302677,0.0388386271226411,-0.0066856543112177,-1423.46981224032,-2469.13314482937,-5243.84456936426,-5716.37110688694,-6078.65587310758,85.1846537786587,247.354903722659,769.095034776925,845.627729708929,1055.24877139551,-8150.94500744135,-11894.3830611685,-19509.0309858113,-21350.5914097154,-23768.8880701541
-736.35104919784,-727.261903431925,474.950959939131,525.583305768901,-788.076015420316,-1240.51897495005,-2049.81703951362,-4240.99306062891,-4682.85211737527,-4831.30590689232,0.0070138601572533,0.00840913022124179,-0.0141052412565346,-0.0439319302637253,-0.102305343628366,-1326.09609338438,-2357.67503412511,-5218.27368141469,-5732.40112076068,-6158.53203813789,85.5689208182353,307.816999212574,976.620898976449,1048.31393825762,1325.00619473815,504.167925752212,1322.55513608169,4715.94402056804,5208.43542314418,4043.22989147197
1809.57240731703,4090.92215739326,11958.1713505339,12881.6316657895,11620.1148119526,-1114.45879516842,-1994.2778409622,-4496.83151282146,-4945.83919867461,-5035.11394029218,0.00878319901659885,0.0148518709399165,0.0114153906055336,-0.0165406305976692,-0.082468440229162,-1385.95673761028,-2500.63764667537,-5709.14648479476,-6272.67013564394,-6704.37528245775,271.486987473525,506.307605153231,1211.46957048976,1325.14895908354,1666.06195111774,2924.03120248545,6085.19999835545,16455.0028633554,17827.4708644641,16655.2287522448
-12877.1956833798,-19739.1652742277,-36963.7211289799,-40852.918193002,-43997.9477949383,-1310.00067011465,-2177.52684876789,-4623.69296161136,-5104.90586911375,-5294.38119406172,-0.00344147845135706,-0.00616197059653489,-0.0303094706240485,-0.0554970584239021,-0.107030075542502,-1350.18250520153,-2361.05857377603,-5254.46783035358,-5801.86930866099,-6219.67788139598,40.1772466056716,183.508231100171,630.40838527473,696.294489358497,924.064227018825,-11567.1950132652,-17561.6384254598,-32340.0281673685,-35748.0123238883,-38703.5666008766
8058.00337032931,12551.2813199128,23575.2179203167,24528.911153724,22489.8520145416,-1048.97198484103,-1637.92252037524,-3349.29862954299,-3916.9355049966,-4399.38514840929,0.00135008933170211,0.000841951174428646,-0.0278133969895453,-0.0649807859962728,-0.133479821366087,-1395.02198151951,-2387.23727266383,-5233.07877300983,-5886.81851369433,-6432.53819346847,346.047383981493,749.302230249976,1883.5911867009,1969.5670879322,2032.64300992225,9106.97535517033,14189.2038402881,26924.5165498597,28445.8466587205,26889.2371629509
3425.22355106353,5017.92783662164,8468.4618121461,8216.69420472634,5922.21233962191,-1415.1812737655,-2242.01835792658,-4433.8081815004,-4967.66697611161,-5262.77634225588,-0.00501378642096967,-0.00936465849316437,-0.0458550424038555,-0.0795760048175751,-0.136960252317852,-1539.48519859522,-2622.41389864984,-5394.67178995687,-5947.95083153014,-6475.67060032154,124.294426725243,380.355056193954,960.326872898175,979.313149994803,1211.04996763778,4840.40482482903,7259.94619454822,12902.2699936465,13184.361180838,11184.9886818777
-1595.71114840839,-1543.00693824414,-269.883018162684,-895.012102296343,-3160.11255737999,-1357.35561577978,-2195.35149367196,-4263.6883406688,-4672.99500477516,-4784.82280836845,-0.00249624886925909,-0.00588774661814151,-0.0319966142377668,-0.0559306422657446,-0.103905756538257,-1489.83527148934,-2570.97567615143,-5397.75997196021,-5909.55955344886,-6316.66580146957,132.477028389658,375.610628332483,1133.88356216796,1236.28256600381,1531.39434013894,-238.355532628617,652.344555427822,3993.8053225061,3777.98290247881,1624.71025098849
-18.3450441786426,428.23386872136,2653.95594416271,2574.80600665486,848.673973224475,-1179.47896280706,-2039.01630632835,-4507.41200966805,-5052.98784482708,-5207.71279588633,-0.000858531367599391,-0.00312792737217027,-0.0364790027499691,-0.0750548122641641,-0.15520250973819,-1409.57399052101,-2483.62167873948,-5580.48071516028,-6230.12458270225,-6757.46150879066,230.091738965062,444.589172314079,1072.84492209186,1176.80461662568,1549.22468719326,1161.13391862841,2467.25017504971,7161.36795383074,7627.79385148197,6056.38676911077
3525.3995405328,5852.90669988951,12711.9809815435,13463.5161543962,11637.4514809147,-740.236594457806,-1238.57840379997,-2695.16974353584,-3110.40094639603,-3286.44806331189,-0.00770665157205597,-0.0149645632980905,-0.0686814463295482,-0.118095827145399,-0.210408837298855,-1174.4451060387,-2108.78750666625,-5164.584417325,-5932.11279298357,-6615.59220828675,434.195282194778,870.149699785244,2468.43775215939,2819.70028216624,3325.10855002883,4265.63613499061,7091.48510368949,15407.1507250794,16573.9171007923,14923.8995442265
-2160.6223896893,-2932.82334879846,-3293.85273292835,-3458.67991660966,-4612.95154206391,-1083.04713768219,-1761.67027551,-3543.5850160036,-3900.32957813766,-3967.64466106682,-0.00220513185554583,-0.00481786721451294,-0.0267007545649971,-0.0476657822062405,-0.091246345392074,-1191.28673928786,-2002.0262572349,-4241.19917323729,-4694.42959693809,-5001.78011029347,108.238833067394,240.351226016583,697.525107540401,793.94807518275,1033.88682917682,-1077.57525200712,-1171.15307328846,249.732283075253,441.649661527976,-645.306880997145
5002.46038373401,7777.0330386715,14273.5702017456,14507.9300417867,12359.9277444756,-1208.86621450706,-1971.45939233734,-4133.18842501353,-4636.73519586633,-4805.98416092747,0.00490689403534567,0.00700392199153299,-0.00723216883539735,-0.0386840762702274,-0.108686967103205,-1382.79828729333,-2392.10286946173,-5379.35927029294,-6035.45697452603,-6516.85803265714,173.928847648708,420.62651662454,1245.86340392978,1398.15312018913,1709.79649181734,6211.32659824107,9748.49243100884,18406.7586267591,19144.665237653,17165.9119054031
-6918.08638957584,-9824.82784777423,-15859.3821559834,-18264.4243130563,-22342.3721452786,-1263.02082106523,-2021.21941169913,-4101.4240262276,-4555.21660159859,-4723.27461109948,-0.00285631713179252,-0.00618326606893338,-0.0444347342147942,-0.0869746958517368,-0.173133189320568,-1282.00283949024,-2290.44867409859,-5179.11240540515,-5735.23319994135,-6317.70418349783,18.9759726559007,269.201696705169,1077.27855801261,1179.28745835568,1593.13240409318,-5655.06556851061,-7803.60843607509,-11757.9581297558,-13709.2077114577,-17619.0975341792
6880.94574539561,11609.5636928601,24227.7777761927,24930.3140675709,21652.0521380735,-1212.29019135461,-1964.71048286822,-4037.47594402673,-4570.06606544356,-4837.55270224047,-0.00265970108320895,-0.00706548866126355,-0.0522648090219571,-0.102943142913733,-0.200935590298455,-1401.51221850581,-2494.77954601695,-5712.21360770908,-6421.40897973784,-7050.31306180391,189.209900596194,530.009098556568,1673.76261675214,1849.48858600934,2209.1867836171,8093.23593675022,13574.2741757284,28265.2537202194,29500.3801330145,26489.604840314
-76.1149855174372,953.385380802065,6533.87344458765,7536.05609986882,5632.4383634344,-1133.88726194089,-1919.70476291535,-4317.84487953857,-4915.51407833782,-5086.83945527904,0.0029706034895064,0.00407680472237348,-0.0167354084960221,-0.0536281555191067,-0.139850950384947,-1250.10274672468,-2233.388654124,-5495.44138547532,-6311.29413830245,-6873.5795179676,116.209230542459,313.650807786209,1176.93160760324,1394.40126836026,1784.01610351641,1057.77227642345,2873.09014371741,10851.7183241262,12451.5701782066,10719.2778187135
922.691007431655,2059.29900973112,5917.23321469963,5925.58930214786,4252.53837004991,-996.935170221266,-1649.31901520485,-3454.97044113291,-3894.83941823688,-4002.41863933689,0.00370255165965261,0.00490779826655152,-0.0190469103503395,-0.0550259029091693,-0.124473944872236,-1316.05098219826,-2280.81483739,-4973.33354018381,-5516.03142733664,-5941.53927499018,319.108110635077,631.460293545476,1517.85653734957,1620.29514527599,1937.45946742906,1919.62617765292,3708.61802493597,9372.20365583255,9820.42872038472,8254.95700938677
-3105.46015955064,-4452.90525810812,-7544.7057057012,-9069.39479023105,-11876.2524844318,-980.989846070894,-1601.25726416138,-3216.44356876204,-3603.27897812165,-3743.42020747502,0.00151282597257424,-0.00152538503117283,-0.0459808074734935,-0.0933267219208753,-0.184526615312414,-1431.19329166433,-2534.72026929832,-5561.38633904194,-6164.99888949054,-6763.30906545543,450.193541299953,933.417555176552,2344.24344045292,2560.3776701148,3017.18510149706,-2124.47031347974,-2851.64799394675,-4328.26213693917,-5466.1158121094,-8132.83227695676
-1159.88376423857,-1297.62797975902,-399.912865224949,-625.99475329573,-2461.30633603717,-967.417026936508,-1503.55123698682,-2980.95894808827,-3353.43498255267,-3545.40630387762,0.00260306874525412,0.00179535325736868,-0.027050663407826,-0.0620206984995013,-0.132913617808819,-1228.87404104623,-2132.35574111293,-4613.28302772426,-5121.47873610853,-5615.35664231001,261.454375916753,628.789745580297,1632.08703331621,1767.63872773313,2069.19799817765,-192.466737302063,205.9232572278,2581.04608286332,2727.44022925693,1084.09996784042
2199.92359694031,4924.27335763635,11952.9099510231,11039.0515283424,6836.69022697123,-690.477466020931,-1022.1381682824,-2063.08344404312,-2561.82487705114,-3006.10683370288,-0.00442378407656829,-0.0114624193076326,-0.0787856217080871,-0.144114371615581,-0.259153088442636,-1501.18935474427,-2622.50839360892,-5475.22540982709,-6086.75020579582,-6790.88060676795,810.693464166287,1600.28345271325,3410.99983639839,3522.91036655593,3780.99708347935,2890.40106296124,5946.41152591875,14015.9933950663,13600.8764053935,9842.79706067411
4366.42231003545,7315.19646924666,15787.4132826222,16499.9204629775,14650.3135184059,-1254.88472243662,-1958.07700251477,-3811.01762869316,-4246.88908026298,-4428.91885205972,-0.00021356403657824,-0.00119646162138431,-0.0244722354079068,-0.0559395676419685,-0.119710652920515,-1150.77479789206,-1953.20009698627,-4287.32746758672,-4812.27272149703,-5196.80618360409,-104.11383841891,-4.89575644066917,475.984427917196,564.755490925083,766.628854871538,5621.30703247207,9273.27347176143,19598.4309113153,20746.8095432405,19079.2323704656
-3708.21116960504,-5873.01645388486,-10030.562112971,-10374.1947835043,-10918.3767388577,-1001.50455878712,-1619.13248555513,-3081.40551826805,-3285.1975886367,-3322.75340288918,0.00444437804939596,0.00736281608820744,0.00838701729259084,0.00148297867590585,-0.0198731204586888,-1130.87016277963,-1841.3215435941,-3620.83844105844,-3918.4042838918,-4094.12458011555,129.366296210631,222.191292459329,539.440794666822,633.210654200626,771.365998030567,-2706.70661081792,-4253.88396832973,-6949.1565947029,-7088.99719486761,-7595.62333596853
-2876.36638221876,-4515.11196740667,-8779.79442834294,-10564.1212947581,-13823.4707658944,-934.817238693374,-1548.78763259622,-3400.69912152105,-3915.68568997925,-4123.9680614442,0.00452402696004683,0.00297900087751268,-0.0359292868682179,-0.0814716436433764,-0.17056654636669,-1141.31474637145,-2074.76862749644,-5104.49439696844,-5849.0642930089,-6510.68994642145,206.487603981071,525.932977753292,1702.96361294555,1931.69603288857,2383.14896730315,-1941.54914352538,-2966.32433481045,-5379.0953068219,-6648.43560477888,-9699.50270445022
1238.66629930229,2593.29531681863,7424.62537039418,6794.7744069685,2312.05850387877,-1143.13943046588,-1848.98159297527,-3951.97757735378,-4592.15824886398,-4946.02588016592,-0.00824415290727715,-0.0157407514325313,-0.0734189884645926,-0.132149519146608,-0.241360962242478,-1412.28792915632,-2525.00824348796,-6128.32771245652,-7065.1254542408,-7860.89516408818,269.140110155947,675.98568120536,2175.63834771638,2471.56370528846,2911.93502069962,2381.80572976817,4442.27690979391,11376.602947748,11386.9326558325,7258.08438404475
-523.34135956918,-390.977266879781,944.431889442145,927.170194609993,-254.203557570116,-1118.46632756944,-1880.08466508955,-3984.97972816981,-4426.4963927634,-4537.00328597279,-0.00250228118539825,-0.0042405841323816,-0.0226773709978132,-0.0431398264638894,-0.085532733000969,-1219.894109017,-2092.56173542202,-4537.51208625099,-5030.00433688682,-5348.5058683943,101.423311295654,212.45583448175,552.208608443341,602.920251794869,810.444137462007,595.124968000264,1489.10739820977,4929.41161761196,5353.66658737339,4282.79972840269
8539.68667440179,14444.4707616847,29640.7277773588,30770.4640206907,27955.2701356218,-873.074369263009,-1458.83018300635,-3073.26123057908,-3420.73090029575,-3486.30203182416,0.00928811889344444,0.0117076779605001,-0.0105841606028378,-0.0448381927447414,-0.119079233307174,-1287.42816074134,-2252.99274897094,-4943.74805626448,-5472.45556176211,-5937.72605961112,414.348225844976,794.136114348171,1870.07530368992,2050.95619258491,2449.94559922736,9412.7610436648,15903.3009446911,32713.9890079379,34191.1949209864,31441.572167446
-4396.95165165155,-6372.52473014767,-10358.7297513681,-11514.3661612773,-13849.3113712682,-1190.86505955551,-1986.66935780779,-4178.38462675807,-4622.66900192948,-4778.9198528135,0.00337462127460603,0.00226718969254791,-0.0233846800753947,-0.0496718513640095,-0.104053096399447,-1482.05862490982,-2595.74201846493,-5721.45990685599,-6288.89467998884,-6752.23235046911,291.187873407426,609.042993148233,1542.59813731999,1665.37299824386,1971.79570429042,-3206.08659209604,-4385.85537233989,-6180.34512461004,-6891.69715934785,-9070.39151845477
2870.16701678281,4438.26805863658,6679.6403054179,5292.93195630811,1452.82037999859,-776.83289308447,-1203.43741656441,-2580.57198381431,-3121.18845976444,-3465.9610004031,0.00841759900587497,0.00926436155657395,-0.0385096283644386,-0.104874569046567,-0.236638178318207,-1405.01988936066,-2512.43520828977,-5650.26608490713,-6393.40980704157,-7260.58678560252,628.172975836812,1308.93294451773,3068.71668883416,3270.34899201673,3790.72882965367,3646.99990986728,5641.70547520099,9260.21228923221,8414.12041607258,4918.78138040175
-4831.96178903059,-7013.78787115389,-11713.1151365374,-13218.9322385143,-15709.8518286641,-1064.54197390914,-1748.27029376082,-3551.79764058124,-3978.72426205568,-4169.36203513364,0.00715011970502216,0.00973765331170851,0.00139385071794473,-0.0163021229054854,-0.0586026704691687,-1426.34659498227,-2441.36246050762,-5064.92284975366,-5585.85375100881,-6025.45098862991,361.803158453331,693.08544495608,1513.05527437328,1607.05897518705,1856.00534184861,-3767.41981512145,-5265.51757739308,-8161.31749595617,-9240.20797645862,-11540.4897935304
1088.1340388405,1684.71944021478,3436.5017063751,3254.09300784289,1232.2035461074,-1146.72834310486,-1925.08699506957,-4111.02993972231,-4578.6547063157,-4770.95527654394,0.010714731356051,0.0158421063933564,0.00562964870773275,-0.0214724800535224,-0.0785679981795671,-1325.80616801864,-2305.80008612922,-5059.21677964058,-5595.27425685469,-6007.79445326375,179.072469723699,380.686789330169,947.794806575423,1015.9109919388,1235.4947604583,2234.86238194536,3609.80643528434,7547.5316460974,7832.74771415856,6003.15882265137
4939.94487864901,7084.13140498517,11788.4173840238,12290.5381661439,10941.1633244534,-1478.21886307836,-2377.52732756109,-4617.16836753721,-5025.33467623897,-5183.59325120342,0.0110885914650877,0.0166269784323989,0.00790391532716317,-0.0171686624956102,-0.0723599657706888,-1458.22291449464,-2503.73280961868,-5173.73212847226,-5620.56993779543,-6003.33156695413,-20.0018500088136,126.180167389651,556.233936864108,594.65879669839,818.741145230568,6418.16374172737,9461.65873254626,16405.585751561,17315.8728423829,16124.7565756568
1933.05594031253,3503.22714327688,8729.40930516462,9825.15543090759,9749.05968425685,-1189.19857449762,-1995.64367346823,-4285.26011355425,-4709.40896208659,-4818.10887491039,0.00251334825708593,0.00456868858633563,0.00584837399496463,-0.000380679899076419,-0.019171251090345,-1187.06360978053,-2012.57005698923,-4426.20376412021,-4895.51738553324,-5101.84888486745,-2.134798129817,16.9258958990599,140.892782127381,185.984494893008,283.455174057352,3122.25451481015,5498.87081674511,13014.6694187189,14534.5643929942,14567.1685591673
1282.80452056655,1610.61929312335,2750.43662990555,2718.30949159458,1077.44001060404,-1363.71483446318,-2287.90962341858,-4818.86801416793,-5321.29147504248,-5403.72796503062,0.00469868713191596,0.00482143716826156,-0.0204550121732097,-0.0539598871359317,-0.12978769201618,-1322.03444023963,-2326.47184122874,-5371.4203247701,-6006.79637926973,-6477.1110979271,-41.6858052388002,38.5404385439979,552.235781406724,684.864000854926,1072.0317881162,2646.51935502973,3898.52891654193,7569.30464407349,8039.60096663708,6481.16797563463
-2539.20239458582,-3324.38677326712,-4306.79216091063,-4706.28205632835,-5891.7103290158,-1243.0137465346,-2033.67205025186,-4070.5139645342,-4448.68098082786,-4566.28893161553,0.00316946455277967,0.00399771687432093,-0.0112862010009072,-0.0324146498939326,-0.0767780828293319,-1188.79390761742,-2077.88633530859,-4426.05944825751,-4856.81192344302,-5231.45521251846,-54.2273994675011,44.1786923269833,355.028166240807,407.163637941416,663.403465034527,-1296.18864805122,-1290.71472301525,-236.278196376428,-257.601075500483,-1325.42139740026
2428.54738630215,4601.94542641628,10981.1546100244,11835.4249522898,10981.6805199561,-1265.9873074399,-1997.90345924077,-3871.97759410978,-4226.23195571513,-4344.06552932956,0.0126733745730546,0.0180475800463227,0.017049592534006,0.00207612146496494,-0.0375984011052584,-1374.11555814613,-2329.57233123855,-4922.87976459657,-5414.19649670336,-5738.83902343332,108.125648208042,331.654216518675,1050.64012977658,1187.43846058509,1393.69631282832,3694.53469374205,6599.84888565705,14853.1322041342,16061.6569080049,15325.7460492856
-9760.3507231278,-15423.9566320682,-29379.4744950055,-32353.3057114544,-35481.8213116204,-1285.89161343146,-2229.78569655085,-4821.38279183866,-5312.76808151007,-5429.01138154007,-0.013160375229961,-0.0217532543629066,-0.0670449404597706,-0.106890186427129,-0.186699546908191,-1571.53531598058,-2752.84079932768,-6096.51541525536,-6740.18846718863,-7256.00167882719,285.638214606211,523.027391583184,1274.66205465138,1426.51231871987,1825.17070011693,-8474.45910969634,-13194.1709355174,-24558.0917031668,-27040.5376299443,-30052.8099300803
-4355.09707458088,-6733.66949032769,-13404.2364329684,-15490.6775705077,-18521.7221428582,-1235.75895087244,-2045.59340922504,-4424.96173292405,-5004.31704716713,-5210.80389529289,0.00848604633951938,0.011359072397605,-0.00833067191396619,-0.0446222090982724,-0.128627698757745,-1316.45961998145,-2357.38341803878,-5663.09671155884,-6428.81561513468,-7119.20296895292,80.6985444416066,311.779939396863,1237.97312173867,1424.22522266598,1907.77588619346,-3119.33812370843,-4688.07608110265,-8979.27470004435,-10486.3605233406,-13310.9182475653
5959.01920771045,9514.75926898906,17738.6052263408,17270.7018498433,13024.1774884569,-798.476694406826,-1401.46838052501,-3287.337190819,-3829.0672896443,-4121.14907724853,0.00655505031725606,0.0065245897119508,-0.0343218245995418,-0.0868822075269922,-0.188300073915675,-1469.64198569272,-2679.61948269029,-6491.06149711096,-7403.48115869642,-8313.66979807943,671.154148258888,1278.09602305428,3202.7687860097,3572.50276084903,4188.50214311043,6757.49590211727,10916.2276495141,21025.9424171598,21099.7691394876,17145.3265657055
776.612460410091,1776.56440260848,5023.79954775414,5141.56329167166,4043.44692074886,-1126.9581538911,-1760.84401058281,-3323.27811000426,-3632.09725931423,-3729.66333189551,0.00749940222327394,0.0112705143942331,0.00664322536302286,-0.00903995308454686,-0.0424452587972084,-1121.16703979381,-1872.9244047019,-3729.49277506743,-4065.07261784911,-4330.49194425043,-5.80039577579487,112.043030774018,405.781780488629,432.239260911094,599.565724115979,1903.57061430119,3537.4084131913,8347.0776577584,8773.66055098589,7773.11025264434
9802.89821469965,14945.430936677,28743.2395262052,31033.0875608068,29082.9511585727,-924.460941412497,-1586.41449077097,-3294.20612083867,-3671.66766621268,-3875.13526778625,0.00449251013908469,0.00572035770907608,-0.0178905226089023,-0.0567093058298136,-0.150495939741315,-1313.76531004829,-2344.46405160628,-5195.02118018262,-5836.90599388527,-6635.610576216,389.295216433895,758.006388507121,1900.20486686879,2164.09687916915,2758.17293093645,10727.3591561121,16531.8454274479,32037.4456470438,34704.7552270195,32958.086426359
1315.90062480398,2417.32607235921,5513.23610628523,5452.40971209962,3827.08044981171,-980.716233369026,-1530.42299865295,-3016.21149001572,-3420.43462010645,-3610.31673948423,0.0115383127737856,0.0155326048837579,0.00194829725608869,-0.0239992396590516,-0.076427766236538,-1222.95099218414,-2101.55838304834,-4410.65342799344,-4859.35360620408,-5253.8224214501,242.229262618397,571.115304968903,1394.26425121683,1438.70692260838,1643.36256807785,2296.61685817301,3947.74907101216,8529.44759630095,8872.84433220603,7437.39718929591
-19620.5490410595,-31897.295236389,-69142.7970088875,-79840.0437742281,-89016.1033952305,-1216.50974275362,-2024.31950429682,-4265.81479864255,-4860.6695798977,-5145.0046550133,0.00219084777174083,0.00153758316395969,-0.0391997488454092,-0.0959536489924417,-0.221332004473581,-1269.09990095654,-2286.5566398058,-5403.14004899877,-6243.19183403452,-7228.94664912768,52.573337848447,262.158536848674,1135.97594099965,1379.64774022703,2077.68415505356,-18404.0392983059,-29872.9757320922,-64876.9822102449,-74979.3741943303,-83871.098740217
-4000.7823364978,-5695.94682526341,-10248.3661546032,-12797.3748688741,-17954.217529637,-1228.98293274177,-1973.28924030959,-4140.87311330807,-4836.72650815108,-5270.84779725937,0.00543234645136448,0.0049851281759884,-0.0381672309423657,-0.102387992575576,-0.253646962367107,-1536.38083761293,-2776.56646424277,-6532.99977994322,-7488.85811267849,-8674.92690027897,307.382755085531,803.208173342257,2391.04202218707,2649.95130128297,3399.53492980544,-2771.79940375603,-3722.65758495382,-6107.49304129515,-7960.64836072305,-12683.3697323777
-2794.90151017133,-3768.25835156403,-4300.73483408212,-4482.25300659999,-5802.20921142801,-1392.36723814835,-2206.80609740979,-4338.9909028833,-4781.15614654565,-4921.1957338175,-0.000411557181974664,-0.00147345109359254,-0.0208784949484211,-0.0448957079983954,-0.0970885745136787,-1093.43822351503,-1854.65082575239,-4058.2616958839,-4548.14690805916,-4912.52052003689,-298.932647118588,-352.17330190248,-281.037344599335,-233.619810562202,-9.93067515242728,-1402.53427202298,-1561.45225415424,38.2560688011581,298.903139945643,-881.013477610541
-4548.31794308914,-6891.38685414477,-11239.8262419275,-11965.9569402374,-13270.3102773743,-1410.33327973411,-2269.21836396919,-4436.49235432897,-4840.22031923245,-4944.14956468086,-0.0111336880711346,-0.0186886202961093,-0.0529274005776306,-0.0745095736020218,-0.113405364762592,-1443.43038562349,-2472.61573935842,-5200.34850187069,-5674.93280909928,-5996.96949580546,33.0942708298267,203.381751388478,763.611114092928,834.298308266396,1052.11960533303,-3137.98466335503,-4622.16849017558,-6803.33388759851,-7125.73662100497,-8326.16071269347
-375.49762353611,1250.90166285057,8824.55141607492,9355.85330979573,6793.03202185547,-1405.59081395622,-2326.61290094791,-4873.95898185164,-5407.72229637554,-5498.20152077515,0.0029861417757126,0.00307514677461651,-0.0194984307700552,-0.0513290458348763,-0.117289505795062,-1444.990038364,-2533.08552126663,-5734.9503469816,-6384.74659150457,-6863.0721873592,39.3910400603661,206.433330627634,860.356515225918,975.807666485864,1362.5474840285,1030.09319042011,3577.51456379848,13698.5103979266,14763.5756061713,12291.2335426307
-10284.3778612909,-17415.3668735733,-39589.2009752907,-45179.7199984543,-49113.0045474975,-1242.32050524267,-2198.48873147295,-5165.5530707209,-5811.66342428654,-5935.04567804304,-0.00826153364028809,-0.013465630026895,-0.0530997948536789,-0.0957620031372883,-0.181584035733914,-1317.15268529056,-2367.13884411083,-5813.0699751899,-6629.14226490327,-7227.76347394061,74.8255698290991,168.615976413638,646.830857676696,816.013775769279,1289.62188789978,-9042.05735604826,-15216.8781421004,-34423.6479045698,-39368.0565741678,-43177.9588694545
-6607.92083906519,-9972.96552211562,-17464.4962986706,-18849.0359936999,-20119.319558196,-1408.99527077842,-2392.93291104994,-5097.01839224358,-5552.79987638021,-5666.07267965938,0.0164607545224084,0.0266898408615551,0.0418251447373574,0.0311770726526648,0.00149188305608838,-1436.12488993647,-2482.43005555465,-5423.96480995029,-5930.61182007664,-6241.6371620915,27.1276855325023,89.4863621673903,326.739989976528,377.414606617222,574.815121382191,-5198.92556828676,-7580.03261106568,-12367.477906427,-13296.2361173197,-14453.2468785366
-332.04850146322,925.780500934714,5083.71288116327,4123.1430741557,-42.7171943017165,-945.152009216553,-1614.51744536353,-3809.33665590401,-4498.96922692678,-4910.72378757602,-0.00453930666058,-0.0103256622010577,-0.0660691714319386,-0.119919805088337,-0.213995228170068,-1538.76872379973,-2792.21229303055,-6445.46875007368,-7317.73526226205,-8199.78222441315,593.605561662691,1177.64238273093,2635.41916672026,2817.54056013493,3286.76648313344,613.103507753333,2540.29794629824,8893.04953706729,8622.11230108247,4868.00659327424
1640.45772631188,4575.59532817493,12850.8898625229,12232.1710749776,7769.93807407527,-791.454437828685,-1177.38093925105,-2657.65526742563,-3290.69511810198,-3795.10506592342,0.000629301136279348,-0.00343129561706967,-0.054855572505474,-0.106591649956134,-0.205192245026334,-1306.06241791226,-2361.53811265366,-5274.19909735018,-5991.00650170669,-6860.55916441719,514.59635675396,1184.10941180048,2615.95822782526,2699.3471016516,3063.87764637677,2431.91216414057,5752.97626742598,15508.5451299486,15522.8661930797,11565.0431399988
-2402.04549006656,-3233.26645991715,-3746.37313734947,-3921.42995400308,-5599.91069167852,-1368.18892190495,-2359.2059069318,-5275.94222376544,-5863.69405474119,-5996.28091988037,-0.00636457753795905,-0.0109813761770085,-0.0407858847231091,-0.07027549651451,-0.134851876473251,-1393.7347838093,-2479.52110406542,-5782.24941094631,-6465.34792270393,-6987.68465693414,25.5423286499467,120.295181819884,505.935132528841,600.950353875647,990.01412797485,-1033.85656816161,-874.060552985353,1529.56908641598,1942.26410073813,396.370228201791
-1957.39278637398,-2426.55934831432,-2341.49014864933,-2624.44642730302,-4071.15447677259,-1131.45846583668,-1878.61528196193,-3971.68900626755,-4387.7174258564,-4484.62076371055,0.00934512817129923,0.0142960887888278,0.0136346317209228,-0.00493377263803918,-0.0515505625533539,-1109.811840215,-1931.36616133855,-4297.36579985994,-4774.24127022252,-5132.24947931652,-21.6506522450557,52.7305705215699,325.296669035786,385.726899034918,645.97457446008,-825.934320537301,-547.944066352389,1630.19885761822,1763.27099855337,413.466286937939
1012.65662436325,2018.88266321243,5145.16453464559,5093.63617881306,3110.99824125983,-1237.32933882044,-2097.76129571502,-4515.28800676538,-5047.62626640296,-5227.3509221912,0.0126118365087324,0.0199309284713868,0.0257309759119932,0.0032295707393919,-0.0618589513127308,-1499.03361676722,-2604.10270232873,-5953.42879468477,-6709.07070861388,-7231.51904799062,261.702008933085,506.328935670859,1437.88149943323,1660.91744348548,2003.04942838168,2249.98596318369,4116.64395892745,9660.45254141095,10141.262445216,8338.34916345106
-6562.00897613598,-9851.44683272806,-16711.0188687869,-18517.6146336357,-21362.6678667328,-893.585216535006,-1519.2526921056,-3286.61355198673,-3645.18321925597,-3748.50156444937,-0.0203794546155198,-0.0336469574829503,-0.085993341069774,-0.116715578713755,-0.169846826806216,-1338.14381206164,-2279.12076666671,-4994.85134817993,-5525.55392426475,-5906.73516061852,444.556216162726,759.856627950672,1708.0200816067,1879.92531380528,2157.31291910812,-5668.42375960098,-8332.19414062246,-13424.4053168002,-14872.4314143798,-17614.1663022835
-5712.74055504198,-8886.34747227571,-17172.8057132169,-19594.8833258904,-22605.0787834606,-1285.00454195458,-2089.97378499481,-4437.31795621566,-5071.04709993717,-5394.05840246507,0.0131200598832377,0.0191855641641796,0.00749217491331455,-0.0308610434908454,-0.116344785233183,-1445.55213292108,-2536.12476397167,-6014.01426606314,-6906.81781990223,-7623.71378175243,160.545215752154,446.137691283061,1576.41829120344,1835.18996809091,2228.12563994249,-4427.7360130874,-6796.3736872809,-12735.4877570013,-14523.8362259532,-17211.0203809955
-180.842441721985,317.439749983554,3014.31567212706,3492.28375400481,2440.06219938659,-974.58949632968,-1692.87813234025,-3764.08109570779,-4168.4631521394,-4272.78609306298,0.00343525624001412,0.00521393669230763,-0.00435146585451962,-0.0233041151293669,-0.0669425507613326,-1108.00532776636,-1973.03134424829,-4575.00499462059,-5111.532807343,-5528.49295571019,133.414177384079,280.144833359913,810.759561885385,942.730165249031,1254.95650085132,793.747054607696,2010.3178823238,6778.39676783486,7660.7469061442,6712.84829244961
-345.574320931348,-871.832825980302,-4065.65911621708,-5889.02843332838,-8540.22179168754,-1071.73281164566,-1769.28761466277,-3810.98034342616,-4249.65555887622,-4351.1158593501,0.0032897870694954,0.00418652901226735,-0.0180099060209962,-0.0518086924323296,-0.123153583481182,-1069.09496608353,-1902.83190980273,-4482.71461218924,-5025.72795690535,-5490.28558836031,-2.64353873633877,133.517890492374,671.309567395063,775.276477203963,1137.70783217068,726.158490714311,897.454788682473,-254.678772790896,-1639.37287445215,-4189.10593233746
-685.179291219665,-1461.35387362535,-3966.27708102134,-5404.41130975337,-8609.0685373405,-1353.52343006067,-2178.86373032195,-4166.80934392636,-4546.61075335,-4715.64719480622,0.00461925685870496,0.00523552362265745,-0.0214507393374332,-0.0601441435697065,-0.144524689805975,-1419.44025277968,-2475.17358046354,-5184.21914315659,-5665.62512911471,-6152.67699724922,65.9091295979911,296.276581366651,1016.94874034914,1118.17186585498,1435.47050930472,668.344138841006,717.509856696604,200.532262905021,-857.800556403381,-3893.42134253425
-2006.29896442097,-1952.0399065635,-1399.14121425957,-4131.78017751861,-11406.1984422904,-730.607656908758,-997.729954143875,-2429.84739233008,-3527.43600482879,-4785.58089927124,0.00607974245520859,0.0055901176140426,-0.0579734335296509,-0.139360770020478,-0.275644808327607,-1509.29771943667,-2787.02020248301,-7202.20648750437,-8637.06508851012,-10252.3032587114,778.677926198138,1789.23316533537,4771.49040371588,5108.1019798922,5463.87296390823,-1275.69130751222,-954.30995241962,1030.70617807051,-604.344172689831,-6620.61754301912
5396.78416047947,9276.68819625241,19633.5660250788,19741.5690277128,15535.7156329023,-858.07084493377,-1238.15412307295,-2627.78045661457,-3389.24393547713,-4126.25418337644,-0.0126207079362454,-0.0245520864371441,-0.113409876061581,-0.201392091536202,-0.361057680975243,-1484.0107822804,-2667.77293458,-6378.64465716657,-7375.77425904818,-8298.98493457602,625.927674787871,1429.56220923977,3749.97423109338,3984.8101469089,4169.04808092742,6254.85500541324,10514.8423193254,22261.3464816933,23130.8129631899,19661.9698162788
